Rank,TeamId,TeamName,LastSubmissionDate,Score,SubmissionCount,TeamMemberUserNames
1,16718819,Majkel1337,"2026-09-18 14:06:33",3207.7,2,majkel1337
2,16640510,SpaTaro,"2026-09-16 20:14:02",3120.6,2,tarosqrd2
3,16732748,DSM,"2026-09-18 16:47:26",3099.4,2,"denden12,masspeaks,shimishige"
4,16664246,"Sida Zuo","2026-09-15 22:42:16",3093.9,2,sidazuo
5,16732403,ymg_aq,"2026-09-17 13:21:29",3070.7,2,ymgpalaqs
6,16730524,"THIRD FARM CLUB","2026-09-18 16:06:16",3066.3,2,"bowwowforeach,mooegi,shunrcn,simann"
7,16817528,QQ,"2026-09-18 10:36:37",3038.3,2,william950615
8,16673205,"Arda Ceylan","2026-09-18 12:41:28",3030.8,2,ardacey
9,16760569,"Otter Vibe","2026-09-18 11:02:38",3024.8,2,gyuminsong
10,16685950,"Planned Economy","2026-09-17 00:10:44",3020.9,2,alturutin
11,16675778,"Orbital Terraformer","2026-09-15 22:56:40",3020.7,2,tubotubo
12,16671741,Excluding,"2026-09-18 05:56:05",3016.3,2,excluding
13,16730612,"Unknown Mother-Goose","2026-09-18 13:52:58",3011.7,2,linkinpony
14,16882725,Ebi,"2026-09-15 10:01:29",2984.4,2,ebinan92
15,16685556,binghua,"2026-09-17 15:39:53",2983.2,2,binghua123
16,16758882,mtmr_s1,"2026-09-18 12:58:21",2982.6,2,mtmrs1
17,16760701,"Yannik Schiffner","2026-09-18 18:39:37",2977.7,2,yannikschiffner
18,16739633,kwa,"2026-09-18 15:17:22",2967.7,2,ikaroskaggle
19,16767215,keiz,"2026-09-18 00:00:43",2951.0,2,keizkeiz
20,16805699,"feel the agi","2026-09-13 14:05:13",2949.0,2,nulldata
21,16622198,"THUNDER THUNDER","2026-09-18 14:58:42",2948.1,2,thunderthunder
22,16706222,"Xiangyu Liu","2026-09-15 09:31:18",2943.1,2,xiangyuliu007
23,16629972,"forever young","2026-09-18 18:00:20",2940.5,2,keisukeyokota0428
24,16732521,redblackbst,"2026-09-18 10:34:36",2936.8,2,redblackbst
25,16640467,Catalyst,"2026-09-18 09:07:27",2933.6,2,vibekaggler
26,16629685,mikelou1,"2026-09-18 02:00:56",2931.8,2,mikelou1
27,16693904,DeeperNet,"2026-09-16 12:52:21",2928.1,2,"deepernet,kkkggg,xblade"
28,16632021,istinetz,"2026-09-18 14:24:39",2925.9,2,istinetz
29,16622349,"Mengfei Li","2026-09-18 06:58:56",2923.5,2,meli19
30,16727266,Agricola,"2026-09-17 14:16:46",2917.9,2,ebisuya
31,16658349,lingxiaojun,"2026-09-14 06:10:06",2917.6,2,lingxiaojun
32,16640048,"extra eclaire","2026-09-18 02:55:40",2916.6,2,"aeniminu,extraeclaire"
33,16641710,yjshyfy,"2026-09-17 15:48:21",2915.9,2,yjshyfy
34,16811948,"xiao xiongwei","2026-09-18 13:45:07",2914.1,2,"huyang111,xiaoxiongwei"
35,16883168,jojo,"2026-09-18 02:16:40",2912.0,2,jojojablon
36,16865335,"Hire me! 🤗 [Viktor Cikojevic]","2026-09-16 13:41:48",2910.9,2,viktorcikojevic
37,16748173,pensukesan,"2026-09-18 10:17:19",2908.7,2,pensukesan
38,16637255,"leave you","2026-09-18 17:41:52",2902.8,2,superallen001
39,16644724,"Kaggriculture Agent","2026-09-18 13:03:13",2900.4,2,"jiweiliu,tonylica,yiheng"
40,16723379,local,"2026-09-18 05:49:30",2899.7,2,matteo123383iend
41,16857676,"Justin Yang","2026-09-18 06:02:06",2897.0,2,zake7749
42,16714457,"Crop Dustas","2026-09-14 17:07:02",2894.3,2,"peikopon,rishigottumukkala"
43,16630825,"Black Mamba Farm","2026-09-18 03:40:05",2892.7,2,"asherjyd,frankyhz,qizhiran,yukundu231100"
44,16706321,lumen,"2026-09-15 06:00:37",2892.6,2,lumenyuto
45,16891703,"Rasmus Hulthe","2026-09-18 04:02:30",2891.8,2,zazmuz
46,16670032,Kenjo1209,"2026-09-17 20:18:46",2890.6,2,kenjo1209
47,16793600,mogura2.0,"2026-09-18 15:19:54",2890.5,2,mogura20
48,16884858,HojunLee,"2026-09-17 20:14:31",2888.0,2,hojuna
49,16740419,IamDiganta.7,"2026-09-17 23:54:22",2886.2,2,iamdiganta7
50,16633341,Hak,"2026-09-17 23:39:34",2885.8,2,hakdevelopment
51,16697767,"Teddy Tennant","2026-09-18 12:46:35",2882.6,2,thtennant
52,16633100,"Emile Andrieu","2026-09-17 17:36:41",2880.2,2,emileandrieu
53,16756591,"Hamed Vakili","2026-09-17 22:43:26",2879.0,2,"hamedvakilit0,maryam7713"
54,16887437,EthanL67,"2026-09-18 14:34:15",2878.9,2,ethanl67
55,16690867,HowardLeeTW,"2026-09-13 08:07:14",2878.6,2,howardleetw
56,16623559,DECEM,"2026-09-18 12:09:06",2873.9,2,zy1343930734
57,16677337,"xi luo","2026-09-18 15:59:22",2872.5,2,xiluo00
58,16668783,Zyy7390,"2026-09-18 18:22:11",2870.6,2,"tigerrrrrr,zyy7390"
59,16632224,Roxy,"2026-09-17 11:01:25",2870.0,2,yamakawanin
60,16810595,dauriel,"2026-09-18 08:21:42",2870.0,2,dauriel
61,16675240,Leifson1337,"2026-09-18 04:55:48",2867.2,2,leifson1337
62,16890669,"Fuchun Wang","2026-09-18 14:42:40",2867.2,2,wangfuchunag
63,16773244,"Yudai Ueno","2026-09-18 07:29:02",2865.6,2,yudaiueno
64,16744979,"Ahmed Alhassan","2026-09-13 21:51:58",2865.1,2,ahmed55
65,16891396,易思言ysy,"2026-09-17 15:02:45",2864.8,2,ysykevin
66,16623697,yuto083,"2026-09-18 13:43:43",2863.5,2,yuto0712
67,16751828,地主,"2026-09-18 17:31:57",2862.1,2,toseihatori
68,16753567,wangkxu,"2026-09-18 14:50:12",2861.4,2,davics
69,16891058,Navier-stokes,"2026-09-18 10:48:05",2861.1,2,"nguyenkhanhvu,nhtlongcs"
70,16732051,Jeryos,"2026-09-18 14:28:10",2860.0,2,joulskaf
71,16863383,HanFish,"2026-09-18 18:37:07",2859.4,2,hananfish
72,16671515,ziheng,"2026-09-18 05:37:46",2859.1,2,zihengedie
73,16867799,"Chris Deotte","2026-09-18 15:03:09",2857.5,2,cdeotte
74,16719123,"Thomas Tschinkel","2026-09-18 15:12:02",2857.5,2,thomastschinkel
75,16884121,Radiant,"2026-09-18 02:10:57",2857.2,2,"dnpkkk,xxxxxx6x"
76,16635108,"cabbage corp","2026-09-18 13:45:56",2854.7,2,"kagglercs,phoenix0501"
77,16845367,kyy666,"2026-09-18 12:40:22",2853.6,2,"kyy666,robertmcwang"
78,16760241,"Collin Christensen","2026-09-18 18:36:46",2852.6,2,cchristens
79,16860784,xxxx0314,"2026-09-18 12:28:38",2851.4,2,"kirklandsan,xxxx0314,yunfeiyang223"
80,16803103,hugghngkai,"2026-09-18 19:13:44",2851.1,2,hugghngkai
81,16725899,Zhenghongshuang,"2026-09-16 04:55:58",2850.3,2,zhenghongshuang
82,16726915,"인공저능연구소( Artificial Idiocy Lab )","2026-09-18 12:44:02",2849.1,2,megayak
83,16669935,"Roman Svet","2026-09-18 17:04:35",2848.3,2,romansvet
84,16623463,porply,"2026-09-18 03:52:27",2848.0,2,porply
85,16719758,pangzi233,"2026-09-18 10:31:17",2847.9,1,pangzi233
86,16684093,"fog flower","2026-09-17 00:09:47",2847.1,2,fogflower
87,16910633,Shawn404,"2026-09-17 23:17:15",2846.3,2,shawn404
88,16727171,yfy,"2026-09-18 11:54:04",2845.5,2,qwidndbdjss
89,16644229,"Amy Yuan","2026-09-18 00:03:36",2844.9,2,cozytato
90,16747273,红烧肉,"2026-09-18 09:24:59",2843.2,2,ra1nac1d
91,16915651,"agi here, asi soon","2026-09-18 13:31:24",2842.3,2,c0ldzy
92,16732496,kanno,"2026-09-18 13:52:15",2840.6,2,kannomasaki
93,16709435,"Artyom Lyan","2026-09-18 14:52:51",2839.6,2,arli2016
94,16735539,"Joe Muller","2026-09-18 10:45:47",2839.2,2,joemuller
95,16732552,RyutoKeshi,"2026-09-18 15:59:55",2838.9,2,ryutokeshi
96,16727404,Yichi,"2026-09-18 07:40:25",2838.5,2,yichi02
97,16908425,"Tagir Eminov","2026-09-18 17:56:04",2837.9,2,tagireminov
98,16892313,zszdl0530,"2026-09-18 03:58:11",2837.3,2,zszdl0530
99,16629033,"Igor V","2026-09-17 21:44:33",2837.3,2,rostigor
100,16665237,"Ad Space Available","2026-09-17 06:33:47",2836.4,2,"rainchen0411,richardsilence,tongyuexiao"
101,16759037,Yuyannnn,"2026-09-18 06:10:04",2833.8,2,yuyannnn
102,16778946,yuki0731,"2026-09-18 01:51:44",2833.6,2,yuki0731
103,16739925,nofreewill42,"2026-09-18 08:51:20",2832.7,2,nofreewill
104,16653982,"Arul Prasad S P","2026-09-18 15:20:06",2832.5,2,arulprasadsp
105,16734551,"junseok lee","2026-09-18 00:27:09",2830.3,2,jaslee2
106,16899084,"Asan Ashirov","2026-09-18 01:29:20",2829.9,2,asanashirov
107,16762319,"Shiji Zheng","2026-09-18 06:19:52",2829.6,2,zhengshiji
108,16656496,"Vaibhav Gupta","2026-09-18 17:48:40",2829.5,2,vaihero
109,16796682,LK30,"2026-09-16 22:10:34",2829.3,2,louisklasing
110,16759402,Capitaalgain,"2026-09-18 17:26:23",2829.3,2,capitaalgain
111,16743528,shfyyds12138,"2026-09-18 09:03:28",2827.6,2,junwenzhu1314
112,16666442,"SHALWIN SANJU","2026-09-18 15:20:20",2823.7,2,shalwinsanju
113,16757727,"Sohshi Nakamura","2026-09-18 09:43:39",2821.9,2,sohshinakamura
114,16817750,"Baiqing Wang","2026-09-18 08:46:19",2821.1,2,wangbqbqbq
115,16762302,OxFFFs,"2026-09-18 16:56:44",2819.8,2,oxfffs
116,16621799,"Artem The Farmer 🍅","2026-09-18 11:51:11",2819.2,2,veshkinartem
117,16683936,Cyrus,"2026-09-18 13:45:03",2819.0,2,jamalsaeedi
118,16665331,winstonton,"2026-09-18 09:31:02",2818.6,2,winstonton
119,16909118,loxigicck,"2026-09-18 07:36:17",2818.2,2,loxigicck
120,16775350,"Sourabh Nirwanevht","2026-09-18 16:55:43",2818.0,2,"sourabhnirwanevht,yanggod"
121,16867213,한밭대학교컴퓨터공학과정우민,"2026-09-18 19:16:47",2817.4,2,woominyo
122,16756510,tongmian1314,"2026-09-18 08:57:13",2817.2,2,tongmian1314
123,16731803,JYShane,"2026-09-18 15:58:35",2816.6,2,jyshane
124,16914744,哈基米南北路多,"2026-09-18 09:30:53",2816.3,2,"freakrk,liushunyao,perrinslutman,sayu1u"
125,16661050,Master_S1ave,"2026-09-18 10:00:27",2815.8,2,masters1ave
126,16666434,"JOSHNA ACSHA S 21CS","2026-09-18 15:20:14",2815.5,2,joshnaacshas21cs
127,16764394,haseryooooo,"2026-09-18 06:47:32",2814.5,2,haseryooooo
128,16661743,"Sergey Kutepov","2026-09-18 00:10:02",2813.8,2,natsyst
129,16839530,"que la cuenten como quieran","2026-09-17 09:30:29",2813.6,2,germanjurado1
130,16896998,YehHua001,"2026-09-18 05:33:02",2812.8,2,yehhua001
131,16756891,T.Uehira,"2026-09-18 12:01:13",2812.3,2,tuehira
132,16661646,"Sergey Shcherbakov","2026-09-17 22:56:22",2812.2,2,sergey140146659
133,16907326,"julien gaza","2026-09-18 14:03:06",2810.6,2,juliengaza
134,16921161,"earl naranja","2026-09-18 14:29:46",2810.4,1,earlnaranja
135,16668370,"Matthew Labrador","2026-09-17 14:07:15",2810.0,2,m4tyuuu
136,16898090,"Zbigniew Kirchner","2026-09-18 15:37:16",2809.9,2,zbigniewkirchner
137,16772391,"Jinhan Gao","2026-09-18 18:01:52",2809.9,2,jinhangao
138,16660251,Yagawa,"2026-09-18 12:47:57",2808.9,2,yagawa
139,16795062,"Satoshi Nguyen","2026-09-18 13:58:59",2808.3,2,satoshinguyenai
140,16671163,"Suyash Verma","2026-09-17 23:30:24",2808.1,2,suyashdiamond1
141,16755911,"Paarth Patel","2026-09-18 06:38:20",2808.1,2,martis10
142,16911021,spark328,"2026-09-18 05:19:59",2807.8,2,spark328
143,16777134,Tom&Jerry,"2026-09-18 14:03:51",2807.4,2,tomjerry101
144,16653303,open5,"2026-09-18 12:17:44",2806.2,2,"chen2yoimiya,huaidezhang,hyt1nn,wahuwahuwahu,zrurfa"
145,16688896,"JianYuan Deng","2026-09-17 19:18:52",2805.6,2,jianyuandeng
146,16697089,"aghbalou Anass","2026-09-18 11:46:40",2805.0,2,aghbalouanass
147,16676904,researchstudio.site,"2026-09-16 16:00:08",2804.9,2,fistyee
148,16918063,"Dante Lok","2026-09-18 04:31:24",2804.9,2,dantelok
149,16867734,SH11235,"2026-09-18 18:54:05",2804.6,2,sh11235
150,16746395,Levin,"2026-09-18 08:48:51",2804.6,2,"sophiexs,zhengliwen"
151,16736874,mhiro2,"2026-09-18 03:46:40",2804.3,2,mhiro2
152,16865424,lost,"2026-09-18 09:20:03",2803.9,2,fluorescencexe
153,16716263,"Ugnė Miklovaitė","2026-09-17 07:04:58",2802.0,2,ugnmiklovait
154,16655129,"Morylov Yehor","2026-09-18 07:23:17",2801.8,2,morylov
155,16748382,shiiin9,"2026-09-18 06:26:41",2801.0,2,shiiin9
156,16653044,"Claudex - An","2026-09-18 09:35:31",2800.3,2,"binhdth,buphmquc,hainguyenthien,pntan17"
157,16736427,KouFu,"2026-09-18 02:48:07",2800.0,2,kouheif
158,16659555,"Joseph Adamski","2026-09-18 10:48:53",2799.2,2,josephadamski91
159,16716566,"Junliang Ye","2026-09-18 08:39:41",2796.7,2,junliangye
160,16635663,"Pascal Pfeiffer","2026-09-18 08:13:27",2795.6,2,ilu000
161,16676885,"Riva Kajangu","2026-09-18 13:50:39",2794.7,2,rivakajangu
162,16752250,"Takahiro Katsumata (tkatsuma)","2026-09-18 14:32:40",2792.5,2,alextfkd
163,16917382,"Anand Singh","2026-09-18 18:36:48",2792.4,2,anandsingh8687
164,16700634,"Alperen Söylen","2026-09-18 11:02:17",2792.3,2,alperensylen
165,16731275,carbonapi,"2026-09-18 02:08:05",2791.9,2,nonempty
166,16659295,snaykey,"2026-09-18 08:49:41",2791.5,2,snaykey
167,16656452,Ng,"2026-09-18 04:09:25",2791.2,2,nguyenchicuong
168,16737944,ToastUz,"2026-09-18 10:22:13",2791.1,2,tatsuzoosawa
169,16623459,"Peng Wang","2026-09-18 02:19:20",2790.8,2,pengwang91
170,16663632,Seho.Connect,"2026-09-18 15:29:42",2790.8,2,sehoconnect
171,16633178,"Cow Boy","2026-09-18 14:05:08",2790.7,2,shanzhong8
172,16831965,"Ray Roberts","2026-09-18 14:17:20",2789.9,2,rayroberts
173,16622319,"Roman Tamrazov 52","2026-09-18 09:42:10",2788.4,2,romantamrazov
174,16711752,"Atakan Aldemir","2026-09-18 14:52:32",2787.9,2,atakanaldemir
175,16912988,"Roy Zhu","2026-09-18 09:19:05",2787.8,2,roy0zhu0
176,16657877,zigiella,"2026-09-18 10:23:48",2786.9,2,zigiella
177,16762208,CrazyML,"2026-09-18 06:06:54",2786.5,2,"janhvikhattri,sorcererbi,vedanshipathak"
178,16730761,ElephtAI,"2026-09-18 02:14:15",2785.7,2,yuchengj
179,16870033,"wbcrypto abrams","2026-09-18 11:15:19",2785.7,2,wbcryptoabrams
180,16773026,アルモンド,"2026-09-18 11:24:31",2784.7,2,almondman0707
181,16854869,Ibar-Aki,"2026-09-18 16:22:23",2782.5,2,akicolor
182,16790432,"Field General","2026-09-18 16:06:55",2781.7,2,kevinarvai
183,16762289,NineThree,"2026-09-18 15:19:28",2781.6,2,xiaoazuzong
184,16667774,"Ziad EL ARARI","2026-09-18 14:37:00",2781.2,2,ziadelarari
185,16862183,Smackaveli,"2026-09-18 03:06:52",2780.6,2,spoutop
186,16637031,"and more","2026-09-18 02:05:55",2778.6,2,kym2022
187,16624484,"Tomoki Hirose","2026-09-18 04:36:54",2778.5,2,tomokihirose
188,16762248,KongKongDe,"2026-09-18 02:49:54",2777.0,2,kongkongde
189,16639155,"Arturo Gutiérrez Aguilar","2026-09-18 02:39:11",2776.8,2,jarturo
190,16892357,easygame,"2026-09-18 03:06:40",2775.7,2,"kangqinyao,xinjunc"
191,16816196,"Bianco Chiu","2026-09-18 02:08:39",2773.1,2,biancochiu
192,16848956,hkassimi,"2026-09-18 17:25:43",2773.0,2,hkassimi
193,16748511,HarshPandey-yt-auto,"2026-09-18 03:40:50",2772.1,2,harshpandeyytauto
194,16654710,"Ray Brothers","2026-09-18 19:10:24",2772.0,2,"madhurjyaray,vibekodr"
195,16768104,"Ivan Aleksandrov","2026-09-18 11:03:58",2770.6,2,ivanblch
196,16814417,"Jane Street Farmers","2026-09-18 16:50:27",2770.6,2,"akamasterpiece,gianghiango,paramizodicrominique,phnhnnguyn,sebastiancooper116"
197,16743836,"Auto Fermers","2026-09-18 16:57:00",2768.9,2,"artemboltaev,dmitriigluzdov"
198,16645426,Jun_value,"2026-09-18 14:58:36",2768.6,2,junvalue
199,16786517,"Kagdew Valley_HeNU","2026-09-18 02:57:42",2767.7,2,"hongtongyi,hoshiiabc,lizhe125,ypeng1234"
200,16843315,Talvenn,"2026-09-18 07:19:09",2767.0,2,talvenn
201,16892682,"Yasuhiro Manai","2026-09-18 03:05:11",2766.8,2,yasu01
202,16693534,HireMe,"2026-09-18 16:43:15",2766.7,2,junta1104
203,16695283,"Mark Baushenko","2026-09-18 09:42:32",2766.6,2,e0xextazy
204,16662883,OceanMix,"2026-09-18 16:46:06",2765.7,2,"cggonzalezsc,fierus,liesvyvalladares"
205,16639871,"Aura Farming","2026-09-17 06:29:07",2765.1,2,gauthieravite
206,16813899,blueshine,"2026-09-18 10:36:06",2765.1,2,minagawateru
207,16743639,Hanserong,"2026-09-18 06:20:56",2764.8,2,"ronghedragon,rufus666"
208,16805370,"Gaiar Baimuratov","2026-09-18 17:29:09",2764.6,2,baimuratov
209,16918430,"Huifeng Li","2026-09-18 09:28:38",2764.0,2,stevenli1
210,16781445,"𝕯𝖊𝖔𝖉𝖎𝖒𝖘 & 𝕮𝖔","2026-09-16 12:45:18",2763.7,2,odimdavidchukwuemeka
211,16795448,ultimatum_game,"2026-09-16 12:21:31",2763.2,2,"ultimatumgame,walrushero"
212,16806141,rode1234,"2026-09-18 11:23:01",2762.9,2,rode1234
213,16904732,Weifenhuan,"2026-09-18 05:22:51",2762.6,2,schwa6
214,16913591,fly,"2026-09-18 07:06:04",2762.2,2,"linjingmax,rong414,w1ll1am10,yuhanleo"
215,16804863,JezzLynn,"2026-09-18 18:23:12",2761.3,2,"fresnellll,jezzlin,zemengzero"
216,16756764,"Alperen Aydın","2026-09-18 12:52:19",2759.7,2,alperen5252525
217,16839986,"XIAO MA","2026-09-18 10:02:37",2759.2,2,linusm020311
218,16847609,"Aura Farmers","2026-09-18 16:56:22",2758.7,2,"adriana0022,ayrnpn,shengkaizhu"
219,16762735,"Zenith Ye","2026-09-18 11:44:31",2758.0,2,zenithye
220,16623458,datnt114,"2026-09-18 17:53:02",2758.0,2,kingkong153
221,16707467,kay.liechtenstein,"2026-09-18 11:02:45",2758.0,2,kayliechtenstein
222,16732578,nao.kwmr,"2026-09-18 14:35:59",2757.5,2,naokwmr
223,16637546,Forrest,"2026-09-18 02:21:46",2757.5,2,yinxiaogang
224,16763761,mkai1981,"2026-09-18 11:09:15",2756.5,2,mkai1981
225,16633790,curiosity,"2026-09-18 17:49:42",2756.1,2,chmffwn1
226,16766128,"Oleksandr Parfionov","2026-09-18 07:55:37",2755.9,2,parfyon
227,16687159,Max64738CB,"2026-09-18 16:08:36",2755.2,2,max64738cb
228,16741639,kirito83,"2026-09-18 13:25:27",2754.4,2,lishsh83
229,16850509,LS,"2026-09-18 10:43:31",2753.7,2,shannanl
230,16667604,L7n,"2026-09-17 08:29:55",2752.2,2,znwe342
231,16641524,AkiraIshikawa,"2026-09-18 11:23:24",2752.1,2,akiraishikawa
232,16668761,"Lorenzo Regalado","2026-09-18 11:09:06",2750.3,2,lregaladohdez
233,16663603,xsong2020,"2026-09-18 16:24:25",2749.3,2,xstargate
234,16637987,Xander,"2026-09-18 00:13:52",2749.2,2,"badboiriri,canqiang,xiuyang88"
235,16761593,Azathoth,"2026-09-18 15:51:57",2748.9,2,stsaasts
236,16838538,"rz cao","2026-09-18 11:08:23",2748.7,2,caoruizhe
237,16918941,"E-Max AI","2026-09-18 17:43:56",2748.6,2,royalacecat
238,16832316,"Tatu Helander","2026-09-18 10:22:37",2746.8,2,tatuhelander
239,16806328,"Takamichi Toda","2026-09-18 16:36:45",2745.4,2,takamichitoda
240,16806346,"Mike chen666","2026-09-18 00:45:40",2744.7,2,"mikechen666,tiffanyjade"
241,16625220,thisray,"2026-09-18 08:10:10",2744.4,2,thisray
242,16631460,Kosuke.T,"2026-09-18 12:13:28",2744.3,2,kosuke1992
243,16920189,"Son Hoang","2026-09-18 15:05:03",2744.3,2,sonhoang82
244,16636536,tetsu2131,"2026-09-18 15:47:37",2744.1,2,tetsutani
245,16825002,RAVEN,"2026-09-18 02:34:47",2744.0,2,silverlxt
246,16651332,"Le Viet","2026-09-17 09:29:34",2743.6,2,sleepyssr
247,16811799,"Yuanchen Huang","2026-09-18 11:07:53",2743.4,2,geokocha
248,16671738,Exposed,"2026-09-18 09:18:10",2743.1,2,erickeller2
249,16759632,"Rifqi Haikal","2026-09-18 11:08:35",2742.9,2,rifqihaikal
250,16659412,yesterdays_rebel,"2026-09-18 09:42:59",2742.6,2,irfanparaniya
251,16761693,nhatvo,"2026-09-18 02:25:01",2741.2,2,nhatvo
252,16682494,Phi,"2026-09-17 03:41:32",2738.7,2,ajinomoto132
253,16859815,alcanta,"2026-09-18 16:12:04",2738.3,2,ccotiuga
254,16654783,quantara.cv,"2026-09-17 06:05:54",2738.2,2,goth55
255,16632245,u,"2026-09-18 12:22:46",2737.0,2,"apostoloskontarinis,curbotron13,halzweiman,josephmcgonaglebrown,shreyanshpoddar"
256,16811307,elmo,"2026-09-14 15:55:03",2736.4,2,mktakizawa
257,16771200,DeeSaa,"2026-09-18 11:19:16",2736.3,2,deesaa
258,16746275,LittleScottyy,"2026-09-18 06:14:33",2734.6,2,fongwaiyong
259,16633340,"Tim Zagrebelny","2026-09-18 12:56:30",2734.6,2,timzagrebelny
260,16630545,"GAURAV PARKHEDKAR","2026-09-18 15:48:26",2734.6,2,gauravparkhedkar
261,16889691,"Yango Mango","2026-09-18 00:45:28",2734.1,2,yangbai2026
262,16741965,Ryuichi,"2026-09-16 08:50:49",2732.1,2,ryuichigt
263,16685358,"Nuno Ferreira","2026-09-18 12:53:07",2731.7,2,ngcferreira
264,16731966,ねねね,"2026-09-18 02:07:08",2731.2,2,napier1550
265,16810275,Adam,"2026-09-18 16:57:40",2731.1,2,potonglantie93
266,16904371,Makhmudov_1602,"2026-09-18 17:01:30",2731.1,2,makhmudov1602
267,16867671,Abhinav0370,"2026-09-18 10:35:15",2730.2,2,abhinav0370
268,16847812,"Superman king","2026-09-18 17:31:10",2729.7,2,supermanking
269,16701768,darasty,"2026-09-18 16:26:07",2728.0,2,darasty
270,16765135,neuro168,"2026-09-18 05:53:52",2726.6,2,lordmc
271,16706395,"Kunal Desale","2026-09-18 04:08:03",2725.9,2,kunaldesale2408
272,16853805,yefenfei,"2026-09-18 12:10:25",2725.3,2,yefenfei
273,16727998,hidsaito,"2026-09-18 05:58:37",2723.1,2,hidsaito
274,16632294,"Rajan Nagarajan","2026-09-18 15:56:30",2722.1,2,narajan
275,16884467,jiangnanxn,"2026-09-18 11:32:20",2721.9,2,jiangnanxn
276,16661118,"Sirui Zeng","2026-09-18 15:43:20",2721.1,2,siruizeng
277,16701051,"Komi ShouKo","2026-09-18 02:32:51",2721.0,2,asdwswdxd
278,16897519,SShota-box,"2026-09-18 05:12:20",2720.3,2,sshotabox
279,16691038,"animal crossing","2026-09-17 23:46:28",2719.6,2,hoonchoonc
280,16634426,ertu,"2026-09-18 13:08:20",2719.6,2,ozertuu
281,16870342,"CHEN Xiang","2026-09-18 18:39:11",2719.3,2,intoxicatinglips
282,16746010,"Khoi Tuan Nguyen","2026-09-18 04:35:44",2718.9,2,khoingt
283,16658946,theredbluepill,"2026-09-18 04:47:57",2718.9,2,poonszesen
284,16674949,"Lev Neganov","2026-09-18 16:45:22",2718.9,2,levoel
285,16640388,SANNNNN,"2026-09-18 08:08:31",2718.4,2,zuhairsan
286,16634704,"Maham Haroon","2026-09-18 00:47:59",2717.6,2,mahamhc
287,16774701,@Suzumaru_1666,"2026-09-18 09:03:46",2717.2,2,suzumaru1666
288,16672251,"Kavinkumar M","2026-09-18 04:40:02",2717.0,2,kavinkumarrkm
289,16624919,"Juste Me (●'◡'●)","2026-09-18 05:27:30",2716.4,2,degnonguidi
290,16632783,chocolat,"2026-09-18 15:33:21",2716.4,2,chocolatnya999
291,16898271,TheEvilpiggie,"2026-09-17 00:52:51",2715.2,2,theevilpiggie
292,16665809,"Saravanan Jaichandaran","2026-09-18 16:43:42",2715.1,2,saranchandar
293,16846856,BladeRunner,"2026-09-18 09:17:31",2715.0,2,bladerunner2022
294,16697891,KuziJA,"2026-09-18 12:26:55",2714.9,2,kuzija
295,16675671,Marlubie,"2026-09-18 13:27:13",2714.7,2,kchuang
296,16669926,Jince,"2026-09-18 13:31:19",2714.5,2,jincesaju
297,16730946,"Bohann Wang","2026-09-18 03:49:44",2713.8,2,bohannnwang
298,16723620,3정훈,"2026-09-18 18:36:00",2713.6,2,az05192000gmailcom
299,16776793,"Guilherme Raiuga","2026-09-18 10:13:53",2713.3,2,guilhermeraiuga
300,16789990,SA,"2026-09-18 00:50:59",2713.2,2,soheiarisaka
301,16786102,"Anay Garodia","2026-09-18 15:35:51",2712.9,2,anaygarodia
302,16661708,"Stanley Honkpehedji","2026-09-18 18:41:13",2712.7,2,stanleyhonkpehedji
303,16809332,"ansheng jhang","2026-09-18 05:27:49",2712.4,2,anshengjhang
304,16841663,"Ryosei Hara","2026-09-18 12:43:55",2712.1,2,ryhara
305,16811920,"MINGXI LIU","2026-09-18 04:59:30",2711.4,2,wang5630900
306,16653385,"Vasilii Buzmakov","2026-09-18 15:51:31",2711.4,2,vasiliibuzmakov
307,16769836,weense,"2026-09-18 02:29:10",2711.4,2,weense
308,16632599,Shadowell888,"2026-09-18 12:20:49",2710.7,2,shadowell888
309,16897094,Ryota-Di,"2026-09-18 13:07:31",2710.5,2,ryota6230
310,16725856,"Abhi Datta","2026-09-18 04:04:08",2710.0,2,abhidatta87
311,16654158,Hack2Publish,"2026-09-18 14:03:15",2708.8,2,"esfersami50,foysalemonshanto,hosen42,rokaiyasomapti"
312,16642036,enddl22,"2026-09-18 04:03:45",2708.5,2,enddl22
313,16777767,"Miyanogawa Yuya","2026-09-18 01:38:53",2708.2,2,veritalogos
314,16740405,by,"2026-09-18 07:59:45",2707.8,2,ibyyue
315,16859757,"Nathan Jacob","2026-09-18 12:45:01",2707.7,2,nathanjacob
316,16796370,MioValentine,"2026-09-18 07:15:00",2707.4,2,yuyizhu
317,16763505,"Sai Reddy Pothireddy","2026-09-18 04:30:08",2707.1,2,saireddypothireddy
318,16885261,sdy623,"2026-09-17 10:17:37",2707.0,2,jaxa623
319,16859963,林溪,"2026-09-18 06:02:14",2706.1,2,linxii012
320,16808111,"Oliver #2","2026-09-18 05:18:10",2705.9,2,wangzn0410
321,16632097,PavelLiashkov,"2026-09-18 00:51:04",2705.9,2,bigbag1983
322,16667880,DOPEなNOUFU耕すHOPE👨‍🌾,"2026-09-18 07:14:12",2705.8,2,"shin9915,syamoji141chan"
323,16758381,"Yang Kuang Ou","2026-09-18 13:08:44",2705.5,2,yangkuangou
324,16778707,momohuhu_kkkkkarrot,"2026-09-18 00:40:45",2705.0,2,kjy666
325,16730065,Blu3s,"2026-09-18 12:09:00",2704.6,2,"atteincueo,ausrine"
326,16733851,tangaii,"2026-09-18 08:42:32",2704.5,2,tangai1
327,16866579,"Fighting Gold","2026-09-18 02:12:12",2704.4,2,sawada
328,16858087,"Mohd Aasim Ansari","2026-09-18 10:24:32",2704.0,2,aasim2003
329,16683529,"Yanis Belami","2026-09-18 10:29:09",2703.4,2,yanisbelami
330,16847222,charmq,"2026-09-18 07:30:26",2702.9,2,charmq
331,16739018,"Zhou Songyu","2026-09-18 05:52:48",2702.6,2,zhousongyu
332,16839580,"Søren Ravn Andersen","2026-09-16 13:57:31",2702.6,2,sorenravn
333,16783721,lc今天刷了吗,"2026-09-18 15:30:42",2702.5,2,"alkaidchen,limufeng"
334,16848063,"Yuan Weijun","2026-09-18 01:13:47",2702.2,2,yuanweijun
335,16896774,EPHEMORIA,"2026-09-18 05:29:54",2702.0,2,ephemoria
336,16698136,"David Estevez","2026-09-18 15:20:18",2702.0,2,destbreso
337,16730076,SJY321,"2026-09-18 10:44:38",2701.2,2,sjy321
338,16806000,wyz0210,"2026-09-18 10:27:43",2700.9,2,weiyouzhen
339,16784608,shawenher,"2026-09-17 15:18:06",2700.2,2,shawenher
340,16790660,suk1yak1,"2026-09-18 14:01:05",2700.0,2,suk1yak1
341,16751603,xxxzzz123312123321,"2026-09-18 02:31:01",2699.8,2,xxxzzz123312123321
342,16894950,csly666,"2026-09-18 16:38:49",2699.3,2,csly666
343,16643693,"Kerem çelik","2026-09-18 16:38:51",2698.9,2,keremelik
344,16883863,qhapaq49,"2026-09-18 08:26:07",2698.6,2,qhapaq49
345,16741113,kaitle,"2026-09-18 09:32:57",2698.0,2,kaitle
346,16626191,"kevin park","2026-09-18 15:51:51",2697.8,2,k3v1npark
347,16916611,"Taha Hassan","2026-09-18 15:13:25",2697.7,2,syedtahahassan
348,16742369,"Ömer Faruk Yüce","2026-09-18 08:08:06",2697.7,2,merfarukyce
349,16802322,HongchenDai,"2026-09-18 06:26:41",2697.4,2,hongchendai
350,16665829,Shadowfishes,"2026-09-17 22:56:57",2697.3,2,"boandme,ronitagarwal1,shauryasahdev2"
351,16731678,ShadowT_T,"2026-09-18 10:14:45",2697.2,2,shadowtt
352,16751358,Cristiano,"2026-09-18 03:24:20",2697.0,2,zhuangbility
353,16651695,"Abnormal Guys","2026-09-18 11:19:33",2696.4,2,"gwey1025,koushikrudra"
354,16709930,llRX,"2026-09-18 07:45:35",2696.0,2,"bankkobe,leojeel,ruikaihong"
355,16743033,Nagahama,"2026-09-18 08:09:02",2695.7,2,kazukinagahama
356,16656011,"Jiashun Tan","2026-09-18 01:51:18",2695.4,2,jiashuntan
357,16633944,Toru59er,"2026-09-18 04:29:47",2694.7,2,toru59er
358,16633173,"Saulo Quiñones Góngora","2026-09-18 03:26:08",2693.2,2,sauloquionesgngora
359,16682885,风沙星辰,"2026-09-18 14:53:58",2693.1,2,"duoliya,linyeping,sereinovov,wangying2026"
360,16626732,islet,"2026-09-18 11:13:13",2692.9,2,kojimar
361,16885561,goodpjw2008,"2026-09-18 08:26:11",2692.8,2,goodpjw2008
362,16852141,"Zhou Hengyu","2026-09-18 14:59:37",2692.8,2,zhouhengyuu
363,16806219,"Yiwei Pu","2026-09-18 04:11:50",2692.7,2,"lvyihan1210,raven20010261,yiweipu"
364,16877834,playboicarti,"2026-09-18 16:51:24",2692.6,2,playb0icarti
365,16727110,yemaoye,"2026-09-18 07:57:52",2692.3,2,yemaoye
366,16891283,tofu1002,"2026-09-18 12:04:19",2692.1,2,tofu1002
367,16688732,"sAIzeria Harness","2026-09-16 00:18:19",2692.1,2,"gnux1408,tanakaai24"
368,16622376,fmind,"2026-09-18 10:59:40",2690.7,2,freaxmind
369,16796238,"Zhongyi Dai","2026-09-18 06:03:19",2690.3,2,zhongyidai
370,16792109,rogerrogerroger3r,"2026-09-18 10:06:52",2690.3,2,rogerrogerroger3r
371,16731415,BOB,"2026-09-18 17:58:02",2690.1,2,hotpotbro
372,16890118,chiikavyshy,"2026-09-18 07:41:28",2689.9,2,"marynaborovska,yuriygreben"
373,16734580,shyjin,"2026-09-18 15:19:26",2689.9,2,shyjin
374,16750779,"Mao Nishino (mao1756)","2026-09-17 21:14:28",2689.6,2,maonishinomao1756
375,16865021,"haoming yang","2026-09-18 16:52:25",2689.2,2,yyhm666
376,16876126,1fan\,"2026-09-18 17:22:41",2689.2,2,wurrfv
377,16655478,Bruce,"2026-09-18 09:36:59",2688.9,2,bruceqdu
378,16681369,GanadorPlusUltra,"2026-09-18 00:51:59",2688.8,2,ganadorplusultra
379,16655519,CurveCowboy,"2026-09-18 09:44:12",2688.7,2,curvecowboy
380,16728071,AI是我的豆包,"2026-09-18 16:07:45",2687.9,2,"blht2026,wocenmma"
381,16710459,Nironiro,"2026-09-18 10:55:44",2687.3,2,nironiro
382,16622330,"hiroshi murakami","2026-09-18 18:21:20",2687.2,2,zabojeb
383,16661665,"Leonardo Viola10","2026-09-18 16:04:03",2687.1,2,leonardoviola10
384,16838914,kikikukikii,"2026-09-18 04:33:53",2686.8,2,kikikukikii
385,16715235,l1aF,"2026-09-18 12:16:12",2686.0,2,hhhoang
386,16660215,"YoungDSML [dsml.kz]","2026-09-18 06:54:08",2685.9,2,"mazgas,nurikw3"
387,16887476,"Memory Engineer","2026-09-18 04:11:47",2685.8,2,salazarslytherin
388,16865317,"sunil kumar","2026-09-18 03:59:55",2685.5,2,sunil123kumar
389,16781166,Ant,"2026-09-18 17:14:59",2685.4,2,anthonytrevino
390,16851474,"HY ISHI","2026-09-18 05:38:31",2684.7,2,hyugaishioka
391,16712560,"Max vrstpan1","2026-09-18 05:59:05",2684.6,2,wdjy123456
392,16666805,Kaggs,"2026-09-18 07:58:25",2684.5,2,ayush21042004
393,16717114,uninhibited-scholar,"2026-09-18 01:51:12",2684.4,2,uninhibitedscholar
394,16917982,"Haitao56 ","2026-09-18 08:24:39",2684.2,1,haotao56
395,16811868,luyinn,"2026-09-18 05:29:39",2683.8,2,luyinn
396,16693557,"Ifeoluwa Adewumi","2026-09-18 05:06:32",2682.2,2,ifeadewumi
397,16635209,4eta,"2026-09-18 15:33:56",2682.2,2,bio4eta
398,16738492,"Follow Me Gradient","2026-09-18 07:27:16",2682.1,2,farukece
399,16655610,GPTatoes,"2026-09-18 05:03:42",2682.0,2,"angran,kaixuanosmas"
400,16818060,bnfan,"2026-09-18 04:40:12",2681.3,2,simonfan7
401,16889296,"Takauchi Suguru","2026-09-18 06:35:01",2681.2,2,gurusut
402,16623371,MoZayed,"2026-09-18 12:43:12",2681.1,2,mohamedzayedahmed
403,16655766,前衛,"2026-09-18 16:22:25",2680.5,2,"atharvranjan,shreyasgandhe,siddharth9077"
404,16682753,"Cam-Luan Truong","2026-09-18 03:44:43",2680.5,2,luantruong
405,16643319,Jules,"2026-09-18 10:17:27",2680.5,2,julesvanligtenberg
406,16851133,"Bryan Pauze","2026-09-18 18:33:14",2680.5,2,bryanpauze
407,16794753,"Yan #2","2026-09-18 07:17:45",2680.1,2,diskya
408,16794207,AlekseiProvorov,"2026-09-18 12:02:15",2679.5,2,leoprovorov
409,16634716,Eusebius,"2026-09-18 06:53:47",2678.6,2,protuberanzen2000
410,16765884,洛希边际,"2026-09-18 15:24:56",2678.5,2,bxz2003
411,16802867,matcha110,"2026-09-18 08:32:42",2677.4,2,matcha110
412,16841826,抵扣豆浆,"2026-09-18 14:32:51",2676.9,2,tootough
413,16623128,AdamJonesJohnson,"2026-09-18 16:44:33",2676.4,2,adamjonesjohnson
414,16628765,"Kota Iizuka","2026-09-18 14:55:10",2675.7,2,kotaiizuka
415,16863959,"Một hai ba bốn 5 sáu bảy tám 9","2026-09-18 18:07:49",2675.6,2,thangnm1
416,16864113,YYC3,"2026-09-18 05:51:25",2674.3,2,icongovo
417,16676609,cqupt_sdq,"2026-09-18 10:44:22",2673.9,2,sdq2237
418,16664487,houlidai-jiekiulai,"2026-09-18 06:05:04",2673.5,2,houlidaijiekiulai
419,16676193,"Akira Hirohashi","2026-09-18 12:33:33",2673.2,2,akirahirohashi
420,16658038,Khanh,"2026-09-18 13:21:13",2672.9,2,khanhp142
421,16810171,kta_jpn,"2026-09-18 17:16:31",2672.3,2,ktajpn
422,16666977,"Tagir Analyzes","2026-09-18 13:00:09",2672.2,2,tagirkhairutdinov
423,16644565,Suda,"2026-09-18 12:27:06",2671.8,2,"chaneyma,deryawang"
424,16709809,RiyaSoni20,"2026-09-18 17:14:50",2671.6,2,"riyasoni20,rudraamin06"
425,16733789,fylgde,"2026-09-17 19:38:02",2671.1,2,fylgde
426,16848588,"vibe coders","2026-09-18 13:53:22",2671.1,2,"caando,sheryllynntan"
427,16765668,shun_johnny,"2026-09-17 12:56:53",2670.4,2,shunjohnny
428,16634432,KARGI,"2026-09-18 13:20:58",2670.4,2,learningkin
429,16903852,maoxin123,"2026-09-18 12:56:02",2670.1,2,maoxin123
430,16853054,saberzky,"2026-09-18 14:53:21",2669.5,2,saberzky
431,16705139,gogogo,"2026-09-18 12:55:23",2669.3,2,huzech
432,16866458,lalal2006,"2026-09-18 12:19:00",2668.6,2,lalal2006
433,16625060,"Subin An","2026-09-18 14:47:01",2668.3,2,subinium
434,16743427,Under遊具,"2026-09-18 06:00:32",2668.2,2,andayougui
435,16805952,hatakazu93,"2026-09-18 01:01:59",2667.6,2,hatakazu93
436,16684620,kobayasi,"2026-09-18 15:08:33",2666.7,2,"boomvector,tatsuokoshida"
437,16655277,GUAM,"2026-09-18 11:06:10",2666.4,2,"analyticaobscura,jeongminlee92,kmmmvs,wnmgrn"
438,16866933,tech-Mira,"2026-09-18 14:19:35",2666.1,2,itsukiito
439,16638651,Emre,"2026-09-18 14:36:24",2665.9,2,emre690
440,16676336,lemon13418,"2026-09-18 16:23:12",2665.7,2,lemon13418
441,16671412,Xman,"2026-09-18 18:05:46",2665.7,2,xuanzhang001
442,16790943,"Tashfik Salehin","2026-09-18 13:20:40",2665.3,2,tashfiksalehin
443,16647324,GG-bond,"2026-09-18 01:59:06",2664.9,2,wyhwyh123
444,16886174,ZZDW_,"2026-09-18 14:45:39",2664.5,2,"fufustory,hashak,linjunren1016,mushroom1763,yamaer"
445,16732666,"Stefano Blando","2026-09-18 15:46:41",2664.4,2,stefanoblando
446,16849814,"Mr. Architect","2026-09-17 15:47:46",2664.1,2,vietnguyen130593
447,16621628,pupen_o,"2026-09-15 21:59:06",2662.4,2,pupeno
448,16882280,K_daisuke,"2026-09-18 16:07:55",2662.3,2,kawakamidaisuke
449,16772808,lucataco,"2026-09-18 14:35:48",2660.9,2,lucataco
450,16860293,kobq,"2026-09-17 17:26:49",2660.6,2,kooobq
451,16708315,beeyan,"2026-09-18 13:10:07",2659.6,2,beeyan0821
452,16919131,"Argyris Anastopoulos","2026-09-18 14:28:37",2658.6,1,argyrisanastopoulos
453,16728492,ほのぼの牧場,"2026-09-18 18:43:16",2658.6,2,masatoshitaniguchi
454,16663271,"Malyshev Danil","2026-09-18 07:36:37",2658.4,2,malyshevdanil
455,16888261,"Andreas meling","2026-09-18 13:36:22",2657.6,2,andreasmeling
456,16677518,"Khor Yin Loon","2026-09-18 04:00:35",2657.5,2,khoryinloon
457,16632476,"Назар Коваль","2026-09-18 11:45:41",2657.4,2,miickey
458,16652214,Zhenrui.Weng,"2026-09-18 09:35:02",2656.2,2,zhenruiweng
459,16668227,Yusuraume,"2026-09-18 18:50:35",2656.0,2,sugitatomohiko
460,16634312,"Linh Le","2026-09-18 04:36:27",2655.9,2,linhlethuy
461,16673013,TTT,"2026-09-18 06:21:16",2655.3,2,tadahiroasami
462,16809820,"Pramit Das","2026-09-18 11:51:22",2654.6,2,pramitdas
463,16710140,Lynxx,"2026-09-18 13:19:12",2653.8,2,lynnsakurai
464,16903770,UYHHHHYu,"2026-09-18 10:38:54",2653.4,2,yhhhhyu
465,16692956,VanKoha,"2026-09-17 22:14:34",2653.2,2,kohasama
466,16657941,"Nick Styles","2026-09-18 05:52:00",2652.3,2,styles
467,16664640,kaggricodex,"2026-09-16 07:04:07",2651.8,2,underestimated
468,16862666,"Roman Katasonov","2026-09-17 13:32:55",2651.0,2,romankatasonov
469,16658700,"szlachetny snieg","2026-09-18 12:51:01",2649.9,2,takayukiimoto
470,16823116,一路向北,"2026-09-18 06:44:10",2649.7,2,chronoscop
471,16690353,b13902103_yuhung94,"2026-09-16 02:20:35",2649.3,2,yuhung94
472,16905685,小娃娃之力,"2026-09-18 18:19:35",2649.2,2,xiewenwei29
473,16705390,"Subramanya N","2026-09-18 11:00:40",2648.9,2,subramanya1997
474,16653078,pk210495,"2026-09-18 13:31:46",2648.6,2,pk210495
475,16748765,"A. R. SEKKAT","2026-09-18 14:55:01",2648.5,2,arsekkat
476,16907393,Logus,"2026-09-18 14:52:39",2648.2,2,logus4704
477,16904867,wahaka,"2026-09-18 11:48:27",2646.9,2,wahaka
478,16810306,"Asy Mortenson","2026-09-18 18:59:39",2645.5,2,asymortenson
479,16637597,venks,"2026-09-18 01:03:38",2645.2,2,vterli
480,16879636,aaaaLiu123,"2026-09-18 15:04:24",2644.8,2,aaaaliu123
481,16889224,"Ishan Karnick","2026-09-18 18:56:29",2644.5,2,ishankarnick
482,16689844,IchikaHoshino,"2026-09-18 13:42:06",2640.1,2,htunkhi
483,16667951,KoRo2_JP,"2026-09-18 08:32:27",2638.7,2,koro2jp
484,16865168,"Maksym Bilychenko","2026-09-17 19:19:10",2637.4,2,mbilichenko
485,16699082,Sakthei,"2026-09-18 17:14:49",2636.9,2,sakthei
486,16680172,TTANE,"2026-09-18 08:03:42",2636.5,2,otmaneelmahdaouy
487,16790091,ChengxuGu,"2026-09-16 16:09:53",2636.2,2,chengxugu
488,16769990,delai50,"2026-09-18 07:12:00",2636.1,2,delai50
489,16732445,"Николай Леухин","2026-09-18 11:31:46",2635.6,2,kolyaflexcu
490,16894110,寒月千逸,"2026-09-18 03:41:21",2635.4,2,"hanyueqianyi,leeyang1,sakurahg"
491,16665134,edteoh,"2026-09-18 06:45:48",2634.7,2,edteoh
492,16780062,Kousuke55,"2026-09-18 14:39:56",2634.6,2,kousuke555
493,16798172,"Dmytro Maliarenko","2026-09-18 15:44:17",2634.1,2,arxitekton
494,16656500,"七月七月晴 忽然下起了大雪 不敢张开眼 希望是我的幻觉","2026-09-18 14:23:39",2633.7,2,"a982295350,bertmacutata,blencanierice,dangzhiyuan,imoxzm"
495,16778012,俺是耕田哩,"2026-09-18 05:09:10",2633.6,2,tianzhenggao
496,16796223,"Bohan Shao","2026-09-18 11:27:52",2632.7,2,bohanshao
497,16739543,"Akshay #2","2026-09-18 10:14:54",2632.2,2,theakshay
498,16707144,Kirderf,"2026-09-18 17:07:11",2631.4,2,kirderf
499,16740892,"yuki matsumori","2026-09-18 14:51:57",2631.2,2,yukimatsumori
500,16748476,sam_the_rice_cake,"2026-09-18 06:04:38",2630.4,2,"hash548,wliilamsam"
501,16684202,Ignat,"2026-09-18 16:19:07",2630.0,2,ignatgotin
502,16851186,kaerururu,"2026-09-18 13:54:52",2630.0,2,kaerunantoka
503,16651244,"Knight of Favonius","2026-09-18 18:51:58",2629.7,2,ladyfaye
504,16775378,TK256,"2026-09-18 00:28:56",2628.5,2,tk256ailab
505,16775686,"Max Podd","2026-09-18 14:23:22",2627.8,2,maxpodd
506,16884244,UCAS_fish_wang,"2026-09-18 14:01:42",2627.7,2,yiliu15
507,16920912,jesonw,"2026-09-18 13:38:54",2627.6,1,w20260801
508,16636079,"Pawan Rama Mali","2026-09-18 18:02:19",2627.5,2,pawanmali
509,16876869,MAGGR,"2026-09-18 14:06:38",2627.3,2,manojmandal
510,16778656,Aacceeo,"2026-09-18 16:43:11",2627.1,2,aacceeo
511,16794536,HirokiTaniai,"2026-09-17 15:56:27",2626.5,2,nyokinyoki
512,16655789,"wen chong yu","2026-09-17 18:10:57",2626.3,2,wenchongyu
513,16717787,Bull,"2026-09-18 14:02:00",2626.3,2,welshonionman
514,16712134,cf696666,"2026-09-18 12:04:18",2625.5,2,cf33333
515,16661533,wangyuou,"2026-09-18 14:27:26",2625.1,2,wangyuou
516,16687649,track,"2026-09-18 19:03:21",2624.9,2,"ahmedberatozer,omerlleez"
517,16701697,Pelican,"2026-09-18 15:52:17",2624.8,2,chetanagrawall
518,16718033,TheMightiestMan,"2026-09-18 15:37:17",2624.8,2,themightiestman
519,16751140,onick_man,"2026-09-18 14:38:51",2624.4,2,ftakahas
520,16745995,"Guido Tapia","2026-09-17 22:40:42",2623.1,2,guidotapia
521,16775803,Robson,"2026-09-17 03:11:36",2622.9,2,robsonsan
522,16732055,DASH村,"2026-09-18 07:16:59",2622.3,2,sobameshi
523,16921557,"Terry Duan","2026-09-18 16:12:41",2622.2,2,xueyueicu
524,16885430,zoujustkidding,"2026-09-18 08:42:04",2620.6,2,chenxianshen123
525,16741500,weichy7,"2026-09-18 07:05:30",2620.0,2,weichy7
526,16630804,"Emre Cirak","2026-09-18 17:03:40",2619.7,2,"biohack44,merkiraz"
527,16697229,"Masashi Nishimoto","2026-09-18 18:28:15",2619.6,2,masashinishimoto
528,16860907,kuengo,"2026-09-18 05:36:51",2619.3,2,"kuengo,ruoguxu"
529,16879127,lihaoruolhr,"2026-09-18 14:28:34",2618.8,2,lihaoruolhr
530,16749071,snc5656,"2026-09-18 16:49:05",2617.3,2,jamm1412
531,16742139,ALLAI,"2026-09-17 00:52:49",2616.7,2,glorysing
532,16631752,"Junichiro Morita","2026-09-18 14:09:15",2616.3,2,junichiromorita
533,16709126,"Jamie Nojek","2026-09-18 12:57:24",2614.2,2,jamienojek
534,16813655,c_fxy,"2026-09-18 06:54:29",2613.9,2,cfxyai
535,16641171,"Sadettin Şamil Verdil","2026-09-18 12:59:18",2613.7,2,sadettinamilverdil
536,16723893,iring58,"2026-09-18 08:40:32",2613.5,2,iring58
537,16730323,fufufukakaka,"2026-09-18 01:22:03",2612.9,2,fufufukakaka
538,16652175,"Lucas Boesen","2026-09-18 16:41:02",2612.3,2,lucasboesen
539,16624893,"GURU Prasaatha S","2026-09-18 18:41:58",2612.1,2,guruprasaathas111
540,16652630,stars_w,"2026-09-18 06:57:00",2611.1,2,starsw
541,16853849,emreaydin,"2026-09-18 04:28:06",2609.5,2,aydinemre
542,16755328,"yang zhang","2026-09-17 14:47:32",2609.5,2,zhang1221ai
543,16658343,aisamhottman,"2026-09-17 23:09:18",2609.0,2,heuingttiang
544,16624339,"Дворкин Евгений Владимирович","2026-09-17 20:13:52",2607.7,2,evgendvorkin
545,16768100,Nathael,"2026-09-18 10:35:56",2607.6,2,nathaeldias
546,16672315,CemBas,"2026-09-18 15:19:10",2607.5,2,cembas
547,16704247,WeAreFarmers,"2026-09-18 16:31:48",2607.2,2,gbmorris1
548,16875968,"Dias Bakhtiyarov","2026-09-16 19:41:15",2606.9,2,diasbakhtiyarov
549,16724801,Noir,"2026-09-18 02:21:49",2606.3,2,nuitnoir
550,16808396,Dr_F,"2026-09-18 14:43:49",2606.3,2,algebraictopology
551,16796937,Alan,"2026-09-18 00:27:02",2605.6,2,amunsentom
552,16832185,"MILANA STARR","2026-09-18 06:51:22",2605.4,2,andrewchist
553,16844004,"Takahiro Saito","2026-09-18 05:26:07",2604.9,2,takahiro3110
554,16679393,"Anvith Pothula","2026-09-17 21:26:50",2604.9,2,anvithpothula
555,16671361,"Hangyu Yu","2026-09-18 04:16:44",2604.2,2,"cqupthangyuyu,wxgisspider"
556,16892791,trinitynusca31,"2026-09-18 00:51:53",2604.0,2,trinitynusca31
557,16859157,"David Mensah-Gbekor","2026-09-17 22:03:56",2603.8,2,ravdave
558,16732126,iwashi,"2026-09-17 16:04:14",2603.8,2,iwashi
559,16863350,"Horatio Eversfield","2026-09-18 15:54:01",2603.3,2,horatioeversfield
560,16670524,"Nat Bel ML Fun","2026-09-18 07:40:48",2603.0,2,natbel4ml
561,16632423,goh,"2026-09-18 10:48:22",2601.8,2,bungohatayama
562,16738349,Suna-D,"2026-09-18 08:44:48",2601.6,2,sunad0630
563,16743858,kawauso9n,"2026-09-16 22:06:21",2601.5,2,kawauso9n
564,16623974,Canon,"2026-09-18 01:54:00",2601.3,2,sotakurihara1
565,16779519,"Xiangsong Tian","2026-09-17 22:02:54",2600.8,2,xiangsongtian25
566,16843860,LH-and-FPGA,"2026-09-18 13:59:30",2600.5,2,lhandfpga
567,16851343,"Ritwika Kancharla","2026-09-17 20:09:20",2600.2,2,ritwikakancharla
568,16754022,Pico,"2026-09-18 06:36:01",2599.7,2,charithgr
569,16716335,JamesJJJJJ,"2026-09-18 12:27:06",2599.5,2,jamesjjjjj
570,16792410,"Taewoong Kim","2026-09-18 04:55:59",2598.4,2,aleaiest
571,16863551,"Fady Mohammed","2026-09-17 20:13:40",2598.1,2,fadymagdy
572,16743852,"Giovanni Giorgio","2026-09-18 14:57:23",2597.9,2,"alexandermlad,erikpymay"
573,16860811,XiaoXiaoJ,"2026-09-17 19:38:39",2597.7,2,xiaoxiaoj
574,16823981,"mou mou","2026-09-18 01:08:06",2597.7,2,moumou6322
575,16660726,现实是个乐子,"2026-09-18 08:52:13",2597.2,2,gengsr
576,16885735,keith,"2026-09-18 13:56:31",2596.6,2,kamatt
577,16659730,"Zhang Yingluo","2026-09-18 02:46:03",2596.3,2,zhangyingluo
578,16687901,Khalid,"2026-09-18 15:42:30",2595.5,2,khalid000000
579,16622454,automatylicza,"2026-09-18 08:28:17",2594.8,2,automatylicza
580,16880975,"Shenyu Ma","2026-09-18 15:19:11",2594.3,2,shenyuma
581,16851399,"Ali Eren Konak","2026-09-17 19:10:54",2593.1,2,alierenkonak
582,16843904,wadia,"2026-09-18 00:13:15",2593.1,2,yeshawang
583,16631536,kglctf,"2026-09-18 11:06:24",2593.1,2,kglctf
584,16661558,안녕하세요이세입니다잘부탁드립니다,"2026-09-18 04:12:02",2593.0,2,"moonswalk,municef1"
585,16633950,"Matt Motoki","2026-09-18 10:11:33",2592.3,2,mmotoki
586,16709101,"Djaafar Lecheheb DL","2026-09-18 00:11:23",2591.8,2,djaafarlechehebdl
587,16839983,hana87hana,"2026-09-18 05:16:15",2591.2,2,hana87hana
588,16666784,"Michał Łapiński","2026-09-18 18:57:36",2590.6,2,michaapiski
589,16870621,BobtheBot369,"2026-09-18 11:16:19",2590.1,2,bobthebot369
590,16890988,"Aleksandrov Andrey Alekseevich","2026-09-18 09:29:53",2589.8,2,abbeleve
591,16797699,"Dylan Moraes","2026-09-17 07:24:13",2589.3,2,dylanmoraes
592,16797457,Aamod06,"2026-09-18 18:45:16",2589.3,2,aamod06
593,16656432,"CornHub Premium","2026-09-18 02:16:16",2589.1,2,nihilisticneuralnet
594,16846677,涵哥,"2026-09-18 07:06:43",2587.0,2,jinfanhahaha1
595,16671588,Keisuke,"2026-09-18 17:02:32",2586.9,2,keisukeueda
596,16804768,Chaos,"2026-09-18 15:37:37",2586.9,2,hcfighting
597,16848622,"KUO JEN WEI","2026-09-18 06:49:47",2586.1,2,"kuojenwei,kuyiting"
598,16632291,"alex chilton","2026-09-17 05:28:31",2586.0,2,alexchilton
599,16730334,"Have a nice trip in USST","2026-09-18 16:37:01",2585.1,2,"eugeneyeung,grace7523,tuskig,wzh20050212"
600,16746025,Hamachi,"2026-09-17 20:58:36",2584.6,2,hamatz
601,16881336,hanlei,"2026-09-18 01:17:21",2583.7,2,hanleileo
602,16623488,"Kevin E R MILLE","2026-09-18 13:06:26",2583.2,2,kevinermille
603,16731186,Naru041104,"2026-09-18 10:32:15",2582.8,2,naru041104
604,16644690,Dubnium,"2026-09-18 17:30:53",2582.6,2,ahmetyasin1
605,16726287,BBaRRel.,"2026-09-18 15:10:44",2582.2,2,yujinkk0609
606,16635745,DataRockstar,"2026-09-18 12:21:37",2582.2,2,"amaropeter,jvlegend"
607,16840212,anngle,"2026-09-18 01:45:55",2582.2,2,anngle
608,16793895,"Moh Notif","2026-09-18 17:27:10",2581.8,2,mohnotif
609,16623530,khursani,"2026-09-18 13:07:32",2581.3,2,khursani8
610,16720056,"Heads or Tails","2026-09-18 19:11:33",2580.8,2,headsortails
611,16781279,zhyphirus,"2026-09-16 11:08:51",2580.7,2,zhyphirus
612,16848992,"Lee Shit Hoo","2026-09-18 15:29:09",2580.1,2,leeshithoo
613,16882022,URAD,"2026-09-16 15:01:43",2579.2,2,uradkr
614,16664359,Nightingale,"2026-09-18 10:50:19",2579.2,2,apilkhadka
615,16875659,あかつき,"2026-09-18 17:56:59",2577.8,2,akatuki25
616,16888794,NonCaffeine,"2026-09-17 01:32:40",2577.6,2,noncaffeine
617,16657785,"Himanshu Kumar","2026-09-18 07:26:20",2577.0,2,himanshujha2812
618,16765807,"Win Suthar","2026-09-18 16:03:35",2576.8,2,ashwanidhukra
619,16717289,JackChenghao,"2026-09-18 16:11:41",2575.5,2,jackchenghao
620,16795134,"jiawei li","2026-09-18 13:06:23",2575.3,2,jiaweiaaa
621,16847478,tokitamago,"2026-09-18 08:08:53",2575.0,2,tokitamago
622,16658895,kunihiro,"2026-09-17 16:57:05",2574.7,2,kunihiro
623,16652710,Pilea55,"2026-09-18 16:36:41",2573.3,2,ryutogrrr
624,16638551,WinRAR,"2026-09-18 12:04:45",2572.7,2,ryosketchbook2007
625,16806195,unreal,"2026-09-18 01:18:25",2572.2,2,gauravgs1007
626,16881395,nikotin55,"2026-09-18 19:02:11",2571.7,2,"isaevsemyon,nikotin55,remihrf"
627,16905426,futabato,"2026-09-18 13:19:37",2571.6,2,futabato
628,16886627,caintly,"2026-09-18 13:28:08",2571.1,2,eyesad
629,16621595,"Farmers From Punjab","2026-09-18 13:58:55",2571.0,2,alisalmanrana
630,16678693,"Maher el Ouahabi","2026-09-18 08:50:38",2570.7,2,maherelouahabi
631,16750268,"Harris Bashir","2026-09-17 12:04:54",2569.9,2,harrisbashir
632,16905679,xaxipiruli,"2026-09-18 16:12:18",2568.8,2,xaxipirulazo
633,16695685,"kwon yong deuk","2026-09-17 14:31:14",2568.1,2,kwonyongdeuk
634,16790765,Aristotle.Chen,"2026-09-18 15:35:53",2565.6,2,aristotlechen
635,16770979,"Paulo Martins","2026-09-18 17:19:40",2565.3,2,paulomartins87
636,16778178,kyosan,"2026-09-18 18:38:11",2565.0,2,"azizbekxasanov,dilyorbek"
637,16685014,"Vishal Kishore","2026-09-18 05:55:30",2561.8,2,kishorevishal
638,16623746,Juyong,"2026-09-18 17:00:41",2560.8,2,kimdoong
639,16635314,"Aurora wy","2026-09-18 15:14:20",2560.6,2,aurorawy
640,16903912,樱花冷月,"2026-09-18 06:28:43",2560.1,2,yinghualengyue
641,16906651,Izumi_LP,"2026-09-17 03:25:34",2559.5,2,amememe
642,16846963,成吉思汗,"2026-09-18 04:01:30",2559.5,2,jddhhdh
643,16762101,"Kazama Yusuke","2026-09-18 09:34:17",2558.2,2,kazamayusuke
644,16709176,Efnutrrionpy,"2026-09-16 02:56:43",2557.7,2,efnutrrionpy
645,16692845,"Yassine Ben Zekri","2026-09-17 22:01:38",2557.3,2,yassinebenzekri
646,16811036,"farmin time","2026-09-17 17:00:01",2556.7,2,jaydenszeto123
647,16653093,"willam wu","2026-09-17 11:01:37",2556.3,2,biaaib
648,16742684,Inzilbêth,"2026-09-18 11:50:38",2556.2,2,inzilbth
649,16833141,yomogii,"2026-09-18 16:32:08",2553.0,2,yomogii
650,16748733,"Driz Lo","2026-09-18 19:09:37",2552.9,2,drizlo
651,16701024,pig7selene,"2026-09-18 13:03:01",2552.9,2,ejlthomas
652,16690447,Supermercado,"2026-09-18 16:59:05",2552.6,2,ryotaaaaaa
653,16888950,"Qize He","2026-09-18 18:42:22",2552.5,2,watcher996
654,16795070,"HKUST Random","2026-09-18 07:40:17",2551.1,2,siulungfan
655,16678534,"Filip Strzałka","2026-09-18 05:03:15",2550.9,2,snufkin77
656,16773144,"Mohamed Salah","2026-09-18 04:27:42",2550.9,2,mosalah7
657,16757809,dasfds,"2026-09-17 11:14:35",2550.4,2,dasfds
658,16623616,nasubiman,"2026-09-17 14:54:31",2550.1,2,yousukenakamura
659,16744837,JuliaGastellu,"2026-09-18 17:20:10",2549.6,2,juliagastellu
660,16677938,"Hajime Tamura","2026-09-18 15:57:32",2549.0,2,thajime
661,16673336,honjousetuna,"2026-09-16 12:45:25",2548.3,2,honjousetuna
662,16748154,taiseiu,"2026-09-18 13:05:09",2547.9,2,taiseiu
663,16804022,monsaraida,"2026-09-18 15:42:10",2547.2,2,monsaraida
664,16883355,"Zalyaliev Marat","2026-09-17 23:02:29",2546.7,2,axollo
665,16777359,"Dmitriy Ulybin","2026-09-18 11:58:10",2546.7,2,dmitriyulybin
666,16713262,"Seyit kaan Gunes","2026-09-16 14:16:13",2546.5,2,seyitkaangunes
667,16886856,爱上帝的小熊猫,"2026-09-17 08:39:50",2546.2,2,xuefengxie
668,16759501,BaconT,"2026-09-17 06:23:28",2545.0,2,bacont
669,16748941,"Farmer Shuang","2026-09-18 18:56:03",2544.8,2,shuangxue
670,16782203,"rui xiong","2026-09-17 17:09:00",2543.4,2,xiongruihumingyu
671,16842786,ScotLee08,"2026-09-18 07:06:16",2542.4,2,scotlee08
672,16698560,"Seungjun Lee","2026-09-18 17:11:22",2540.8,2,seungjunleeofficial
673,16854176,吃白饭的大肥鱼,"2026-09-18 16:05:13",2540.1,2,"deepios,tanpowasd"
674,16624934,"Haramball forever!","2026-09-17 17:19:52",2538.1,2,envyy23120093
675,16671376,Lebxgue.,"2026-09-18 17:46:51",2537.9,2,yukieja
676,16732714,Mforg,"2026-09-17 17:11:17",2537.5,2,mforg74911
677,16681116,Kagamihara,"2026-09-18 01:39:49",2537.2,2,kagamihara
678,16623635,HiroyukiSasaki,"2026-09-18 01:29:19",2537.2,2,hiroyukisasaki815
679,16630689,yw8837,"2026-09-18 14:09:28",2536.4,2,yw8837
680,16858228,doubao,"2026-09-16 07:08:13",2535.9,2,"erhankangyan,yuanlili123321"
681,16749079,mraz1006,"2026-09-17 16:34:26",2535.8,2,mraz1006
682,16803448,jiatu.l,"2026-09-17 21:35:56",2535.2,2,jiatul
683,16858303,马嘉蛋爱玩跳棋,"2026-09-17 09:01:14",2535.2,2,"jamalzzj,jlw123456"
684,16848479,nilochan,"2026-09-18 13:38:48",2534.8,2,nilochan
685,16687363,"elegantangel (628700)","2026-09-17 20:45:57",2533.8,2,elegantangel
686,16834038,"Akio Furutsuka","2026-09-17 18:27:22",2533.7,2,akiofurutsuka
687,16702975,RicardoLópez,"2026-09-17 21:11:12",2533.4,2,richi2489
688,16872275,"Maciek Kiryla","2026-09-17 07:55:48",2531.6,2,doktorkelp
689,16712121,"Hai Dang","2026-09-16 17:11:25",2531.5,2,haidang2405
690,16633226,test_money,"2026-09-18 19:12:02",2531.4,2,michaelsemenoff
691,16664239,VK_Kaggriculture..StartCompet,"2026-09-17 17:40:55",2529.5,2,venkatkumar001
692,16776738,"Kundan Bhaskar","2026-09-17 21:23:42",2529.4,2,kundan007
693,16751516,uki706,"2026-09-18 05:16:14",2529.4,2,uki706
694,16709492,abozten,"2026-09-14 18:54:17",2529.3,2,abozten
695,16669089,YujieXing10,"2026-09-18 06:34:16",2529.3,2,yujiexing10
696,16738503,dddmd,"2026-09-17 23:59:54",2529.2,2,dddmdd
697,16899300,"Yassine Chritt","2026-09-17 06:31:14",2528.8,2,yassinechritt
698,16717536,c0nrad,"2026-09-16 23:02:38",2528.3,2,stuartlarsen
699,16702691,"Zengyi Mei","2026-09-18 10:38:21",2528.2,2,sfkmzy
700,16654704,mandgeee,"2026-09-18 12:30:45",2527.9,2,mandgeee
701,16655423,"Roland Luethy","2026-09-18 15:40:00",2527.8,2,rluethy
702,16798724,"junfan shen","2026-09-18 12:15:25",2527.4,2,junfanshen
703,16683755,"Meng Di","2026-09-18 04:41:58",2527.3,2,hughshaoqz
704,16765233,Shun,"2026-09-17 00:03:39",2527.1,2,shunchan0677
705,16732774,edchax,"2026-09-18 16:31:49",2526.5,2,edchax
706,16810954,BayramAnnakov,"2026-09-17 21:13:35",2526.5,2,bayramannakov
707,16716821,めめっち,"2026-09-17 01:51:38",2526.4,2,mechi22
708,16749466,"The Wolf of Wheat Street","2026-09-16 23:35:18",2526.2,2,"lijuantang19,yuemengzheng01"
709,16635340,"zhuo wamg","2026-09-17 16:51:00",2526.2,2,zhuowamg
710,16640472,"Vsevolod Rakita","2026-09-17 07:45:17",2525.6,2,vsevolodrakita
711,16663485,"Jacob Alstrup","2026-09-18 17:30:37",2525.6,2,jacobalstrup
712,16732156,"Ца-ри-ца по-лей, ку-ку-ру-за!","2026-09-17 09:07:09",2525.4,2,samvelkoch
713,16734715,史永刚,"2026-09-18 06:12:55",2524.4,2,shizehao
714,16804859,DevashishSoni123,"2026-09-17 16:11:41",2523.9,2,devashishsoni123
715,16806023,"Eesh saxena","2026-09-18 17:21:47",2523.6,2,eeshsaxena
716,16889597," Master Bob111","2026-09-18 07:56:32",2522.9,2,masterbob111
717,16665746,Chiranjieev,"2026-09-18 09:29:56",2522.5,2,"abhirajhiwale,amitambhore27,himanshu2605"
718,16799832,"Maman Salto","2026-09-18 06:49:14",2521.8,2,saddamaditya
719,16655654,Cacinie,"2026-09-17 15:36:29",2521.5,2,cacinie
720,16861885,"Олег Бабков","2026-09-18 09:17:57",2521.0,2,jabberwock78
721,16668736,bhundreds,"2026-09-17 03:10:22",2520.8,2,hundreds1103
722,16848396,ColorGram,"2026-09-17 14:04:22",2518.7,2,colorgram
723,16876180,kk.sky.9k,"2026-09-18 17:03:07",2518.6,2,kksky9k
724,16707036,"Just a Farmer","2026-09-18 06:37:30",2518.2,2,gunianxue
725,16784561,"Rodrigo Ramón","2026-09-18 18:48:47",2517.5,2,rodrigoramn
726,16779067,fishwg,"2026-09-18 14:22:26",2516.8,2,fishwg
727,16653068,"Shuichi Fushimi","2026-09-15 11:47:34",2516.8,2,shuichifushimi
728,16707547,Lin,"2026-09-17 23:43:43",2515.7,2,linjianrong
729,16696304,"Utkarsh #2","2026-09-18 17:25:24",2515.5,2,n0va007
730,16756492,satokato,"2026-09-16 11:49:42",2514.8,2,satokato
731,16641077,lucaskna,"2026-09-17 23:30:57",2514.7,2,lucaskna
732,16892288,"Omar Althobaiti","2026-09-18 16:12:27",2514.3,2,omarahmedalthbite
733,16767360,"Sinh Nguyễn Đức","2026-09-17 19:30:06",2514.1,2,sinhnguync
734,16895106,linchuhan,"2026-09-18 11:56:23",2513.7,2,linchuhan
735,16789745,LoveLetter,"2026-09-18 14:03:29",2512.9,2,arthasmenethil
736,16838589,iCO,"2026-09-17 18:54:30",2512.4,2,takashimaeda
737,16624040,kumk,"2026-09-17 17:55:55",2512.3,2,kknagoya
738,16864870,JR,"2026-09-18 19:03:09",2512.3,2,jurijsruko
739,16918411,"Gautier Marti","2026-09-18 18:20:33",2511.6,2,gautiermarti
740,16790652,"Pengchao Zheng","2026-09-18 16:08:16",2510.2,2,"mengyihu,pengchaozheng"
741,16654697,KawattaTaido,"2026-09-18 10:50:26",2508.6,2,kawattataido
742,16731971,s_a_ai_engineer,"2026-09-18 12:25:29",2507.6,2,saaienginner
743,16655477,Aurora,"2026-09-17 20:16:15",2506.8,2,"niteshranjansingh,themeghajoshi"
744,16747306,"Yasasvi Josyula","2026-09-17 06:36:56",2505.8,2,yasasvijosyula
745,16685982,Snorf,"2026-09-17 20:11:11",2505.5,2,snorfyang
746,16791248,"Ioannis Tzachristas","2026-09-16 19:33:15",2505.2,2,"ioannistzachristas,lilishyxf"
747,16819431,kkkk,"2026-09-18 15:39:10",2505.0,2,kkkk4649
748,16681100,Chiranjith,"2026-09-17 11:37:34",2504.7,2,chiranjithdharma
749,16633212,goosehaaan,"2026-09-16 15:20:59",2504.0,2,goosehaaan
750,16661994,"Suvrat Rai","2026-09-18 09:14:00",2503.5,2,suvrat11rai
751,16676034,"Songyot P","2026-09-18 06:33:06",2502.7,2,songyotpi
752,16621075,"Octavi Grau","2026-09-18 09:28:05",2502.6,2,octaviograu
753,16823319,eviltsundera,"2026-09-17 22:09:55",2502.2,2,eviltsundera
754,16628951,"Hiro Nomo","2026-09-18 11:15:58",2501.3,2,morinokuma3
755,16663264,Adarsh,"2026-09-18 19:13:46",2500.0,2,madarshbb
756,16849801,tq1d,"2026-09-17 22:13:23",2499.7,2,haya03010
757,16670210,"Ali Alghaithi","2026-09-17 18:09:56",2498.2,2,alioman
758,16779304,"Ari Nakos","2026-09-17 15:21:27",2497.8,2,aristides
759,16699947,HKmgikao,"2026-09-17 09:42:43",2497.7,2,hitoshikmgai
760,16804757,MAT,"2026-09-18 16:47:19",2497.5,2,mehmetanltays
761,16826999,donaldxu,"2026-09-18 05:33:59",2496.3,2,abc1705
762,16623990,senkin13,"2026-09-18 15:58:35",2495.1,2,senkin13
763,16695046,"Farmers Is All You Need","2026-09-18 16:31:14",2492.2,2,"aurax7,coolinlai,davidsarrat,pseree,zongzishuang"
764,16762926,"Ricky RTG","2026-09-18 06:57:46",2491.2,2,rickyrtg
765,16656337,"Prashant Kikani","2026-09-17 10:34:36",2491.2,2,prashantkikani
766,16661575,skw1990,"2026-09-17 02:11:51",2491.2,2,skw1990
767,16658554,Pai,"2026-09-16 16:26:20",2491.1,2,rajathrpai
768,16692185,"Xu Suyi","2026-09-17 11:08:37",2490.8,2,xuyuhaosuyi
769,16785483,xiongrui666,"2026-09-18 02:50:17",2489.1,2,xiongrui666
770,16685548,"Erfan Eshratifar","2026-09-15 23:57:38",2488.4,2,erfaneshrati
771,16746317,xingyun_byto,"2026-09-17 05:09:49",2488.1,2,xingyunbyto
772,16734409,"Yuta Yamazaki","2026-09-18 05:28:22",2487.2,2,yamayuu18
773,16732129,"payne yam","2026-09-17 06:16:08",2486.3,2,payneyam
774,16894714,MilkaDVP,"2026-09-17 16:49:46",2486.1,2,gerbertradmirovich
775,16811224,yuya,"2026-09-18 16:57:24",2486.0,2,yuomori
776,16667242,"Gleb Tumanov","2026-09-16 02:54:16",2485.9,2,crachton
777,16805244,nari,"2026-09-18 19:03:26",2485.8,2,shoheiyoshinari
778,16626814,"Vu Tran Hoang","2026-09-17 03:27:27",2485.5,2,hoangvux
779,16669911,"Batuhan Ustun","2026-09-18 15:04:21",2485.5,2,batustun
780,16898049,"Alua Аkhmetkali","2026-09-18 10:17:22",2485.2,2,alua01
781,16657277,"Dude and Destroy","2026-09-18 17:06:09",2484.2,2,raymondbrookman
782,16719563,"GPT-5.6 Sol🏆","2026-09-18 08:46:02",2483.9,2,"ctfxiao,gaoruihua,otherworldly777,wennaliu2007,xgentle"
783,16908263,Paing,"2026-09-18 00:01:41",2483.9,2,painghtetsw
784,16709304,"Aleksey SCHUKIN","2026-09-17 06:44:55",2483.2,2,alekseyschukin
785,16661073,PyJa,"2026-09-16 17:50:06",2482.5,2,pixiux
786,16693227,"Aniket Sharma","2026-09-18 16:19:36",2482.1,2,aniketsharma00411
787,16817518,Dresden,"2026-09-17 08:58:13",2481.7,2,dresdeng
788,16888254,CaliforniaDog,"2026-09-17 20:30:18",2481.6,2,californiadog
789,16848208,"Takuto Inoue","2026-09-17 11:20:12",2481.3,2,takutoinoue
790,16732530,可抽奖的冰棒,"2026-09-18 18:02:49",2480.2,2,daniel1547
791,16916418,Lukas,"2026-09-18 11:36:23",2480.1,1,lukasbuck
792,16622420,RuiFSPinto,"2026-09-18 07:54:54",2480.1,2,ruifspinto
793,16852826,Phoenix750,"2026-09-18 07:57:54",2480.1,2,richardmaddox
794,16686483,"the time is wasting","2026-09-17 15:35:38",2479.3,2,leonstew
795,16778340,NayuNayu,"2026-09-17 15:58:18",2478.6,2,nayunayu1005
796,16836633,Yukino487,"2026-09-17 05:16:55",2478.5,2,yukino487
797,16806376,pardival,"2026-09-17 08:59:46",2478.0,2,pardival
798,16759626,"Ghazaros Barseghyan","2026-09-18 10:58:18",2477.9,2,ghazarosbarseghyan91
799,16761652,"Dhruv #2","2026-09-18 11:52:03",2477.6,2,dhruvrama
800,16880856,jinxingweilai,"2026-09-17 03:05:31",2477.3,2,jinxingweilai
801,16818313,"haonan zhengh","2026-09-17 03:53:55",2477.1,2,haonanzhengh
802,16799428,hatata,"2026-09-18 05:05:05",2476.6,2,hatata3737
803,16658365,OnlyFarms,"2026-09-17 00:23:26",2476.0,2,hoowoo
804,16845833,おかゆん,"2026-09-17 10:58:11",2475.7,2,okayun
805,16914244,Poemcourt,"2026-09-17 11:14:15",2475.3,1,poemcourt
806,16857766,OmerZalman,"2026-09-16 23:00:19",2475.2,2,omerzalman
807,16621590,Yaroslav,"2026-09-17 12:15:52",2475.0,2,yaroslavrogoza
808,16732727,brightest66,"2026-09-18 17:49:02",2475.0,2,"brightest66,laplacenvmv"
809,16806840,"Tavuk Master","2026-09-17 09:02:48",2474.9,2,mkrimenurgm
810,16658777,"Jiarui (Jerry) Cao","2026-09-17 04:20:52",2474.4,2,jiaruicao7
811,16699165,lime0001,"2026-09-18 09:44:25",2474.3,2,lime0001
812,16660152,LIH.YUN,"2026-09-17 14:24:39",2474.2,2,fxlcee
813,16632743,"Krizsó Gergely","2026-09-17 13:21:40",2473.7,2,lucifer19
814,16866549,"Roman Nesterov","2026-09-17 12:40:36",2473.1,2,romanest
815,16845531,"Suzuki Yuto - W","2026-09-17 06:59:53",2472.6,2,hoshinoyumemi
816,16904028,BraydenPikachu,"2026-09-17 04:56:21",2472.3,2,braydenpikachu
817,16840509,"Iskander Yusupov","2026-09-17 09:35:41",2471.0,2,iskanderyusupov
818,16668737,"Abish Pius","2026-09-18 11:45:21",2471.0,2,abishpius
819,16784725,prairieee,"2026-09-17 02:45:42",2470.6,2,"haideptry,prairieee"
820,16895147,"DL Julius","2026-09-17 12:12:44",2470.6,2,dljulius
821,16632157,"福原 大知","2026-09-18 13:05:47",2470.5,2,fxxyfox
822,16832192,"No Name #2","2026-09-18 16:59:10",2470.3,2,ivanj0
823,16840073,"Kragglenote2 Forwork","2026-09-17 12:27:17",2470.1,2,kragglenote2forwork
824,16622422,ss,"2026-09-18 05:51:13",2469.7,2,forest2026
825,16888126,Iminabo,"2026-09-17 16:21:33",2468.8,2,iminabo
826,16729192,1m0ke,"2026-09-17 14:26:03",2468.8,2,smokelate
827,16811949,PeterDreamHan,"2026-09-17 08:56:04",2468.5,2,"niuwh1004,peterdreamhan"
828,16698294,"John Doe","2026-09-17 06:51:55",2467.8,2,johndoe90843
829,16632757,taopy2,"2026-09-17 03:19:26",2466.8,2,taopy2
830,16621625,YBEJlKA,"2026-09-18 08:40:52",2466.0,2,alexanderchesnokov
831,16757987,maverick_ss_26,"2026-09-18 12:01:59",2465.9,2,maverickss26
832,16860663,久保兼,"2026-09-17 11:25:22",2465.3,2,kuboken
833,16768702,"Crop It Like It's Hot","2026-09-17 05:21:36",2464.9,2,"davidben10,rachel79"
834,16814375,"Yuta Eiki","2026-09-18 02:27:16",2464.7,2,wildauk
835,16727103,sword3522,"2026-09-18 09:26:30",2464.4,2,"qinyanqiu,sword3522"
836,16878119,Aryan.Ahl,"2026-09-18 01:40:53",2464.3,2,aryanahl
837,16690065,JiangWenfeng1,"2026-09-17 02:35:45",2463.8,2,jiangwenfeng1
838,16830526,"Raghav Agrawal","2026-09-17 14:02:41",2463.4,2,raghagra
839,16921850,"Leon Sakakibara","2026-09-18 18:14:37",2463.3,2,leonsakakibara
840,16623643,LiXingtao,"2026-09-18 06:10:04",2462.3,2,lixingtao123
841,16668430,"john inan","2026-09-17 16:51:53",2461.0,2,johninan
842,16772723,"Zhou Haonan","2026-09-16 13:21:16",2461.0,2,hatsuseizuna
843,16741672,张菠,"2026-09-17 02:56:14",2459.9,2,ysqdababa
844,16738408,kujitama,"2026-09-17 12:13:20",2459.8,2,tyamujin
845,16656340,MAGMA,"2026-09-17 13:47:56",2459.4,2,infiheart
846,16647192,"Sailor Ren","2026-09-17 07:09:02",2459.3,2,sailorren
847,16808526,iheng88,"2026-09-17 15:10:40",2458.0,2,iheng88
848,16655505,Debmalya,"2026-09-17 10:37:41",2457.6,2,debmalya84
849,16673131,"Arfin Mustofa","2026-09-17 01:40:55",2457.5,2,arfinmustofa
850,16726616,9Hash,"2026-09-17 04:43:20",2457.3,2,hashimrazi
851,16848297,chacha260,"2026-09-18 05:07:53",2457.2,2,chacha260
852,16839389,lizs,"2026-09-18 12:49:28",2457.0,2,chiila
853,16732507,iwashhh,"2026-09-18 02:48:12",2456.6,2,"alcoholcat,yuinokogawa"
854,16898760,"Berat Erol ÇELİK","2026-09-17 19:08:11",2456.1,2,beraterolelk
855,16802505,daviondk,"2026-09-17 12:57:35",2454.9,2,daviondk
856,16782520,Durian,"2026-09-17 15:54:45",2453.3,2,rainyjin
857,16691572,"Lord Momo","2026-09-18 04:20:54",2453.2,2,stevenleehans
858,16693050,Shoko,"2026-09-18 18:19:28",2451.8,2,abreyton
859,16861302,YieldCurve,"2026-09-17 22:30:27",2451.4,2,"gendaijin,haruna015"
860,16870247,mxt1022,"2026-09-18 04:53:16",2451.4,2,unlome
861,16670537,Silhouette,"2026-09-18 09:30:04",2451.3,2,jamessargsyan
862,16644303,"kevin zhou","2026-09-17 00:46:12",2450.5,2,kevinzhou66
863,16635872,"Evgeniya Dmitrieva","2026-09-17 15:41:30",2449.2,2,evgeniyadm
864,16913723,azamat1ch,"2026-09-17 09:47:50",2448.8,1,azamat1ch
865,16744842,juisajdiasd,"2026-09-18 14:54:09",2447.8,2,juisajdiasd
866,16641548,"Indium AI Labs","2026-09-17 08:19:29",2447.2,2,"devaanshpa,wolframbopp"
867,16654373,thwaitsusa2,"2026-09-18 13:28:44",2446.6,2,thwaitsusa2
868,16664111,"John Park","2026-09-17 12:01:31",2446.4,2,sigint
869,16700068,"My Little Pony","2026-09-17 13:09:37",2445.9,2,"buxiangzaoqi66,juliezhang131,yaoyilv"
870,16640394,"MOHAMMADJAFAR ZAMANI","2026-09-18 13:20:09",2445.6,2,mohammadjafarzamani
871,16682210,Boiled-Sweet-Potato,"2026-09-18 04:32:45",2445.1,2,boiledsweetpotato
872,16623449,"Ryo Takaki","2026-09-18 14:04:47",2444.9,2,ryotakaki
873,16856629,Methematics,"2026-09-17 15:14:04",2444.6,1,pavelvasilevskiy
874,16683808,RuggedBones,"2026-09-17 16:42:46",2443.9,2,ruggedbones
875,16671017,"Pablo César Ruíz","2026-09-18 07:19:20",2443.4,2,pcruiher08
876,16774674,"Perminov Matvey","2026-09-17 08:51:13",2443.1,2,mperminiov
877,16768385,neibyr,"2026-09-18 00:08:29",2443.1,2,neibyr
878,16623520,asteriam,"2026-09-18 08:23:59",2442.7,2,masatakashiwagi
879,16740207,"As Long As You Love Me","2026-09-17 13:40:30",2442.7,2,theunforgiven7
880,16799769,manyuA,"2026-09-17 11:43:19",2441.8,2,"forheuristiclifeksh,manyua,realhonest"
881,16850683,cooked,"2026-09-18 14:42:16",2439.9,2,"jentopia,toasty3302,xenonminer"
882,16806018,トゲアリトゲナシトゲトゲ,"2026-09-18 17:18:26",2439.6,2,togearitogenasi
883,16795853,GaoKui,"2026-09-18 17:46:58",2439.6,2,gaokui
884,16681927,"Dariush Afshar","2026-09-17 04:30:38",2439.0,2,dariushafshar
885,16914801,milkdragon,"2026-09-17 13:08:28",2438.4,1,hhhhhhyc
886,16623749,Tejas,"2026-09-17 09:53:36",2438.4,2,tejuuss
887,16722399,"Meta learners","2026-09-18 12:50:48",2438.4,2,aditya2909rb
888,16730673,"John Doge","2026-09-18 06:24:51",2438.2,2,spacedoge
889,16624571,"Baidalin Adilzhan [dsml.kz]","2026-09-18 14:56:14",2437.9,2,"baidalinadilzhan,qasminumber,zelza0"
890,16712189,"Kostiantyn Isaienkov","2026-09-18 09:23:29",2437.5,2,isaienkov
891,16826555,AioRaito,"2026-09-18 16:49:58",2435.9,2,aioraito
892,16807373,"junxing peng","2026-09-17 07:28:50",2435.8,2,junxingpeng
893,16657152,"K S VIJAYARAAGHAVAN","2026-09-17 18:08:35",2435.0,2,ksvijayaraaghavan
894,16663403,matthewwh,"2026-09-12 22:26:35",2434.7,2,matthewwh
895,16684748,"nailong alpha","2026-09-18 07:38:44",2434.0,2,"dejavucry,weiyun22021,yizhewong,yoruet,zekenos"
896,16693976,rererenore,"2026-09-18 15:28:12",2433.9,2,rererenore
897,16891718,"Me & myself","2026-09-18 18:00:14",2430.5,2,fannasankh
898,16737650,sime_saba,"2026-09-18 15:13:29",2429.6,2,watarukawashima
899,16694110,"Team Amboss","2026-09-16 19:43:40",2429.5,2,alexphilippi
900,16802575,saeNeko,"2026-09-17 07:47:44",2429.4,2,sae20gorilla
901,16698688,JeremiahMannings,"2026-09-18 15:20:00",2428.7,2,jmannings
902,16742183,alessandrozonta,"2026-09-18 08:25:58",2428.4,2,azonta
903,16688294,"high frequency farming","2026-09-18 08:38:09",2427.5,2,"gunhcolab,hweowe,markslavin"
904,16780455,wadigongren,"2026-09-18 06:39:59",2427.1,2,wadigongren
905,16812062,姜上（Integ）,"2026-09-18 16:51:59",2425.1,2,"borealis27,integjs"
906,16871409,"Aleksandr Isakov","2026-09-18 13:11:58",2424.8,2,aleksandrisakov
907,16798989,"Harvest Sun","2026-09-17 06:18:22",2424.5,2,zaoooo29
908,16732478,Ken_Ken_Pa,"2026-09-18 00:17:47",2423.0,2,kenkenpa
909,16911850,Farmerjay,"2026-09-18 15:47:03",2420.6,2,officeghost
910,16807108,dongdongunique2,"2026-09-18 15:30:18",2420.6,2,yinzhaoren
911,16673109,"Surya Bhattiprol","2026-09-17 16:13:40",2420.3,2,suryabhattiprol01
912,16897870,妮选择遗忘的,"2026-09-17 13:59:51",2420.0,2,yk120951
913,16658185,"Juwon Kweon","2026-09-16 15:32:29",2419.6,2,juwonkwon
914,16911681,nena,"2026-09-17 08:26:17",2419.5,2,nena0undefined
915,16914006,Stefano,"2026-09-18 15:28:50",2418.0,2,stefanojp
916,16621153,"Addison Howard (ineligible)","2026-09-18 15:10:21",2417.1,2,addisonhoward
917,16738424,Yunioshi,"2026-09-17 12:45:31",2416.7,2,yunioshi
918,16784164,Yaojinming,"2026-09-18 13:41:37",2416.7,2,yjm0905
919,16855111,PixelPuff,"2026-09-18 18:25:45",2416.7,2,krishpatel290895
920,16639263,Yam,"2026-09-18 17:31:41",2416.3,2,minyam
921,16921800,tmcoder,"2026-09-18 17:38:19",2415.4,2,tm0428
922,16864016,"Setu Chokshi","2026-09-16 02:09:48",2414.0,2,setuch
923,16661607,choqui62,"2026-09-18 10:29:06",2413.9,2,choqui62
924,16699856,yukio,"2026-09-17 04:22:12",2413.6,2,yukioseki
925,16659081,"JALKARNA GAUTAM","2026-09-17 07:54:19",2413.4,2,jalkarnagautam
926,16674312,yuxuan,"2026-09-17 04:57:15",2412.0,2,yuxuan1221
927,16909973,"Tri Tuc Cao","2026-09-17 09:59:28",2411.8,1,tricao
928,16676455,"Sarthak Sharma ","2026-09-18 14:24:51",2411.5,2,sarthaksharma14
929,16882746,yuiop!,"2026-09-17 15:44:26",2411.3,2,yuiopy
930,16743656,Deskbo,"2026-09-16 13:45:12",2411.1,2,deskbo
931,16704466,"QQ Farming","2026-09-16 08:28:29",2410.9,2,"dzjiann,hdhsjdjd,keithtyser,mitubant,ngyzly"
932,16633179,infamemconculcemus,"2026-09-18 11:22:02",2410.8,2,jcgweb
933,16652451,JackGong,"2026-09-17 14:15:38",2409.9,2,jackgong
934,16805778,"Dương Đức Anh","2026-09-17 14:52:22",2408.5,2,"dda2k6,trungdttik55"
935,16635067,"Berat Egemen Gök","2026-09-16 19:54:25",2408.1,2,berategemengk
936,16721384,Hackoholics,"2026-09-16 05:57:18",2408.1,2,"limyenhui,richierx"
937,16887107,"Crazy Spirits","2026-09-17 06:04:46",2408.0,2,latents
938,16730301,wonder777,"2026-09-18 13:06:28",2408.0,2,wonder777
939,16822706,"YUE WU","2026-09-18 18:10:38",2407.2,2,yuewuacademic
940,16843582,isk54_34,"2026-09-18 13:59:22",2406.9,2,isk5434
941,16658830,"Farhat Pachisa","2026-09-17 05:27:59",2406.2,2,farhatpachisa
942,16633132,"Kaggledew Valley 🏆","2026-09-18 14:29:41",2404.7,2,yanzhou06
943,16657657,ArnabKarmakar,"2026-09-18 00:05:13",2404.5,2,arnabkarmakar
944,16688460,lllleeeo,"2026-09-16 17:38:13",2404.2,2,lllleeeo
945,16765601,"Dinesh Makireddy 7389","2026-09-18 17:07:51",2403.7,2,dineshmakireddy7389
946,16776505,"Duck Typing","2026-09-18 17:40:45",2400.4,2,ahmadamindw
947,16779110,markastra,"2026-09-18 08:39:06",2399.3,2,markastra
948,16854060,Q,"2026-09-17 04:33:55",2399.0,2,dalll77
949,16842183,"Sumukh M G","2026-09-17 05:51:00",2398.7,2,sumukhmg35
950,16789946,"Oriol Pi Morell","2026-09-18 15:49:45",2397.1,2,oriolpi
951,16657931,t-enstar,"2026-09-16 13:43:53",2396.6,2,tstustatama
952,16863212,"Jayanth Koppala","2026-09-17 20:46:14",2396.2,2,jayanthkoppala
953,16758767,"Mikhail Karchevskiy","2026-09-18 15:11:51",2395.9,2,suvalex
954,16718745,"Vishwamitra Mishra","2026-09-18 11:31:56",2394.8,2,vishwa007
955,16682183,lihaha.36,"2026-09-18 12:37:06",2394.8,2,lihaha36
956,16912052,"Nana Bast","2026-09-18 16:29:38",2394.5,2,"fontainedefurina,nanabast"
957,16670967,"Ne ML Clan","2026-09-16 21:44:07",2393.5,2,"al55522me,egoregors,sirgauda,vladmazeev"
958,16639971,"qi yun","2026-09-18 10:01:43",2393.2,2,qiyun280
959,16688159,"aildar &  slopernak & bobot","2026-09-16 23:23:39",2393.2,2,"eldarkhisamutdinov,mernak,vladimirbagmanov"
960,16671150,Mc10nys0n,"2026-09-18 13:32:03",2393.0,2,rattanunt
961,16673870,"Yuxiao Wang","2026-09-18 17:10:14",2392.9,2,yuxiaowangx
962,16908403,"Stepan Ivanov","2026-09-18 15:42:31",2392.7,2,stepanivanov233
963,16623637,kuro0315,"2026-09-16 22:48:51",2392.4,2,skuro0315
964,16903793,"Zhongkai Shangguan","2026-09-18 04:02:20",2392.2,2,leonshangguan
965,16779388,"Mohammad Alnajdawi","2026-09-18 17:59:39",2391.5,2,mohammadalnajdawi
966,16695567,tera358,"2026-09-18 13:05:09",2391.5,2,tera358
967,16894895,kangmingpeng,"2026-09-17 03:06:12",2391.3,2,kangmingpeng
968,16665077,"Mohit Babel","2026-09-17 21:59:54",2390.8,2,mohitbabel
969,16904289,"farmer zefeng","2026-09-18 17:11:24",2390.5,2,zefengai
970,16879879,wulawulacong,"2026-09-18 03:56:01",2390.5,2,wulawulacong
971,16642570,"Mathurin Ache","2026-09-18 13:42:17",2390.2,2,mathurinache
972,16621294,dpquoc,"2026-09-17 08:36:40",2390.0,2,dpquoc
973,16854428,"Marwan Ashref","2026-09-16 17:38:01",2389.5,2,"abobakerabobaker,marwanashref"
974,16881681,失忆的海_,"2026-09-17 14:44:41",2389.1,2,shiyidehai
975,16777710,"Clement Lau","2026-09-18 16:07:06",2389.0,2,clementlau
976,16634179,daoviet,"2026-09-18 13:49:10",2388.7,2,daoviet
977,16876865,LR.AIML,"2026-09-16 15:05:01",2388.3,2,"lucasgroot,robkraseu"
978,16657100,"Jacky Chan","2026-09-18 13:03:38",2387.9,2,jhkchan
979,16786109,"Thomas Deng","2026-09-15 12:06:46",2387.9,2,tdeng24
980,16762195,eliasruntime,"2026-09-16 00:40:26",2387.9,2,eliasruntime
981,16654841,"ABHIRUP DAS","2026-09-16 19:30:20",2387.6,2,abhirupdas10
982,16793385,"Rishav Utkarsh","2026-09-18 00:24:35",2387.1,2,rishavutkarsh
983,16773125,kuroko1t,"2026-09-18 14:29:36",2386.7,2,kuroko1t
984,16660483,TIM,"2026-09-15 23:50:33",2386.7,2,daynoryamil
985,16677810,"Maksim Borisov","2026-09-16 21:33:37",2386.1,2,ma4ypic4y
986,16758905,"Iwa Iwa","2026-09-18 08:19:02",2385.9,2,iwaiwa
987,16627796,tizawa3,"2026-09-18 14:40:41",2385.7,2,tizawa
988,16651257,PursueML,"2026-09-15 13:38:39",2385.0,2,"cuijohn,pursueml"
989,16768449,"Dmitry Volovikov","2026-09-17 09:53:39",2384.9,2,dmitryvolovikov
990,16659870,"Tien N.","2026-09-18 18:10:44",2384.2,2,tientrum
991,16669490,hinemos,"2026-09-18 16:37:44",2383.2,2,hinemos
992,16911212,zby_4240,"2026-09-18 06:13:27",2383.2,2,"panhiuting,zby4240"
993,16660485,"Colin Gaffney","2026-09-17 20:55:48",2382.4,2,colingaffney1
994,16897489,"East Kowloon","2026-09-17 14:14:36",2382.4,2,"haydenmlh,veron0611"
995,16693342,takemo,"2026-09-18 02:21:58",2382.3,2,takemoriyuto
996,16727182,FinalSunFlower,"2026-09-18 11:36:22",2381.5,2,finalsunflower
997,16904984,"Andrej Angelovski","2026-09-16 17:32:42",2380.5,2,cybertiger7
998,16623400,Less,"2026-09-17 08:16:55",2380.1,2,jiaoyouzhang
999,16910590,Hubillionaire,"2026-09-17 06:56:01",2379.7,2,hubillionaire
1000,16624047,GUOHAOYANG,"2026-09-16 22:42:54",2378.4,2,pkuszboi
1001,16890654,"Niloofar Y.","2026-09-18 13:59:51",2378.2,2,niloofaryoonesi
1002,16745569,kitchs,"2026-09-17 03:02:57",2378.2,2,kitchs
1003,16839902,"Sōsuke Aizen","2026-09-16 19:50:03",2378.1,2,"soukeaizenz,souvikdbiswas"
1004,16713743,oliver,"2026-09-18 17:18:33",2377.3,2,ollibolli
1005,16660840,"An Garcia","2026-09-17 23:46:13",2377.0,2,angarcia
1006,16661039,Abracadabra,"2026-09-18 16:02:24",2376.9,2,giovannicr
1007,16768236,Baligh,"2026-09-18 18:36:59",2376.2,2,balighmehrez
1008,16897955,Diganta,"2026-09-18 15:58:46",2376.0,2,digantabhattacharya
1009,16866398,feles99,"2026-09-17 15:50:08",2374.0,2,feles99
1010,16632327,midnq,"2026-09-16 08:06:06",2372.8,2,midnqly
1011,16859434,DearKarl,"2026-09-17 10:25:35",2372.8,2,dearkarl
1012,16857607,inny,"2026-09-17 06:37:51",2372.1,2,innycc
1013,16768239,Oshbocker,"2026-09-16 20:59:16",2370.7,2,oshbocker
1014,16633552,Unkn0wn,"2026-09-17 07:52:29",2370.5,2,"harnadshilpa,nagendraadisesha"
1015,16707994,"Ayush Gupta #2","2026-09-17 22:21:54",2369.5,2,desmond6101
1016,16698661,"Albert Wang","2026-09-17 21:02:03",2368.2,2,mianwang1024
1017,16743172,moonzfxs,"2026-09-18 17:16:12",2367.8,2,moonzfxs
1018,16624026,"Russell Kirk","2026-09-18 04:58:46",2367.7,2,russcore
1019,16778744,"Shunsuke Hayashi","2026-09-16 23:29:30",2367.4,2,shunsukehayashi1993
1020,16870596,juicyorange,"2026-09-18 15:27:32",2367.4,2,billychau1
1021,16743582,ShunkiKyoya,"2026-09-18 11:51:00",2366.6,2,shunkikyoya
1022,16698999,Odyssey,"2026-09-17 01:07:15",2365.6,2,a1spirit
1023,16622459,"Munal Singh","2026-09-18 17:57:48",2365.3,2,munalsingh
1024,16732210,tanadai,"2026-09-18 15:31:36",2364.8,2,da0516
1025,16784943,"Ian lin","2026-09-18 10:15:34",2364.5,2,ianlin310707
1026,16753974,"David Goldrajch","2026-09-17 21:14:34",2363.4,2,elie2003
1027,16632113,"Any Things","2026-09-18 16:03:03",2363.1,2,anythingsj3fare767
1028,16868759,Pand,"2026-09-18 15:06:24",2362.9,2,pand999
1029,16717255,Ryuuga89,"2026-09-13 16:31:48",2362.6,2,ryuuga89
1030,16806541,hidenov,"2026-09-18 14:53:19",2358.9,2,hidenov
1031,16824664,wozijishuode,"2026-09-18 17:39:19",2358.8,2,jamsubmarines
1032,16771623,kekuru,"2026-09-14 14:25:08",2358.7,2,soyaishihara
1033,16755203,TY0912,"2026-09-17 12:10:48",2358.3,2,samejimatink0
1034,16784217,MMN0222,"2026-09-18 05:09:51",2358.1,2,mmn0222
1035,16847247,月之光面,"2026-09-18 08:48:01",2357.2,2,cxcxcxcx
1036,16778640,Kilupy,"2026-09-18 16:22:31",2356.6,2,kilupy
1037,16693215,"Izzoudine Mohamed KANTA","2026-09-17 08:09:06",2355.9,2,izzoudeenkanta
1038,16920678,qinsuikang,"2026-09-18 17:41:57",2355.2,2,"qinsuikang,tudousisi"
1039,16881600,"Yoshihiro Hatakeyama","2026-09-16 23:27:13",2354.2,2,yoshihiro1909
1040,16680144,AM,"2026-09-17 15:52:11",2354.1,2,adammekky
1041,16705790,clora,"2026-09-18 18:08:15",2354.0,2,clora16
1042,16824931,Magniverko,"2026-09-18 03:36:26",2353.8,2,huangyingkun
1043,16888648,"MAOSEN ","2026-09-18 01:47:15",2353.5,2,maosen
1044,16660678,"Chaitanya Sonaje","2026-09-18 14:35:57",2352.0,2,chaitanya205
1045,16848394,Polaris,"2026-09-17 02:16:51",2351.2,2,zhanglei226
1046,16629787,FlameZywoo,"2026-09-18 11:53:20",2350.6,2,zgdllt
1047,16623920,"Kazuta MIZUTA","2026-09-17 02:45:13",2350.3,2,kazutamizuta
1048,16805704,ShuHaya,"2026-09-16 23:25:58",2348.6,2,yfqqq088
1049,16885548,"Anand Kumar 369o","2026-09-16 15:24:25",2348.1,2,anandkumar369o
1050,16759578,Randy,"2026-09-17 15:02:10",2348.1,2,rvndyerwin
1051,16696720,"JAZ COLD HORN","2026-09-18 01:08:20",2347.5,2,"evanmaksud,jazivxt,maulikgajera,niazmohaimanabtahi,victorhorn"
1052,16838479,"Sufi Afifi","2026-09-14 23:01:41",2347.1,2,emrys21
1053,16756411,"Maximo Uribarri","2026-09-15 14:59:17",2346.6,2,maximouribarri
1054,16681464,Amyel21,"2026-09-17 18:28:33",2346.5,2,amyel21
1055,16655190,"Will Rice","2026-09-18 16:22:55",2346.0,2,willrice
1056,16736435,Dieter,"2026-09-18 10:39:46",2344.0,2,"arc144,christofhenkel,crodoc"
1057,16652536,Satoshi_SsSs,"2026-09-16 17:19:07",2342.4,2,satoshissss
1058,16709837,Sophinator,"2026-09-16 18:50:53",2341.7,2,sophinator
1059,16640807,TS,"2026-09-18 00:23:49",2340.5,2,"macomacoo,milkcoffeen,takumi0220"
1060,16867067,jiazepin,"2026-09-18 01:22:51",2340.0,2,jiazepin
1061,16623805,"Howon Kang","2026-09-18 10:33:30",2339.7,2,howonkang
1062,16764459,在高速上逆行是危险的,"2026-09-16 15:42:04",2337.3,2,"chaojiwudiwujie,qianxiang123"
1063,16642139,"Arnav Goel","2026-09-18 08:09:51",2337.0,2,arnavgoel17
1064,16793474,"Liu Classmate","2026-09-18 17:02:34",2336.7,2,"lilya98,liuclassmate,yuxuanzhao1203"
1065,16655379,Ikeda0516,"2026-09-16 20:36:31",2336.5,2,ikeda0516
1066,16809294,Cherie01,"2026-09-16 19:50:07",2336.2,2,cherie01
1067,16736931,"Sergei Fironov","2026-09-18 11:20:34",2336.1,2,sergeifironov
1068,16636756,"K.THARUN KUMAR","2026-09-17 16:47:45",2335.9,2,tharunkumar369
1069,16913081,"Danil Bashkirov","2026-09-18 08:37:53",2333.9,2,chieph
1070,16657623,Restart:),"2026-09-17 04:27:06",2333.4,2,wayne127
1071,16829239,tomfng,"2026-09-17 12:37:00",2332.8,2,tomfng
1072,16629165,lingyu07,"2026-09-16 14:38:08",2332.8,2,lingyu07
1073,16674919,yukiZ,"2026-09-18 06:34:00",2332.6,2,hideyukizushi
1074,16871584,xder,"2026-09-16 14:19:43",2331.5,2,xderyeke393
1075,16791977,JeremyLIU858,"2026-09-18 16:00:17",2330.9,2,jeremyliu1997
1076,16657449,Timass,"2026-09-18 18:11:07",2329.0,2,timmass2
1077,16857404,gachichan,"2026-09-16 23:58:47",2328.9,2,gachichan
1078,16905157,Moonyk,"2026-09-16 08:16:37",2328.8,1,moonyk
1079,16760990,naren_v,"2026-09-17 14:48:49",2328.3,2,varuthakari
1080,16730634,Priestess,"2026-09-18 13:14:33",2327.8,2,kalypheus
1081,16840439,"God Se7en","2026-09-15 17:06:04",2327.8,2,godseven7
1082,16632304,"Masataka Suzuki","2026-09-17 14:55:27",2327.1,2,masatakasuzuki
1083,16672709,"RS Turley","2026-09-18 17:49:14",2326.9,2,rturley
1084,16654881,Freddy,"2026-09-18 19:09:18",2326.8,2,twoxding
1085,16639969,"Sheep Are All You need","2026-09-18 03:13:10",2326.7,2,aliyelbekov
1086,16891740,quwon_000,"2026-09-16 15:37:02",2326.3,2,quwon000
1087,16644481,Liquidus,"2026-09-16 02:57:18",2326.1,2,liquidus
1088,16734966,kigasudayooo,"2026-09-18 11:29:57",2324.2,2,argon1215
1089,16860129,sonny_01,"2026-09-14 10:17:49",2323.4,2,sonnymupfuni01
1090,16759699,"Mason Cao","2026-09-18 13:37:07",2322.2,2,mzcao7
1091,16915895,Shaylynn,"2026-09-17 15:58:29",2320.6,1,shittttttt
1092,16676762,"Tomas Escobar Rivera","2026-09-16 01:46:24",2319.5,2,tomasescobarrivera
1093,16623451,Ueddy,"2026-09-16 14:59:36",2317.5,2,ku0807
1094,16623799,"Akhilesh godugu","2026-09-16 15:41:08",2316.2,2,"akhileshgodugu,ashokgodugu"
1095,16892796,FunLegendGaming,"2026-09-17 16:27:04",2316.1,2,funlegendgaming
1096,16634803,hongzhouzhou,"2026-09-14 08:45:34",2315.2,2,afterrain42
1097,16662681,"Vernon Campbell","2026-09-18 01:51:57",2314.9,2,vernoncampbell
1098,16740659,haodou092,"2026-09-17 15:01:03",2313.5,2,haodou092
1099,16822071,"aisormo P.H","2026-09-17 08:59:00",2313.2,2,aisormoph
1100,16912371,Dorararra,"2026-09-18 04:24:39",2312.7,2,dorafairy661
1101,16847543,"Sankalp Wanjari","2026-09-16 18:40:53",2312.5,2,sankalpwanjari25
1102,16704580,"Yunho Hwang","2026-09-18 13:58:48",2312.4,2,yunhohwang
1103,16846857,"Tomohiro Nagai","2026-09-16 14:30:47",2310.5,2,tomohironagai
1104,16900902,"Younes Chafi","2026-09-18 08:59:24",2310.4,2,youneschafi
1105,16641536,"Michael Timbs","2026-09-18 05:39:54",2310.2,2,michaeltimbs
1106,16662833,"umair zia","2026-09-16 14:09:52",2310.0,2,aimerscoding
1107,16731605,datatuu,"2026-09-17 15:52:47",2309.3,2,yaoguang516
1108,16783265,"Xiangjiang Zhou","2026-09-17 12:04:25",2308.7,2,xiangjiangzhou
1109,16667767,t3l3kin3sis,"2026-09-18 05:17:51",2308.4,2,"daffafariq,hashmatzamaryali,malsabbagh05"
1110,16876520,OpenModelMap,"2026-09-18 15:05:55",2308.2,2,openmodelmap
1111,16847936,张志浩1,"2026-09-17 03:05:57",2308.1,2,zzh13332470923
1112,16851853,tryagain123,"2026-09-18 11:42:04",2308.0,2,lanqingsong123
1113,16891851,kamranahmmed,"2026-09-17 16:24:53",2307.5,2,kamranahmmed
1114,16848060,juliencst,"2026-09-15 22:41:27",2307.5,2,juliencst
1115,16662318,"Bardia Bahadori","2026-09-18 15:21:53",2306.9,2,bardiabahadori
1116,16668071,"Ali Eren Oğuztaş","2026-09-18 14:14:37",2306.9,2,alierenouzta
1117,16623368,"Evgeniy Veselkov","2026-09-18 13:50:19",2306.9,2,evgeniyveselkov
1118,16639844,MaxChen303,"2026-09-16 16:18:46",2306.5,2,maxchen303
1119,16850995,"KOSUKE MATSUDA","2026-09-17 14:22:41",2306.5,2,kosukematsuda
1120,16692711,Deniz,"2026-09-16 14:51:14",2306.5,2,denizeryilmaz
1121,16726545,whm8016,"2026-09-18 15:34:12",2306.3,2,whm8016
1122,16797543,Tarang222,"2026-09-13 18:36:05",2304.8,2,tarang222
1123,16853125,"BEIKE YAN","2026-09-16 06:57:48",2303.6,2,craigsid
1124,16658840,sanju25,"2026-09-18 14:32:41",2302.7,2,sanju25
1125,16897719,"Muhammad Aashir Irshad","2026-09-17 21:57:11",2302.4,2,muhammadaashirirshad
1126,16714159,Lonnie,"2026-09-16 17:40:20",2302.2,2,lonnieqin
1127,16719733,CleoCantCompete,"2026-09-18 17:40:46",2301.3,2,cleocantcompete
1128,16885498,farmhouse,"2026-09-17 15:44:21",2301.1,2,tomoyayanagi
1129,16725996,MatheusPSorancoDeCarvalho,"2026-09-16 21:35:26",2300.8,2,matheussoranco
1130,16732879,daulettoibazar,"2026-09-16 14:32:16",2300.5,2,daulettoibazar
1131,16624276,"MKGA(looking for teammates)","2026-09-16 22:19:09",2300.1,2,"horizen12,zejunfool"
1132,16632172,Ayodeji,"2026-09-16 16:08:15",2298.5,2,ayodejiibrahimlateef
1133,16755654,oQo,"2026-09-18 10:57:50",2298.3,2,oqoxodk6
1134,16849328,"Gaurav #2","2026-09-17 13:14:38",2298.2,2,genesis96839
1135,16779977,sue124,"2026-09-17 22:45:55",2298.2,2,ryotasueyoshi
1136,16849125,"OBSTACLE DEVELOPER","2026-09-18 16:15:58",2297.8,2,obstacledeveloper
1137,16663946,"Hello San Francisco","2026-09-16 12:59:25",2296.9,2,"circiumaru,dulgherustefan,radugoga"
1138,16634765,democatXamer,"2026-09-16 21:53:52",2295.4,2,w1326627677
1139,16849780,"Juan Leiva","2026-09-18 15:30:42",2295.0,2,juank333
1140,16908116,"Kabir Potdar","2026-09-16 18:40:56",2294.5,2,kabir01010
1141,16750416,QQ农场,"2026-09-18 16:19:20",2294.4,2,gvione
1142,16850078,"Safwan Amin","2026-09-16 16:53:04",2294.2,2,bracu23101281
1143,16706897,"Akshay Mathur","2026-09-16 15:10:36",2294.2,2,akshaymathur777
1144,16688568,Sophie555,"2026-09-17 12:20:27",2294.1,2,sophie555
1145,16861362,我小栗帽要娶藤正进行曲！！！💍,"2026-09-18 17:12:01",2293.5,2,"praveensahukari,rubiakaslana"
1146,16845907,yt0914,"2026-09-16 17:50:44",2292.6,2,yt0914
1147,16826465,linmumu009,"2026-09-17 02:08:49",2292.4,2,"linmumu009,renjunxiang"
1148,16639565,yasu,"2026-09-15 19:37:02",2292.2,2,yasutakababa
1149,16799235,K.Piro,"2026-09-16 12:34:33",2292.1,2,agares02
1150,16854472,Taimo,"2026-09-16 14:56:55",2291.4,2,taikimori
1151,16657576,"SUBHASH B","2026-09-16 15:55:13",2290.4,2,"rishikrish1,subhashb21022"
1152,16657728,"T Soo","2026-09-17 17:04:58",2290.3,2,ttgrcgrc
1153,16635969,"Omkar Kadam","2026-09-16 13:12:39",2288.5,2,"itzzomkar,khanayanayub,princypaonam"
1154,16907222,"Harshith Kumar","2026-09-16 17:13:57",2287.4,2,harshith1212a
1155,16764901,"Han Chen","2026-09-17 04:57:20",2286.4,2,puffohan
1156,16666566,"Rairo Mukamuri","2026-09-16 20:33:48",2286.2,2,thetraveller
1157,16775030,makishis,"2026-09-16 16:38:41",2285.1,2,makishis
1158,16732735,MMMMMMMMMMMM,"2026-09-16 14:57:27",2284.2,2,hyh273279
1159,16641884,Blacklions.,"2026-09-18 11:33:06",2282.9,2,blacklions
1160,16641138,"Bharath Varma","2026-09-18 13:26:18",2282.5,2,bharath111l
1161,16736670,"Mark Astrid","2026-09-18 03:24:32",2282.3,2,markastrid
1162,16655682,"Azamat Sadikov","2026-09-16 23:07:23",2281.7,2,azamatsadikov
1163,16691512,"Hongxin Su","2026-09-16 20:46:06",2281.3,2,hongxinsu
1164,16623875,"Pavlo Ivanin","2026-09-16 14:18:59",2281.0,2,pavloivanin
1165,16771394,"ZHIRUI ZHAO","2026-09-18 08:57:18",2280.0,2,zhiruizhao
1166,16875984,cccyou,"2026-09-18 15:56:14",2279.8,2,cccyou
1167,16670371,rkd,"2026-09-16 17:12:28",2278.5,2,ryookd
1168,16623450,S.Aoki,"2026-09-16 12:56:08",2278.3,2,soyaoki
1169,16898547,"[Deleted] 56e880dc-015c-4899-9c1b-85d9958ef4af","2026-09-15 18:25:34",2277.9,2,del=84798c2d77df7d9d
1170,16869614,"Szymon Miłosz","2026-09-16 18:49:43",2277.8,2,szymonmiosz
1171,16627148,"HUNGRED XYIS","2026-09-17 12:54:19",2277.4,2,"gleny48,makarrogovik,wooler1"
1172,16842300,fanmili,"2026-09-16 11:04:18",2276.7,2,fanmili
1173,16723096,Shabuuu,"2026-09-17 04:11:08",2276.1,2,shabuuu
1174,16693965,ra5anchor,"2026-09-17 12:56:57",2275.9,2,junmitsui
1175,16632593,skomuro,"2026-09-18 15:52:56",2275.6,2,skomuro
1176,16702275,Joyal,"2026-09-16 09:41:16",2275.3,2,joyalseejo
1177,16855295,zhudong1949,"2026-09-18 16:35:47",2274.8,2,zhudong1949
1178,16621683,Shivangoudaa,"2026-09-16 16:04:07",2274.5,2,ishivapatil
1179,16626332,"MD. Nazmus Sakib Anik","2026-09-16 12:37:30",2274.3,2,beyondlogic
1180,16714134,"Raul Tinajero","2026-09-17 19:57:39",2273.4,2,raultinajeroo
1181,16740010,"Kobe BRYANT","2026-09-17 08:08:09",2271.2,2,kobebryantjohn
1182,16751820,yy,"2026-09-16 08:26:25",2271.0,2,hirokiyamazaki
1183,16905517,Marti,"2026-09-17 09:07:59",2270.7,2,marticn
1184,16890772,tcipin-egor,"2026-09-18 17:53:06",2270.6,2,egorich51
1185,16736985,Colt,"2026-09-17 01:14:29",2270.1,2,nht1990
1186,16875601,forwardidear,"2026-09-18 16:04:09",2269.7,2,forwardidear
1187,16793553,hoon0303,"2026-09-16 12:38:01",2269.5,2,hoon0303
1188,16730728,"Le Trong Hieu","2026-09-18 05:15:27",2269.3,2,backtracking
1189,16623577,"Jiayi Tang","2026-09-18 07:28:07",2268.7,2,mannguo
1190,16655922,kusui26,"2026-09-17 09:01:34",2268.6,2,kusui26
1191,16687479,kowalskii,"2026-09-17 08:52:42",2268.6,2,anirudhkumaraheer
1192,16733839,"Fabian Ruiz","2026-09-17 19:58:26",2268.3,2,fabianruiz3
1193,16664751,"Cindy Meng90","2026-09-18 02:24:26",2267.8,2,cindymeng90
1194,16878968,"Dale Zhong","2026-09-18 06:40:20",2267.4,2,dalezhong
1195,16832209,enduejdu,"2026-09-16 10:50:47",2266.1,2,"enduejdu,vvennie,yuwenyue"
1196,16758954,shenjj02,"2026-09-17 02:30:08",2265.3,2,shenjj26
1197,16888303,Satuker,"2026-09-17 21:52:34",2265.3,2,filipgaliski
1198,16801171,"Asterios Terzis","2026-09-16 01:07:43",2265.1,2,asteriosterzis
1199,16735794,宗宗没有英文名,"2026-09-18 13:49:39",2264.5,2,iver666
1200,16892458,orangeaugust,"2026-09-17 16:24:04",2264.4,2,orangeaugust
1201,16627888,atl132,"2026-09-18 13:10:16",2264.3,2,atl132
1202,16663214,"Mathieu W","2026-09-18 09:28:19",2263.0,2,mathieuw
1203,16838625,kyohei2106,"2026-09-17 22:37:42",2262.3,2,kyohei2106
1204,16823930,"Ghost Rule","2026-09-16 13:51:30",2261.4,2,yiyangxudmm
1205,16692895,Manuf,"2026-09-18 13:29:36",2261.0,2,manuelferromorales
1206,16633507,"Ivan Vorfolomeev","2026-09-16 08:38:17",2260.8,2,ivanvorfolomeev
1207,16677565,"Avish Sinha","2026-09-17 20:02:53",2259.1,2,avish006
1208,16731074,UmutUygurr,"2026-09-17 08:40:10",2259.1,2,"dilahbaheci,umuttuygurr"
1209,16623381,cocoaAI,"2026-09-17 04:23:23",2259.0,2,cocoaai
1210,16792661,итмоняяя,"2026-09-18 15:05:21",2258.9,2,"naladwepo,tickflag"
1211,16681601,Hanaro,"2026-09-18 03:04:53",2256.8,2,lucas040
1212,16762935,"ibr mo sal","2026-09-17 02:35:11",2256.0,2,ibrmosal
1213,16654707,ManasviSharma,"2026-09-18 17:39:46",2256.0,2,manasvi821
1214,16689741,shinamonmon,"2026-09-16 02:44:27",2255.5,2,shinamonmon
1215,16666571,"Zhengxu Yu","2026-09-16 10:51:26",2255.4,2,zhengxuyu
1216,16777394,antadam127,"2026-09-16 03:20:54",2254.4,2,antadam127
1217,16631640,"dont share my work for value","2026-09-18 17:35:20",2254.3,2,caoyupeng
1218,16728708,"Rishi Jain","2026-09-16 16:05:43",2252.9,2,rishijain07
1219,16805949,Bigplanedoesnotflyfast,"2026-09-18 02:21:55",2252.1,2,ronav48902753425
1220,16809194,Ajanraj,"2026-09-18 17:43:31",2251.7,2,ajanraj25
1221,16707990,Snorlax,"2026-09-18 16:03:57",2251.1,2,pku1400010735
1222,16640540,QYQ1693,"2026-09-16 03:29:19",2250.4,2,qyq1693
1223,16870440,GOSS,"2026-09-18 16:08:55",2249.6,2,gossan
1224,16655520,"kaggle Osaka","2026-09-17 15:37:45",2248.9,2,toshiyukitanaka
1225,16726816,"Games Jadley","2026-09-18 05:07:18",2247.9,2,gamesjadley
1226,16822519,Lunospital,"2026-09-18 11:42:09",2247.9,2,lunospital
1227,16697266,"Top 1 🏆","2026-09-16 16:09:13",2246.2,2,"fahankaudeer,solirus,syntaxprnv,udhaykumarsujeebun"
1228,16903970,qorlin,"2026-09-16 03:12:00",2244.7,2,qorlin
1229,16778835,kiyoc,"2026-09-18 17:44:22",2243.1,2,kiyoshiohno
1230,16676114,Gekkotron,"2026-09-16 13:35:46",2241.5,2,gekkotron
1231,16701685,shawloong,"2026-09-16 04:15:59",2240.4,2,shawloong
1232,16806862,JudyWatermelon,"2026-09-16 17:36:49",2240.0,2,judywatermelon
1233,16865570,"Kedar Kale","2026-09-17 17:34:16",2237.0,2,kedarkale
1234,16671306,Yeswanthperni,"2026-09-16 03:11:29",2235.7,2,"tanvicaaa,yeswanthperni"
1235,16662380,"Brandon Calderon-Morales","2026-09-16 03:44:42",2234.7,2,bmoe640
1236,16738534,"Sakito Horie","2026-09-16 14:14:19",2234.5,2,sakitohorie
1237,16657229,"Adam Plow","2026-09-16 13:58:14",2234.5,2,lizhiiii
1238,16698308,"Gemini IS ALL YOU NEED","2026-09-18 09:49:05",2233.9,2,"jacqueszhelinzhang,yuan800"
1239,16657775,"Raagav & Pieter","2026-09-17 05:23:22",2231.8,2,"peetapit,raagavanand"
1240,16659550,"Sai Syam","2026-09-17 15:23:02",2231.7,2,saisyam
1241,16811467,Raster0x2a,"2026-09-16 05:12:58",2230.2,2,raster0x2a
1242,16624056,Raggriculture,"2026-09-16 09:12:34",2230.1,2,ravi123a321at
1243,16729102,"Bruce Zheng","2026-09-16 06:58:02",2229.6,2,brucezheng666
1244,16731834,Kamma,"2026-09-16 02:08:29",2229.2,2,"cheliu0307,makerfly,vonlanvonlan233"
1245,16723318,グレイラットルーデウス,"2026-09-16 03:16:04",2229.0,2,rudeus666
1246,16717572,kiyomiya-k,"2026-09-18 17:13:57",2227.5,2,kiyomiyak
1247,16630251,"Handry Novianto","2026-09-18 02:54:27",2227.4,2,handrynovianto
1248,16855477,SiriusStarRally,"2026-09-16 09:32:59",2225.5,2,siriusstarrally
1249,16806938,boominginging,"2026-09-18 03:29:01",2224.9,2,"aviator22,boominginging,caiwenjie123,mikeintokyo"
1250,16652079,Infill,"2026-09-16 07:46:41",2224.8,2,infill
1251,16827571,"BNBU Astra","2026-09-16 02:52:49",2224.3,2,"andycooper747,austindengkaggle,BNBUDINGSHANLee21,yuxiang328"
1252,16871381,huaiyuyoung,"2026-09-15 23:12:00",2224.2,2,"huaiyuyoung,mushancui,nuoyixu"
1253,16798694,돌,"2026-09-17 00:54:19",2223.9,2,nintendojoa
1254,16851147,Saifuddin,"2026-09-18 10:57:20",2223.8,2,syehsyoh
1255,16757392,Winter01,"2026-09-17 07:43:05",2222.7,2,wei111111
1256,16904006,vorlian,"2026-09-16 03:18:09",2222.3,2,vorlian
1257,16655263,rishavsaigal,"2026-09-16 14:22:59",2221.4,2,rishavsaigal
1258,16852049,Tremble,"2026-09-17 09:10:51",2221.3,2,"aimeechen1,haoxuanwang12366,junsongzhang,qiyaoxu,yifuandonlyyifu"
1259,16883907,lll,"2026-09-16 05:40:11",2220.2,2,lghlgh001
1260,16634952,"Igor Zharov","2026-09-16 12:22:30",2220.0,2,flexonafft
1261,16625921,JinchengZhang1,"2026-09-16 07:40:13",2219.9,2,jinchengzhang1
1262,16853132,masa0219,"2026-09-18 18:10:31",2219.0,2,masa0219
1263,16742439,"Shangshang Zhang","2026-09-16 03:49:08",2217.7,2,msvzss
1264,16799304,"Rlug mb","2026-09-18 01:39:00",2217.4,2,"minhtrph,rlugmb"
1265,16827097,"Bình Trần Thanh","2026-09-16 03:47:00",2217.1,2,dsdadasda
1266,16799266,"Kucing Garong","2026-09-16 08:39:44",2216.8,2,syaugialkaf
1267,16806249,CLJY,"2026-09-17 09:35:14",2216.2,2,cljy2026
1268,16796544,"Xiaonan FU","2026-09-16 01:44:11",2215.2,2,xiaonanfu999
1269,16682667,"zeel vavliya","2026-09-18 16:17:34",2214.8,2,zeelvavliya
1270,16640067,"minghao mei","2026-09-16 07:21:33",2213.2,2,minghaomei
1271,16679214,alban,"2026-09-16 14:52:21",2212.5,2,albantiacoh
1272,16820794,"Yuxuan Ba","2026-09-16 01:28:17",2212.3,2,"cynthiaaaaa06,yuxuanba"
1273,16793396,...,"2026-09-16 05:03:59",2211.1,2,shackles6966
1274,16755705,"Semyon Epanov","2026-09-18 17:23:58",2210.0,2,semyonepanov
1275,16792586,dodoshark,"2026-09-16 14:42:09",2209.5,2,dodoshark
1276,16858207,"David Wang","2026-09-16 09:02:15",2209.3,2,renew66
1277,16708296,LUCKY2,"2026-09-17 21:38:03",2208.8,2,carolezountangni
1278,16690401,Skyspace,"2026-09-16 11:02:11",2206.2,2,empireblue
1279,16674508,"Giulio Ravasio","2026-09-18 16:43:03",2205.4,2,giuliorav
1280,16841190,dp23334,"2026-09-16 01:29:07",2204.8,2,dp23334
1281,16795844,Azamaro,"2026-09-18 07:48:24",2204.7,2,azamaro
1282,16730015,suzu10,"2026-09-18 01:20:36",2203.9,2,suzu10
1283,16705830,"Grim Reaper","2026-09-17 15:47:26",2203.9,2,fathomable
1284,16722705,我的AI是豆包,"2026-09-18 18:37:22",2203.8,2,"carrotliang,haoxuanjng,kaoqiangzhang,rainhuang0220"
1285,16660313,Ctrl+Code,"2026-09-18 17:40:10",2203.5,2,"jayashankar369085,parnikasm"
1286,16688217,"The Grower","2026-09-18 14:49:33",2203.0,2,vigneshsankar1962
1287,16755495,"Leo Udah","2026-09-18 17:11:40",2202.9,2,leoudah
1288,16810078,Sam-wiz,"2026-09-18 13:27:21",2202.2,2,samwiz
1289,16741096,"Yohanes Lengkong","2026-09-17 12:43:27",2202.1,2,yohanesfc
1290,16760523,"Joseph Ayanda","2026-09-17 20:42:24",2202.0,2,josephayanda
1291,16658457,"Uchiha Eren","2026-09-18 17:43:40",2201.3,2,lucsanjay
1292,16805906,FENGYESHAN,"2026-09-18 15:18:41",2200.5,2,fengyeshan
1293,16792681,MorS,"2026-09-17 10:05:41",2200.3,2,mors1337
1294,16907576,"Dat Nguyen Viet","2026-09-16 16:39:59",2200.2,2,datnguyenviet
1295,16815132,"Duc-Anh Nguyen","2026-09-18 09:22:31",2199.9,2,valentinonguyen
1296,16725947,SamarthRawat18,"2026-09-18 14:27:53",2199.1,2,samarthrawat18
1297,16860071,TOSS,"2026-09-18 03:12:17",2196.8,2,toshikawa80
1298,16806080,銅メダルくれくれくれくれくれくれくれくれくれくれくれくれくれ,"2026-09-18 15:45:47",2196.7,2,konbu17
1299,16881512,"Asem Adnan","2026-09-18 16:54:13",2196.6,2,asemadnan
1300,16774699,"Rio Nakamura","2026-09-16 09:25:16",2196.4,2,rionakamura10
1301,16659942,"Abdoulaye DIAW","2026-09-16 09:58:46",2196.4,2,abdoulayediaw25
1302,16893006,"Duvor Richard","2026-09-16 09:49:33",2196.3,2,duvorrichard
1303,16809211,"Aleix López","2026-09-17 10:12:51",2196.1,2,aleixlopez
1304,16870577,"Kenan Zhang9","2026-09-16 10:25:19",2195.4,2,kenanzhang9
1305,16769059,Gabriel,"2026-09-18 00:42:46",2195.3,2,"shawsebastian,tvtdddd"
1306,16621315,"Reyhan Ksatria","2026-09-16 06:32:06",2194.9,2,reyhanksatria
1307,16731911,"liu bo","2026-09-16 05:07:29",2193.8,2,liuboo45586
1308,16875763,"芳村 愛支","2026-09-18 00:14:46",2193.3,2,shin1012
1309,16630713,"Grzegorz Sionkowski","2026-09-16 11:44:56",2192.7,2,sionek
1310,16791828,Ling,"2026-09-14 21:50:30",2191.0,2,lingbia
1311,16747982,"Affriza Wildan Fauzan","2026-09-18 12:54:19",2191.0,2,affrizawildanfauzan
1312,16693431,"Yi Wang","2026-09-16 02:19:28",2189.8,2,jone520
1313,16690763,chungkuangwen,"2026-09-15 10:29:10",2189.7,2,chungkuangwen
1314,16701258,ln,"2026-09-16 06:29:13",2189.5,2,nazarov
1315,16728135,sukirman,"2026-09-16 03:25:01",2189.3,2,rakbidb
1316,16770229,"shivam kanojia","2026-09-14 04:50:37",2189.2,1,shivamkanojia1
1317,16705659,"srijan k.r keshri","2026-09-18 18:55:27",2188.8,2,srijankrkeshri
1318,16662314,"Hanh Tran","2026-09-16 09:57:42",2188.2,2,honghanhhh
1319,16622937,"Sheep 🐑","2026-09-18 02:53:10",2185.6,2,kabilrh
1320,16868304,"Aaron amacadu","2026-09-17 11:45:00",2185.5,2,aaronamacadu
1321,16757621,Kurokawa,"2026-09-16 21:22:58",2185.2,2,hiroshikurokawa
1322,16906626,JY,"2026-09-18 18:03:26",2185.1,2,junyihjy
1323,16886193,"Xiaoyong Zhu","2026-09-15 01:23:47",2181.5,2,xiaoyzhu
1324,16894457,kento2002,"2026-09-17 16:44:18",2181.4,2,kento2002
1325,16621154,Zain96,"2026-09-17 18:45:55",2181.1,2,zain96
1326,16632867,"Rayk Kretzschmar","2026-09-15 17:56:43",2180.4,2,raykkretzschmar
1327,16840576,kfsky,"2026-09-18 14:41:10",2180.0,2,kengofujii
1328,16662684,"Harshini Reddy","2026-09-18 16:03:18",2178.6,2,luffyh04
1329,16693549,別班,"2026-09-18 11:51:14",2178.3,2,"kusurizuke,pepushi,tomokiaki"
1330,16915663,Wlemalin,"2026-09-17 18:00:25",2178.2,2,wlemalin
1331,16867924,PeaBrain,"2026-09-16 01:22:29",2177.5,2,abiruekanayaka1
1332,16859034,wayg9odysseus,"2026-09-17 19:06:48",2176.3,2,wayg9odysseus
1333,16673303,"Samuel Sundararaman ","2026-09-16 02:37:40",2176.1,2,neopok919
1334,16895014,trying_out,"2026-09-15 20:03:10",2175.8,2,"samiatisha,vickysynapsev"
1335,16663783,WBF_USA_NYC,"2026-09-15 04:29:07",2174.9,2,wbfranci
1336,16675063,"King Tian","2026-09-18 09:46:31",2174.8,2,tianwang1210
1337,16670933,Pat,"2026-09-15 05:34:10",2174.7,2,junseia
1338,16743647,bono,"2026-09-15 19:20:46",2174.2,2,kjoonha
1339,16889522,nyayassist,"2026-09-17 11:37:48",2172.2,2,"gauravnagotanekar,raneyash"
1340,16624080,yuuuki1111,"2026-09-18 12:23:05",2171.3,2,yuuuki1111
1341,16768543,caas_sicca,"2026-09-18 07:47:20",2170.7,2,caassicca
1342,16633190,Gigrise,"2026-09-15 22:33:00",2169.7,2,gigrais
1343,16803032,"varshitha kolupuri","2026-09-18 19:15:36",2167.9,2,varshithakolupuri
1344,16915888,"Steve T","2026-09-18 18:02:38",2167.2,1,jamesfitxroi
1345,16740996,ikevayansky,"2026-09-17 12:33:55",2167.2,2,ikevayansky
1346,16840857,Meteor,"2026-09-18 13:26:17",2165.4,2,meteorkid
1347,16880296,"CT in CS","2026-09-18 15:33:58",2165.0,2,"anhphamtranminh,nguyenvietdat,nnvietha"
1348,16667080,King-damon,"2026-09-18 14:58:46",2164.8,2,kingdamon
1349,16769967,"Bill Fan","2026-09-17 00:42:50",2163.6,2,billfan88
1350,16859316,LP,"2026-09-17 05:23:12",2163.5,2,lihu6666
1351,16773098,Apa,"2026-09-18 10:21:32",2163.2,2,yasso1
1352,16659419,"Chahat Mehra","2026-09-18 12:59:07",2163.1,2,chahatmehra
1353,16696593,bplyc15,"2026-09-15 15:30:05",2162.5,2,bplyc15
1354,16685634,"Syed Asad Ali","2026-09-18 12:36:15",2162.1,2,syed3000
1355,16754567,"Ashraf 1232","2026-09-18 11:46:33",2161.3,2,ashraf1232
1356,16875653,xuzenkun,"2026-09-18 11:24:34",2158.3,2,xuzenkun
1357,16730881,hank0123,"2026-09-18 00:53:47",2158.1,2,hank0123
1358,16861616,"Gagan Deep","2026-09-15 20:37:03",2158.0,2,gagandeep1
1359,16864346,"Yanwei Lu","2026-09-15 19:27:35",2157.3,2,yanweilu
1360,16878308,Pjchauhan,"2026-09-18 13:27:59",2156.9,2,pjchauhan
1361,16681893,morality0707,"2026-09-16 07:57:43",2156.7,2,morality0707
1362,16907595,"Eric Zhang63","2026-09-18 18:15:50",2156.5,1,"ericzhang63,szqg666"
1363,16837554,Quickpanda,"2026-09-16 10:46:09",2155.6,2,quickpanda
1364,16632715,cmasch,"2026-09-16 19:07:07",2150.3,2,cmasch
1365,16810408,"Bohdan Boklah","2026-09-15 19:26:30",2150.2,2,bohdanbb2000
1366,16881248,Veerakrishna,"2026-09-17 16:30:12",2150.1,2,veerukhannan
1367,16733766,Paarthpowa,"2026-09-17 11:01:14",2149.8,2,paarthpowa
1368,16727893,mmwstudy,"2026-09-15 09:30:20",2149.7,2,mmwstudy
1369,16748142,"Hikaru Umeda","2026-09-17 02:41:06",2149.4,2,hikarumeda1030
1370,16824010,yuxingyizhou,"2026-09-18 03:29:21",2149.1,2,yuxingyizhou
1371,16886400,Nisshi888880,"2026-09-15 14:27:49",2147.4,2,nisshi888880
1372,16640600,"Giord Frank","2026-09-17 11:24:34",2146.4,2,tangerinedog
1373,16854552,ShionMatsuoka,"2026-09-16 05:57:36",2146.2,2,shionmatsuoka
1374,16862967,Unicorns,"2026-09-15 17:50:14",2145.8,2,"isaacjiang,ryokitano"
1375,16692923,"Pavel Kazlou","2026-09-15 07:03:42",2145.6,2,paulik
1376,16662914,"Apollo's cattles","2026-09-17 17:10:52",2145.5,2,"icr007,kennethlie16,romanrozen"
1377,16677149,"Umataro Tenma","2026-09-15 06:35:21",2145.3,2,umatarotenma
1378,16862096,"Saksham Gupta","2026-09-15 17:22:16",2145.1,2,mashug
1379,16839311,"Hagiwara Shigechika","2026-09-15 11:08:05",2144.7,2,hagiwarashigechika
1380,16864125,culture,"2026-09-15 12:50:09",2140.4,2,shkurak
1381,16673370,JeovaAnderson,"2026-09-18 16:03:51",2139.9,2,jeovaanderson
1382,16847412,SuzukiKazuma,"2026-09-16 03:19:48",2138.1,2,suzukikazuma
1383,16891588,Krtecek,"2026-09-18 11:06:21",2137.1,2,krtecek
1384,16859496,KTAcosmo,"2026-09-14 11:04:26",2136.3,2,ktacosmo2kag
1385,16662910,"shoryakumar mishra","2026-09-18 18:50:05",2135.9,2,shoryakumarmishra
1386,16660988,"AI After Hours","2026-09-17 15:29:47",2134.8,2,"akshaythammana,mmehersaipreetam"
1387,16700204,"ZHOU HONGYI","2026-09-16 09:00:26",2134.4,2,zhouhyz
1388,16681744,team_fn,"2026-09-18 14:02:51",2133.9,2,fjklmn
1389,16658203,Lan_Sky,"2026-09-18 12:24:26",2133.5,2,lansky6
1390,16702754,"Запрети мне брать H100","2026-09-15 02:04:40",2133.4,2,"amocualg,borismatsakov,kirya1"
1391,16679389,"JOMIN URK21CS1077","2026-09-15 18:47:44",2131.2,2,jominurk21cs1077
1392,16643453,Haumea,"2026-09-17 21:10:00",2131.2,2,chaitanyagullapalli
1393,16657316,SCNU,"2026-09-16 01:31:45",2131.1,2,jasonxusk
1394,16632119,nickyl,"2026-09-17 15:13:55",2130.3,2,nickyjliang
1395,16661622,"Ergin Akın","2026-09-16 21:23:22",2129.5,2,erginakin
1396,16865261,"Kamal Kadakara","2026-09-18 12:04:19",2128.9,2,kamalkadakara
1397,16659679,Civitasmass,"2026-09-16 18:47:00",2127.4,2,godhand
1398,16652212,"Варим сельский самогон","2026-09-17 08:54:50",2127.3,2,asimandia
1399,16880792,dre,"2026-09-18 17:27:35",2126.8,2,ahmedelfazouan
1400,16748738,Shymohn,"2026-09-17 07:01:37",2126.6,2,shymohn
1401,16658109,edward1503,"2026-09-17 09:18:59",2124.0,2,nguynnc
1402,16791862,"Emmanuel Mireku","2026-09-18 12:38:50",2124.0,2,eldermireku
1403,16887661,magic101,"2026-09-14 22:48:26",2123.4,2,magicbuttons
1404,16642128,"MAC SAHO","2026-09-17 00:48:22",2123.2,2,macsaho
1405,16658677,大山,"2026-09-17 22:58:28",2121.9,2,mapodoufu
1406,16898309,"Mohammad Albaddawi","2026-09-15 17:21:23",2121.4,2,m7mdalbaddawi
1407,16665357,XW,"2026-09-17 04:33:56",2121.3,2,xuewei
1408,16847620,york1to,"2026-09-15 19:10:35",2121.1,2,yorkkang
1409,16659160,"Dmitry Bardonov","2026-09-18 18:20:26",2120.8,2,bdesim
1410,16892318,"fumiya utsuno","2026-09-17 14:31:58",2120.0,2,fumiya326
1411,16644808,"Rotation Theory","2026-09-18 15:36:20",2119.8,2,mikhsank
1412,16784416,tatt:)ch,"2026-09-18 12:07:22",2119.5,2,"awewrasdffetfe,tattch"
1413,16901894,"Michael Reid","2026-09-16 23:31:21",2119.1,2,michaelreid2025
1414,16756062,"Thomas #2","2026-09-16 05:01:14",2119.0,2,tommurakami
1415,16627799,"navazsh fathi","2026-09-16 13:25:35",2116.9,2,navazshfathi
1416,16807411,tamura_aicon,"2026-09-14 23:09:48",2115.7,2,hayatetaf
1417,16630740,"Ramazan Turan","2026-09-15 16:07:50",2115.7,2,ramazanturann
1418,16639507,Homii_N,"2026-09-18 01:48:17",2115.3,2,homeshwarrao
1419,16893208,hongan,"2026-09-15 21:49:30",2115.2,2,honganzhu
1420,16857491,cherish_zhang,"2026-09-17 05:51:15",2113.9,2,cherishzhang
1421,16759786,农场主,"2026-09-17 16:22:48",2113.6,2,zzxhee
1422,16754823,"tiki tiki tiki","2026-09-17 19:03:17",2113.0,2,slangitup
1423,16665416,"zeyu lau","2026-09-16 17:34:13",2111.9,2,zeyulau
1424,16701728,"katya barzova","2026-09-15 17:04:24",2111.6,2,"harlenka,nipah1,sigmaborov"
1425,16626582,"Omer Faruk Merey","2026-09-15 11:50:02",2111.4,2,omerfarukmerey
1426,16623708,"Chekhlov Dmitrii","2026-09-18 13:45:33",2111.2,2,zoli800
1427,16770842,yatakeuc,"2026-09-18 09:19:05",2110.9,2,yatakeuc
1428,16884104,Arsgorynich,"2026-09-17 04:49:58",2110.6,2,arsgorynich
1429,16630675,"Lucien de Rubempre","2026-09-13 14:14:21",2110.4,2,lucienderubempre
1430,16655383,MtN,"2026-09-18 10:41:26",2109.9,2,mariotrsn
1431,16663867,"Stephen Schott","2026-09-15 14:00:01",2109.4,2,steve421471
1432,16833013,"Tariq Alyami","2026-09-17 16:35:15",2108.2,2,tariqalyami
1433,16690923,"Maqsoud Tawaliou","2026-09-16 12:05:24",2106.7,2,maqsoudtawaliou
1434,16715933,Scomics,"2026-09-15 11:44:19",2105.4,2,"bruceche7797,dongyiqun,jyxxxx"
1435,16731799,"Ansh The Farmer 👩‍🌾","2026-09-15 19:05:59",2104.6,2,affection
1436,16635910,K3V1NM,"2026-09-18 13:33:33",2104.4,2,k3v1nm
1437,16716317,yzyhello,"2026-09-16 01:28:48",2104.1,2,yzyhello
1438,16845736,Gio,"2026-09-18 03:05:59",2103.3,2,giovanizanfra
1439,16896572,latentm,"2026-09-16 02:34:09",2103.1,2,"latentm,quannt9,xanvior,xeloria"
1440,16864919,ujimaa,"2026-09-14 23:19:55",2102.5,2,ujimaa
1441,16899004,Antonoof,"2026-09-15 21:06:44",2101.7,2,antonoof
1442,16875986,"k hori ","2026-09-15 16:45:11",2101.0,2,khori7
1443,16634493,xixi,"2026-09-15 16:40:52",2100.8,2,huangcarry26
1444,16736198,JetJetGo,"2026-09-15 14:38:28",2099.3,2,psykrishna
1445,16723272,"Rimsha Kanwal","2026-09-18 19:18:53",2099.2,2,rimsha234
1446,16647607,pumpkin,"2026-09-15 02:47:17",2098.9,2,gealachpumpkin
1447,16896267,HendraDanuSaputraChauwito,"2026-09-16 12:37:41",2097.2,2,usilisme
1448,16878353,"Hongbin Gu","2026-09-16 02:18:10",2097.2,2,guhongbin
1449,16859006,"king huang","2026-09-18 14:49:29",2096.8,2,kinghuang123
1450,16743218,RYUSHI,"2026-09-15 15:03:52",2095.4,2,ryushisa
1451,16655704,heinado,"2026-09-15 09:15:59",2095.1,2,heinado
1452,16898500,"M Noxon","2026-09-18 15:45:47",2094.0,2,mnoxon
1453,16893046,ClaudiCulture,"2026-09-18 04:29:04",2094.0,2,ortimusprime
1454,16841434,soraemon,"2026-09-13 08:11:27",2093.8,2,soraemon
1455,16658221,"Roshan Roy","2026-09-18 19:16:57",2093.8,2,"adhilvt,mohamedarifj,roshanroy333"
1456,16896854,photonova,"2026-09-15 12:29:25",2093.2,2,photonova
1457,16682306,岸本湧士郎,"2026-09-15 05:27:08",2092.3,2,yushiro20021111
1458,16718480,PLReddy23,"2026-09-15 19:41:26",2092.3,2,plreddy23
1459,16628897,"Kyoungwon Jeong","2026-09-14 23:37:48",2092.2,2,kyoungwonjeong
1460,16779564,oycr,"2026-09-18 07:31:26",2092.2,2,"oyxiaobai159,wdt124"
1461,16882140,"jiang luo1021","2026-09-17 23:08:53",2092.2,2,jiangluo1021
1462,16901814,pengurei,"2026-09-18 07:44:24",2091.9,2,pengurei
1463,16769411,Beyond,"2026-09-15 07:12:58",2091.5,2,themanysh
1464,16632006,"Adwait Tagalpallewar","2026-09-15 20:25:29",2090.3,2,adwaittagalpallewar
1465,16896886,"hemloock ","2026-09-15 12:35:43",2090.1,2,hemloock
1466,16895927,logicorix,"2026-09-15 09:30:21",2089.8,2,logicorix
1467,16794542,ysd1110,"2026-09-15 15:36:07",2089.8,2,ysd1110
1468,16653127,"Talim Aushakhman","2026-09-15 17:29:46",2088.8,2,talimaushakhman
1469,16662628,AbhiniveshSharma5354,"2026-09-15 06:38:39",2088.3,2,abhiniveshsharma5354
1470,16758895,daphne,"2026-09-15 15:11:32",2087.7,2,daphne4sg
1471,16728366,"RL Learner","2026-09-15 06:56:07",2086.3,2,forrestxlz
1472,16909097,"Yaoxiang Li","2026-09-17 05:09:17",2085.8,2,lzyacht
1473,16761267,"Bring Me Money!!!","2026-09-15 11:12:01",2085.8,2,pranavarvind
1474,16814409,YuyaSuzuki,"2026-09-17 15:23:34",2085.5,2,yututapp
1475,16896033,omnifluxor,"2026-09-15 09:40:03",2084.5,2,omnifluxor
1476,16758556,bpbpbpbpb,"2026-09-18 04:47:00",2083.1,2,bpbpbpbpb
1477,16829053,BigAngel,"2026-09-14 16:24:46",2083.0,2,kevin8093
1478,16879253,Bldr2,"2026-09-15 11:03:28",2082.0,2,alphalin2010
1479,16732857,Rojiomote,"2026-09-18 16:39:03",2081.7,2,rojiomote
1480,16754838,"Berkay Özkan","2026-09-15 09:55:49",2080.7,2,berkayzkan
1481,16745959,_demo,"2026-09-15 03:21:32",2080.5,2,fortunaterookie
1482,16621616,insuperabilehart,"2026-09-18 16:55:53",2080.1,2,insuperabile
1483,16734435,Economist,"2026-09-17 17:33:15",2079.5,2,jtheyogi
1484,16774250,"C R Suthikshn Kumar","2026-09-15 03:57:30",2079.4,2,crsuthikshnkumar
1485,16895926,Zengr1,"2026-09-17 09:58:50",2077.4,2,zengr1
1486,16849282,ancientLuck,"2026-09-15 17:05:23",2077.2,2,ancientluck
1487,16705417,fuxi,"2026-09-16 13:37:50",2075.9,2,"padyue,pytorch5009asd"
1488,16881005,"Donald Trump","2026-09-16 05:33:01",2075.4,2,"seanmtk,sinfonia8838"
1489,16711376,"Arman Tuganbaev","2026-09-18 14:23:28",2075.1,2,armantuganbaev
1490,16665637,Luvsh81,"2026-09-15 14:36:39",2073.9,2,luvsh81
1491,16624309,jjamppongmandu,"2026-09-18 18:12:27",2073.0,2,"beckspeca,hihiimj,jjamppongmandu"
1492,16767960,"Yuvraj Bhati","2026-09-14 23:24:32",2072.3,2,avioon
1493,16637973,StephenNedumpally,"2026-09-15 07:50:55",2071.6,2,stephennedumpally
1494,16675493,"Ryotaro Minato","2026-09-14 23:15:01",2071.4,2,ryotarominato
1495,16671092,"tomohito shimura","2026-09-18 00:50:00",2070.9,2,tomohitoshimura
1496,16626093,"Pilkwang Kim","2026-09-15 13:05:50",2070.5,2,pilkwang
1497,16858208,linhaiy,"2026-09-16 12:35:21",2070.2,2,linhaiy
1498,16742159,mimi！,"2026-09-16 05:57:58",2068.6,2,"morongzhu,we111135"
1499,16668262,spbforce,"2026-09-15 11:45:58",2068.2,2,spbforce
1500,16769595,Rudra,"2026-09-17 07:19:03",2067.8,2,rudrabhaskar
1501,16866373,kolesnikovia,"2026-09-15 08:12:45",2067.6,2,kolesnikovia
1502,16666365,yiyu0716,"2026-09-17 17:26:48",2067.1,2,yiyu0716
1503,16730720,broccoli,"2026-09-17 23:14:55",2066.9,2,norihori0917
1504,16623515,"Apple Joy","2026-09-15 09:06:18",2066.8,2,fishcat37
1505,16639625,"Dr Chandrasen Pandey","2026-09-15 05:18:23",2066.6,2,devchandra
1506,16736124,GIN,"2026-09-15 09:46:02",2065.5,2,runjinzhang
1507,16763375,Makus,"2026-09-18 00:56:01",2065.4,2,alexmartinez75
1508,16842246,montplusa,"2026-09-17 00:59:05",2065.4,2,montplusa
1509,16891115,tkm7510,"2026-09-15 14:17:17",2064.7,2,tkm7510
1510,16709068,Vib,"2026-09-14 21:51:49",2063.4,2,viblal
1511,16638557,"Araik Tamazian","2026-09-15 18:06:57",2062.9,2,atamazian
1512,16811251,poijio,"2026-09-16 17:31:10",2061.5,2,poijio
1513,16639550,"HIDEYO CHIBA","2026-09-18 02:36:18",2061.4,2,hideyochiba
1514,16665402,PrasadChopade213,"2026-09-14 12:39:13",2060.8,2,prasadchopade213
1515,16845023,zhtmgxr,"2026-09-17 04:53:03",2060.6,2,zhtmgxr
1516,16762769,"Jacques Buis","2026-09-15 18:35:01",2059.9,2,jacquesbuis
1517,16846069,"Bryce Muhlnickel","2026-09-14 03:27:19",2059.0,2,tokenjunkielabs
1518,16710428,"Mansi Aggarwal","2026-09-18 16:16:22",2057.0,2,mansiaggarwal88
1519,16739181,yamu_duck,"2026-09-18 12:14:10",2056.7,2,crazyleg11
1520,16752740,BorisV,"2026-09-14 02:13:08",2053.4,2,bvoskresenskii
1521,16865470,J.Moriuchi,"2026-09-18 15:11:32",2053.4,2,hesoponyo
1522,16622509,Ali,"2026-09-18 15:30:46",2053.2,2,asalhi
1523,16655582,"Yang Jinneng","2026-09-17 03:53:59",2053.0,2,adurey
1524,16720316,"Hưng Trần","2026-09-16 10:27:05",2052.4,2,hungtrabiz
1525,16663247,Ak,"2026-09-14 20:13:17",2052.3,2,abisheksrivastav
1526,16893291,"We Want... A Shrubbery!","2026-09-17 21:55:10",2051.0,2,timlongii
1527,16623592,Jack,"2026-09-18 13:56:28",2050.7,2,jackvd
1528,16905643,yngd99,"2026-09-16 12:32:42",2050.5,1,yngd99
1529,16839422,Serendipity,"2026-09-15 09:21:43",2050.5,2,stringyixuxi
1530,16693439,"Ankit Hemant Lade","2026-09-17 18:01:27",2050.5,2,"ankitlade12,jsaikrishna"
1531,16729280,"Ryoya Tsuruoka","2026-09-18 06:34:59",2050.4,2,"irohasorange,mrooto,rahaia"
1532,16844233,y3uanm,"2026-09-16 01:54:16",2049.0,2,"delta47x,lunpaixo,y3uanm"
1533,16717440,"farm pt","2026-09-18 15:44:55",2048.3,2,muran169633
1534,16878533,HayatoFujihara,"2026-09-14 15:34:37",2048.0,2,hayatofujihara
1535,16639642,c-number,"2026-09-13 03:29:40",2047.9,2,cnumber
1536,16658909,"evolve faster!","2026-09-17 17:54:00",2047.7,2,junesdata
1537,16891562,"Weverton Guedes","2026-09-14 18:27:43",2047.3,2,owevertonguedes
1538,16668260,"Yangle Ma","2026-09-16 15:55:55",2047.1,2,yanglema
1539,16651806,shawnYiB,"2026-09-13 05:11:04",2046.7,2,"mike17cui,shawnyib"
1540,16634580,akmr,"2026-09-18 08:21:33",2046.3,2,akimaru
1541,16904305,"YICHEN PAN","2026-09-16 18:39:53",2045.6,2,sakanamango
1542,16885944,"Дмитрий Герасимов","2026-09-14 14:56:51",2044.4,2,domager72
1543,16764386,Troy_xx,"2026-09-18 15:06:56",2044.2,2,troyxx
1544,16710466,"Charles Backman on LinkedIn","2026-09-14 14:14:42",2043.6,2,charlesbackman
1545,16810299,spencersi123,"2026-09-18 16:47:02",2042.8,2,spencersi123
1546,16826719,"Dennis HT","2026-09-18 09:43:32",2042.3,2,dennisht
1547,16840447,"Suliman Tadros","2026-09-15 06:10:13",2040.9,2,sulimantadros
1548,16805980,Kifine,"2026-09-14 08:38:12",2040.3,2,liaoyingxi
1549,16889791,JinboWang,"2026-09-18 06:26:46",2040.0,2,jinbowang1
1550,16730223,Ojaswy,"2026-09-18 18:33:57",2039.5,2,ojaswy
1551,16631421,cg,"2026-09-18 09:38:36",2038.9,2,chaitanyagarg2
1552,16752019,"Kaipeng Zheng","2026-09-18 07:54:48",2038.6,2,kaipengzheng
1553,16891432,porzlck,"2026-09-17 10:07:44",2038.0,2,orzlck
1554,16622531,"musya lyusya team","2026-09-15 17:44:15",2037.9,2,vswz2nqp
1555,16713797,CrazyDave111,"2026-09-15 07:37:31",2037.7,2,crazydave111
1556,16865070,carlos-tagosaku,"2026-09-16 03:08:48",2037.5,2,sousugiyama
1557,16629308,Sutee,"2026-09-17 02:47:03",2037.1,2,lszlst
1558,16889004,SkOnTheRocks,"2026-09-15 11:43:43",2036.9,2,skontherocks
1559,16806882,"Friedhelm Winter","2026-09-15 04:31:47",2036.8,2,friedhelmwinter
1560,16627032,"Kaito Fukami","2026-09-15 06:05:31",2036.8,2,kaitofukami
1561,16689154,CrossEngineered,"2026-09-18 19:15:25",2036.8,2,"danyalsahin1,gkenurk"
1562,16891965,artem3605,"2026-09-16 15:23:34",2034.6,2,artem3605
1563,16768065,"Gradient Grazing","2026-09-18 14:59:32",2034.6,2,adamhusein
1564,16848532,peppersaltman,"2026-09-14 14:49:11",2033.8,2,peppersaltman
1565,16716078,既然巅峰留不住，那就重走来时路,"2026-09-14 09:41:36",2033.3,2,"jenzenhuang,luwyeb,wafflebear,wenjiewangdev"
1566,16783021,"TAN TIANYE","2026-09-13 03:04:35",2033.1,2,tantianye
1567,16783740,ZiYiMing,"2026-09-16 03:54:41",2032.8,2,ziyiming
1568,16762957,邪悪な暁山瑞希、ジャガイモを量産してフライドポテト市場を独占,"2026-09-18 15:10:58",2032.1,2,yinzimike
1569,16711398,"Claude Fable 5.1","2026-09-17 09:38:55",2031.9,2,chenxizhao21
1570,16732763,"Raihan Ramadistra","2026-09-14 12:05:13",2030.8,2,raihanramadistra
1571,16664836,"Adnan Zaman","2026-09-15 15:31:52",2029.5,2,adnanzamanniloy
1572,16679827,Juanky_too,"2026-09-17 13:06:42",2028.7,2,juankytoo
1573,16750575,Gronk,"2026-09-18 05:18:17",2027.6,2,jianyicai
1574,16872207,"Tèo Búng","2026-09-18 08:06:06",2027.5,2,teobung
1575,16839638,keeplooking,"2026-09-16 04:50:00",2025.4,2,keeplooking
1576,16843838,"Alapati Ramakrishna","2026-09-18 14:40:57",2025.0,2,alapatiramakrishna
1577,16739019,quzhihang,"2026-09-14 06:41:16",2024.1,2,quzhihang
1578,16807380,"D × MirAI","2026-09-17 00:53:47",2022.2,2,kmnkmn
1579,16903902,wanghaozhi,"2026-09-18 07:34:07",2021.5,2,wanghaozhi
1580,16697540,"Jared Floersch","2026-09-16 05:09:23",2020.0,2,jaredfloersch
1581,16732670,minoneru,"2026-09-18 18:59:20",2018.8,2,kotaminoshima
1582,16897501,"I'm Fine.","2026-09-18 08:30:43",2018.2,2,zkheart
1583,16891791,judy12345.0316,"2026-09-15 05:38:38",2018.0,2,judy123450316
1584,16710499,sukeke,"2026-09-15 04:28:10",2017.8,2,sukeke
1585,16688787,Fih,"2026-09-16 12:46:18",2017.1,2,vencerlanz09
1586,16801351,デワンシュ,"2026-09-15 08:10:28",2016.9,2,shade012
1587,16880773,最强扫地僧,"2026-09-15 12:52:15",2015.2,2,yyx466005036
1588,16809874,もたざる,"2026-09-17 03:45:33",2015.1,2,havenox
1589,16884844,Happyfarm,"2026-09-14 10:51:11",2014.1,2,zhengweibin1026
1590,16681405,"Yusuke Hayashi","2026-09-14 10:10:00",2012.6,2,yhay81
1591,16862582,StephaneB7899,"2026-09-14 02:34:17",2012.2,2,stephaneb7899
1592,16755099,"Aleksandr Ulianin","2026-09-14 12:05:33",2010.5,2,aleksandrulianin
1593,16854477,"Marc Maldonado Lorca","2026-09-15 12:31:41",2009.7,2,marcmaldonado
1594,16694346,ywwywww,"2026-09-14 07:52:56",2009.2,2,ywywww
1595,16861256,lizh2025,"2026-09-16 15:02:06",2008.6,2,lizh2025
1596,16888260,"Ndabenhle Ngema","2026-09-17 06:39:05",2008.5,2,ndabenhlengema
1597,16630129,"Yi Lu","2026-09-16 01:54:33",2008.0,2,liqiu0224
1598,16623199,"Jesse Ferguson","2026-09-18 19:12:40",2005.4,2,jesseferguson
1599,16629624,"Sayandeep Ghosh","2026-09-18 16:52:48",2003.9,2,sayandeepghosh
1600,16806206,"Yuan Yongth","2026-09-18 15:23:45",2003.2,2,"sunnylzheng,yuanyongth"
1601,16909485,SatoGo,"2026-09-18 14:34:46",2002.5,2,satogo
1602,16677855,Mehrdad_LU,"2026-09-16 19:21:44",2001.8,2,mehrdadal2023
1603,16623691,KevlarZanderChi,"2026-09-18 17:00:18",2000.8,2,kevlarzanderchi
1604,16806728,"Neural Knight","2026-09-17 18:28:35",2000.5,2,"chinmaymnaik,sivasainath06"
1605,16716431,m&m,"2026-09-18 00:25:39",2000.0,2,ntrlmt
1606,16761875,eugenn,"2026-09-15 15:07:39",2000.0,2,eugennekhai
1607,16811313,Ta_____ko,"2026-09-18 01:06:18",1999.0,2,tako1249
1608,16623524,"Marcus Vinicius","2026-09-15 23:10:38",1998.9,2,marcux777
1609,16852766,MCZK,"2026-09-15 00:49:38",1998.2,2,hitoshimochizuki
1610,16715828,samg,"2026-09-14 12:28:48",1997.1,2,samgreen2046
1611,16653828,Boltuzamaki,"2026-09-18 12:25:03",1996.5,2,boltuzamaki
1612,16892272,"Leo #3","2026-09-14 15:44:18",1996.2,1,leo123321
1613,16845713,"qweq asd","2026-09-14 04:09:52",1996.2,2,qweqasd
1614,16654379,"Sebastian Mateus","2026-09-18 16:22:29",1992.8,2,"brenorb,sebastianmateus"
1615,16802442,"Rabia Eda Yılmaz","2026-09-15 19:10:02",1991.4,2,truthisneverlinear
1616,16706892,Ko,"2026-09-13 08:01:21",1990.6,2,syurenuko
1617,16758817,Ruwawa,"2026-09-15 14:26:15",1990.5,2,ruwawa
1618,16796133,NoMoreThan20Words,"2026-09-15 00:19:25",1990.2,2,nomorethan20words
1619,16794090,Euphor_M,"2026-09-17 22:14:23",1990.1,2,euphor
1620,16699741,Tom3,"2026-09-18 00:37:08",1988.7,2,tomohiroaz
1621,16733016,Quillbolt,"2026-09-18 00:33:45",1988.3,2,tunminhhunh
1622,16627600,"NiA Farms","2026-09-15 06:17:22",1988.2,2,"adriaft,natliablascoandreo"
1623,16707303,meTeam,"2026-09-15 23:10:32",1986.0,2,aaronzribi
1624,16664392,AdamHsieh,"2026-09-17 09:57:53",1985.2,2,adamhsieh
1625,16823957,"kiki yi2","2026-09-18 09:33:52",1985.1,2,kikiyi2
1626,16769849,"Shuwen(Shawn) Ge","2026-09-14 07:22:11",1984.2,2,shuwenshawnge
1627,16675344,PP_Azalearn,"2026-09-16 02:42:50",1983.2,2,"androidss,keitookamoto,pptakehirokawada"
1628,16893402,tedo,"2026-09-15 00:05:46",1982.8,2,takuroedo
1629,16655844,MAFIN,"2026-09-14 12:37:15",1982.6,2,moneyman91
1630,16701074,"One Policy to Rule Them All","2026-09-14 14:41:04",1981.4,2,qujiahui
1631,16682514,"Pavel Pavlov","2026-09-14 18:14:33",1981.0,2,akakii
1632,16676063,"Kembang Melon","2026-09-15 07:47:20",1980.2,2,wajawaja
1633,16775684,ketterking,"2026-09-18 16:30:24",1979.6,2,"ketterwang,wwppyywwww"
1634,16696743,"wennan cao","2026-09-18 07:47:44",1979.3,2,wennancao
1635,16735353,我是刘大聪,"2026-09-14 16:55:50",1979.2,2,smartorz
1636,16836787,KSKBL,"2026-09-15 14:20:52",1978.5,2,"length1001,trafalgar1234"
1637,16884892,AQiDA19,"2026-09-14 02:32:26",1978.5,2,aqida19
1638,16630312,beijijun,"2026-09-14 12:04:11",1977.9,2,beijijun
1639,16721248,"Raef Guizani","2026-09-16 08:32:44",1977.0,2,raefguizani
1640,16706227,"Wise Fancy","2026-09-15 02:27:45",1976.7,2,wisefancy
1641,16835029,先过我的Gemini,"2026-09-14 10:21:24",1976.3,2,gutssss
1642,16732292,takaygiiiiiiii,"2026-09-16 02:25:14",1976.2,2,takaygiiiiiiii
1643,16654742,"Aastik Rajan15","2026-09-14 11:58:25",1976.0,2,aastikrajan15
1644,16694149,maxout,"2026-09-14 14:11:27",1975.8,2,"aadijoshi19,kavyabhand"
1645,16810030,fukumayo,"2026-09-18 00:02:45",1975.4,2,fukumayouta
1646,16630784,"🚜 Sub-Par Seedlings","2026-09-15 16:54:05",1975.0,2,"dwellement0baser,michaellist,oneupkiwi,wilhelmberghammer"
1647,16891334,"Ruslan Akhmetov","2026-09-14 12:21:55",1973.9,1,ecolla999
1648,16669441,"Chirag Desai","2026-09-18 15:03:16",1973.1,2,cid007
1649,16867120,"DaoHe Liu","2026-09-14 07:13:16",1972.5,2,daoheliu
1650,16684704,LIQUIDHORSE,"2026-09-14 17:57:58",1972.4,1,liquidhorse
1651,16843303,inori315,"2026-09-14 13:31:27",1971.4,2,inori315
1652,16738487,"Andrey Shpigar","2026-09-13 20:57:51",1971.1,2,andreyshpigar
1653,16761418,"Piggy Piggy","2026-09-14 23:37:49",1970.8,2,txgg123
1654,16886298,amosokello451,"2026-09-18 11:36:19",1969.9,2,amosokello451
1655,16840921,evolved,"2026-09-15 05:03:46",1969.4,2,algunion
1656,16746599,Borrun,"2026-09-14 09:56:38",1969.1,2,borrun
1657,16728321,Rohitt_94,"2026-09-14 11:49:40",1969.1,1,rohitt94
1658,16667766,vasujain7,"2026-09-14 17:44:19",1968.7,2,vasujain7
1659,16890503,KevinYongxin,"2026-09-14 08:52:18",1968.5,1,yongxinkwan
1660,16728160,Ozi,"2026-09-14 18:37:07",1967.9,2,muhammaduzair21
1661,16655758,patience,"2026-09-15 14:38:52",1967.6,2,"weirdocurry,wenjunkai124"
1662,16744914,"El Mehdi EL JAIR","2026-09-13 11:45:42",1966.6,2,elmehdieljair
1663,16921261,Dongdongjiaqi,"2026-09-18 15:10:11",1966.4,2,dongdongjiaqi
1664,16668152,ksew364,"2026-09-16 10:32:36",1965.4,2,ksew364
1665,16791924,magu1234,"2026-09-14 08:15:32",1965.2,2,magu1234
1666,16881350,xwl_tree,"2026-09-18 10:40:29",1964.9,2,xwltree
1667,16640780,"drezna ultra","2026-09-18 14:14:35",1963.8,2,notakes
1668,16630752,motemen,"2026-09-13 07:56:37",1963.2,2,motemen
1669,16887142,backsider,"2026-09-16 09:34:44",1963.0,2,backsider
1670,16713335,"Muhammad Imran","2026-09-14 09:42:21",1962.9,2,muhammadimranchitral
1671,16641372,ShoaibSSM,"2026-09-14 11:41:29",1962.7,2,"naveenlx111249971939,shoaibssm"
1672,16623812,"SeshuRaju 🧘‍♂️","2026-09-14 09:02:29",1962.6,2,seshurajup
1673,16683288,HuaLQin,"2026-09-16 05:48:51",1961.7,2,hualqin
1674,16659771,DieByTheSword,"2026-09-16 08:53:03",1960.6,2,przemysawstroiws
1675,16764301,"Quýt đây đừng sợ","2026-09-16 11:30:16",1960.4,2,ponschannel
1676,16660488,tehyoni,"2026-09-14 15:15:31",1960.3,2,"gooberdambi,sidcat,suaeng,tehyoni"
1677,16719884,ykhnkf,"2026-09-15 13:03:05",1959.6,2,ykhnkf
1678,16887631,"Wills Cui","2026-09-18 04:55:28",1958.8,2,willscui
1679,16838362,"Yixuan Yang","2026-09-14 17:56:55",1957.5,2,easoney
1680,16764546,Thirst,"2026-09-15 13:07:32",1957.1,2,wahidakram
1681,16757320,Jingxiang,"2026-09-12 22:11:32",1957.1,2,jingxiango
1682,16876853,PUN,"2026-09-18 13:39:51",1956.6,2,pshikk
1683,16658382,vladee,"2026-09-14 14:49:46",1955.6,2,vladee
1684,16682032,"Satkar sarvankar","2026-09-14 14:56:57",1955.6,2,satkar003
1685,16729413,KharinTymofii,"2026-09-14 01:32:08",1955.0,2,kharintymofii
1686,16674948,habe.sq,"2026-09-15 13:31:54",1954.9,2,habesq
1687,16884417,"malcolm tan","2026-09-18 18:24:39",1954.9,2,malcolmtan
1688,16674932,kokinnwakashuu,"2026-09-14 21:28:32",1954.6,2,kokinnwakashuu
1689,16828191,wanghongwei111,"2026-09-14 13:07:32",1953.7,2,wanghongwei111
1690,16709504,U023,"2026-09-14 16:44:14",1952.8,2,ryutek
1691,16665129,Doom,"2026-09-18 07:40:43",1952.1,2,"mr6436,sanskaarundale"
1692,16872754,kitano0104,"2026-09-18 12:37:17",1951.8,2,"kitano0104,ryyymy"
1693,16740644,Terence0914,"2026-09-14 03:00:31",1951.7,2,terence0914
1694,16866971,"Riad Hossain","2026-09-18 08:22:26",1951.6,2,riadhhossain
1695,16723427,"Nikita Biryukov","2026-09-14 07:00:48",1951.5,2,bnikita
1696,16691001,"Mahmoud Abdelshafy","2026-09-14 20:08:03",1950.7,2,mahmoudabdshafy
1697,16806475,sohma,"2026-09-17 14:05:44",1950.1,2,hi210278
1698,16624109,"Nguyễn Thế Minh Đức","2026-09-15 01:01:29",1949.9,2,nguynthminhc
1699,16785523,Doranap,"2026-09-15 05:49:19",1949.5,2,doranap
1700,16632377,"Legend Brothers","2026-09-18 11:52:12",1949.2,2,"holeguma,shunhirota"
1701,16635504,"Datta Dhebe","2026-09-12 22:41:11",1948.9,2,dattadhebe
1702,16658426,RIVEN23,"2026-09-15 04:02:51",1948.0,2,riven5
1703,16663166,Rey4Dan,"2026-09-18 16:12:51",1946.9,2,rey4dan
1704,16743546,"Simon Dorcas","2026-09-15 12:32:31",1946.9,2,simondorcas
1705,16858986,kam,"2026-09-14 04:55:10",1945.7,2,kotakambayashi
1706,16791254,player123,"2026-09-16 15:20:19",1945.6,2,prashantbhattarai093
1707,16760515,"Kazuo Watanabe","2026-09-14 12:06:35",1944.5,2,watanabekazuo
1708,16806053,hisatarosu,"2026-09-14 06:31:29",1944.3,2,tomako4390
1709,16671133,Kazeneko,"2026-09-14 22:39:30",1942.4,2,kazeneko77
1710,16660209,"Whyme Labs","2026-09-18 11:50:51",1942.3,2,whymelabs
1711,16761744,"Daiki Takahashi","2026-09-18 01:33:28",1942.2,2,daikitakahashi
1712,16835641,baojidehuangmao,"2026-09-17 10:38:44",1941.3,2,"brittneylewis2,innocentdzzz"
1713,16630380,JM,"2026-09-16 18:27:33",1940.9,2,julianmukaj
1714,16770715,"Vicens Gaitan","2026-09-14 10:21:10",1940.7,2,vicensgaitan
1715,16880558,"Georgi Kanev","2026-09-14 14:42:31",1940.5,2,georgikanev
1716,16858464,Taisei_Tsuneki,"2026-09-14 07:09:25",1940.2,1,taiseitsuneki
1717,16802410,"Aleksandr  Larko","2026-09-14 02:42:42",1939.6,2,alexxanderlarko
1718,16703045,ReCurSiON,"2026-09-14 17:05:11",1938.7,2,ashok205
1719,16654669,"Jordi Corbilla","2026-09-18 18:36:45",1938.7,2,jordicorbilla
1720,16745761,mitomeat823,"2026-09-18 04:59:39",1937.5,2,mitomeat823
1721,16665084,"Wei Han","2026-09-18 16:37:35",1937.2,2,weihan87
1722,16862614,"Andrew Bunn","2026-09-16 22:30:39",1936.8,2,andrewbunn
1723,16670504,Shirabe,"2026-09-17 03:00:23",1936.7,2,carlmakt
1724,16630797,"Seok, Jeongeum","2026-09-18 02:26:11",1935.4,2,seokjeongeum
1725,16731577,RYnerv,"2026-09-14 11:33:32",1935.2,2,rynerv
1726,16863335,"Bright Choice AI","2026-09-18 11:16:32",1934.3,2,brightchoiceai
1727,16842093,aether74,"2026-09-14 06:18:50",1933.4,2,aether74
1728,16672136,chupaletas,"2026-09-18 02:43:40",1933.1,2,urvesh
1729,16674295,"Nguyễn Minh Hiếu","2026-09-15 08:01:41",1933.0,2,endermage
1730,16820607,PeriwinkleBlueOvO,"2026-09-18 12:00:57",1932.6,2,"PeriwinkleBlueOvO,wenqiangao1"
1731,16796241,"pavan rajr","2026-09-18 10:01:25",1929.7,2,pavanrajr
1732,16878458,"Sho Saga","2026-09-18 00:05:55",1929.3,2,shosaga
1733,16634246,just_calculate,"2026-09-15 09:57:32",1927.8,2,justcalculate
1734,16841910,"Lucky bara","2026-09-14 02:44:27",1926.8,2,luckybara
1735,16841440,CornFormer,"2026-09-17 03:03:35",1926.8,2,linyangtian
1736,16625050,"how to place pokemon","2026-09-15 18:51:24",1926.4,2,ktverdov
1737,16651804,"Bocen Li","2026-09-14 03:52:29",1924.6,2,bocenli
1738,16641816,"Toshiki Honda","2026-09-16 15:03:37",1923.8,2,toshikihonda
1739,16686155,梁圣的恩情还不完,"2026-09-14 14:08:46",1923.3,2,yyyyhhhhwww
1740,16735744,老乡,"2026-09-14 02:54:38",1922.8,2,hboyang
1741,16709236,rick11224,"2026-09-13 16:37:58",1922.1,2,rick11224
1742,16879166,NoDash,"2026-09-15 02:56:39",1921.7,2,nodash
1743,16657796,"parv goyal2","2026-09-18 09:45:41",1919.5,2,parvgoyal2
1744,16707383,"codex is all you need","2026-09-13 01:26:48",1919.4,2,chizhu2018
1745,16796235,"Keside Onyeocha","2026-09-17 16:06:32",1919.2,2,kesideonyeocha
1746,16886979,"Ivan Toropin","2026-09-13 21:21:17",1918.6,2,ivantoropin
1747,16640933,"Bhanu prasad","2026-09-18 14:25:43",1917.9,2,restlesseagle
1748,16732422,"Aizat Kashapov","2026-09-17 18:43:55",1915.8,2,liderpartiii
1749,16672121,"Tiger bonbon","2026-09-14 03:41:59",1915.8,2,fujiwarayuto
1750,16696960,pi-500.phys,"2026-09-13 16:46:21",1915.6,1,pi500phys
1751,16845165,Tanuki_boosting,"2026-09-13 12:41:51",1914.6,2,miyamotodaiya
1752,16862912,"Nicolas Krusche","2026-09-15 00:03:10",1914.5,2,nicolaskrusche
1753,16854072,r13721,"2026-09-13 13:57:13",1914.2,2,r13721
1754,16843042,"Frost Cerberus","2026-09-14 05:21:03",1913.9,2,frostcerberus
1755,16705523,"Brian Chua","2026-09-15 11:35:40",1913.5,2,chuazhengweibrian
1756,16649314,"Yuka,Ota","2026-09-14 08:17:18",1912.4,2,yukaika
1757,16769435,"Nguyễn Mạnh","2026-09-18 14:27:48",1911.6,2,nguyenmanh97
1758,16697139,Stocks152,"2026-09-17 10:45:09",1908.7,2,stocks152
1759,16746372,"Meerub Atiq","2026-09-18 13:00:49",1908.2,2,meerubatiq
1760,16753925,"Tyler Durden","2026-09-15 08:06:49",1908.0,2,jeedimetlacharan213
1761,16780995,"Silver Surfer","2026-09-13 15:19:13",1907.3,2,hausch11
1762,16662492,"Lester Leong","2026-09-14 15:20:15",1907.2,2,lesterleong
1763,16632493,"oni chan arigato","2026-09-13 23:01:31",1906.5,2,"kindasomethin,nabidnur"
1764,16845695,"Nam Lê Phương","2026-09-14 06:56:08",1905.7,2,pearpn25
1765,16730495,joinus,"2026-09-15 08:34:22",1905.5,2,joinus2003
1766,16885090,higuuu,"2026-09-18 15:58:43",1905.4,2,higuuu
1767,16841799,珍珠,"2026-09-14 16:49:56",1904.9,2,luochen6
1768,16735252,LagrangianLocomotive,"2026-09-18 13:03:40",1904.5,2,lagrangianlocomotive
1769,16646970,juewang1p,"2026-09-14 03:15:01",1904.4,2,juewang1p
1770,16731501,"Shiv Satyam","2026-09-13 22:14:15",1903.7,2,shivsatyam
1771,16669123,"Alex #2","2026-09-14 04:10:26",1903.7,2,alxdfy
1772,16822002,shiokoh,"2026-09-13 16:02:35",1903.0,2,shiokoh
1773,16866968,HXS-CF13,"2026-09-18 13:26:31",1902.4,2,hxscf13
1774,16791369,dataix,"2026-09-13 19:36:42",1901.3,2,codymachody
1775,16730357,"My second life","2026-09-18 14:25:20",1900.8,2,"giovannibaldon,jjinho,pavelsavchenkov,ttyn4519"
1776,16783642,base_camp_2002,"2026-09-15 06:57:18",1900.7,2,basecamp2002
1777,16674586,"Stanislav Ilin","2026-09-15 13:33:30",1899.5,2,stanislavilin2026ai
1778,16853540,WUZB,"2026-09-14 16:34:29",1899.4,2,wzhengbiao
1779,16635351,AAAMIKASA,"2026-09-13 22:13:23",1898.6,2,aaamikasa
1780,16775242,"Timothee Henry","2026-09-17 05:10:12",1898.3,2,timhenry
1781,16799045,qq牧场,"2026-09-17 03:51:51",1897.3,2,"goodchen145,sir2026,zhaosir2026"
1782,16697185,"Prince Special","2026-09-17 05:46:38",1895.9,2,temitayogbolahan
1783,16736856,misaki,"2026-09-14 13:34:34",1895.5,2,"dicenull,iroharyo,jinnsou0219,misakima"
1784,16865554,"parker tan","2026-09-18 10:42:33",1895.4,2,parkertan
1785,16697411,VynoDePal,"2026-09-18 18:01:48",1893.6,2,kvynodjo
1786,16682892,"Alvaro Llamojha","2026-09-16 08:37:03",1893.1,2,alvarollamojha
1787,16809200,v0m0v,"2026-09-13 12:09:18",1893.0,2,maguchiya
1788,16847706,takumina,"2026-09-13 23:45:40",1892.9,2,takuminakamatsu
1789,16675866,DanilChil,"2026-09-15 19:30:24",1891.4,2,danilchil
1790,16669650,motono0223,"2026-09-14 15:16:56",1891.4,2,motono0223
1791,16802843,Dream,"2026-09-16 02:45:24",1891.2,2,"jamesl8,tzeweilim"
1792,16697898,"Yin Li","2026-09-13 12:57:24",1891.2,2,kevin250304
1793,16638804,"Anhad Mahajan","2026-09-18 13:02:52",1890.7,2,anhadmahajan06
1794,16854815,marching_zzz,"2026-09-18 16:42:16",1890.6,2,marchingzzz
1795,16875464,tllswelp,"2026-09-13 11:07:16",1890.2,2,tllswelp
1796,16655631,"Djamila Benchikh","2026-09-15 22:20:15",1890.1,2,djamilabenchikh
1797,16766498,HNUST,"2026-09-15 06:44:18",1890.0,2,"aloemoon,castianhans"
1798,16712863,ominteam,"2026-09-16 11:40:51",1889.6,2,"luantony,suruikk"
1799,16845020,AGI,"2026-09-17 18:19:05",1889.3,2,"guusadema,tgroen3"
1800,16629873,UncleWKTK,"2026-09-13 05:24:28",1888.4,2,unclewktk
1801,16798317,"Baran Akyıldız","2026-09-13 19:07:13",1888.3,2,baranakyldz
1802,16668564,"Rikito Kanda","2026-09-14 13:01:57",1888.2,2,rikitokanda
1803,16751411,"lamb Liu","2026-09-18 12:58:26",1888.2,2,liuxiaohua72
1804,16659395,HyperX,"2026-09-15 11:53:22",1887.8,2,"diversedharun,harishinkaggle"
1805,16839458,"Agent 0","2026-09-14 00:51:00",1887.3,2,agent0
1806,16698206,"Bark at the Barnyard","2026-09-14 15:22:45",1886.9,2,mming0430
1807,16674831,"nk for work","2026-09-17 22:55:52",1881.6,2,nkforwork
1808,16840588,Q.Ai,"2026-09-13 19:36:27",1881.4,2,"alperennbaran,hseyinemre134"
1809,16810141,"Sijie Ma","2026-09-13 14:22:49",1880.4,2,"dimashitong112,sijiema"
1810,16806146,"Factual Explorer","2026-09-12 20:05:48",1880.1,2,factualexplorer
1811,16881755,MudassarPAPI,"2026-09-14 08:59:06",1877.8,2,mudassarpapi
1812,16633853,"funny farm","2026-09-14 12:31:58",1877.8,2,"alannasibullin,alexandrutkov"
1813,16655500,"Zhao Liying","2026-09-13 11:25:50",1877.5,2,yeohzhonghanervin
1814,16655150,"Benjamin H Pepper","2026-09-16 18:55:03",1877.3,2,bhpepper
1815,16731926,"Pardheev Krishna","2026-09-12 12:08:13",1877.3,2,"anandkumar0901,ayushjiwatramani,nidhibsh,nitindatanylatics,pardheev"
1816,16777836,キムチ納豆,"2026-09-13 07:07:18",1876.4,1,ccchikuwa
1817,16622820,"Sergey Nefedov","2026-09-13 18:00:39",1876.2,2,sergionefedov
1818,16855214,"Kazumi Sakamaki","2026-09-15 12:20:09",1875.1,2,hatimitusiropp
1819,16693942,"Lisan al-Gaib","2026-09-16 14:06:04",1874.4,2,azrihasin
1820,16674878,KirillKlem,"2026-09-13 18:19:27",1874.1,2,kirillklem
1821,16752277,YKuma,"2026-09-14 14:08:15",1872.3,2,ykumazaki
1822,16736265,"Marko Rupnik","2026-09-12 21:03:29",1871.8,2,markorupnik
1823,16715066,akahane,"2026-09-16 21:06:58",1871.5,2,shuheiakahane
1824,16884368,LaManbo,"2026-09-13 10:51:44",1871.0,2,encizhang
1825,16624969,tf,"2026-09-15 13:20:28",1870.5,2,tfukuhara
1826,16722295,"Yuya Shintani","2026-09-17 22:50:28",1869.7,2,uplus26e7
1827,16778627,LXZ538,"2026-09-13 12:58:52",1869.6,2,lxz538
1828,16881631,"Arjun Sharma","2026-09-12 14:47:32",1869.2,2,arjundsharma
1829,16669604,"Abhijit Pise","2026-09-13 21:25:57",1869.1,2,abhijitpise
1830,16669711,"Anton Shaniuk","2026-09-18 18:08:55",1868.8,2,antonshaniuk
1831,16633773,copasta,"2026-09-13 06:16:43",1866.7,2,copasta
1832,16655098,"Brotron Carbide","2026-09-13 03:38:35",1866.1,2,brotroncarbide
1833,16844518,"Haroon Rasheed","2026-09-17 15:00:50",1865.7,2,haroonnsgb
1834,16807538,Asterope,"2026-09-16 01:49:58",1865.6,2,jianlee0
1835,16772460,"Дмитрий Онин","2026-09-14 05:22:31",1865.6,2,rejo1ce
1836,16654027,shiv,"2026-09-14 15:18:51",1865.4,2,shivaurora
1837,16786595,"dbvz sbsbs","2026-09-12 08:37:55",1865.3,2,dbvzsbsbs
1838,16885455,"Ali Azizi","2026-09-15 10:38:52",1865.3,2,aliazizi1
1839,16842747,314?,"2026-09-13 19:26:50",1864.2,2,elshahed
1840,16867375,YUXUCH,"2026-09-18 13:21:43",1864.0,1,yuxuch
1841,16740431,yuikag,"2026-09-16 02:50:40",1863.4,2,yuikag
1842,16684641,t.me/aetheranime,"2026-09-13 10:22:28",1863.3,2,yfrite
1843,16639168,Sergey,"2026-09-13 08:22:45",1860.4,2,sergeymikhailovn
1844,16780279,"N Divij","2026-09-12 18:30:06",1859.5,2,divijio
1845,16807802,嘴爷,"2026-09-14 02:14:43",1859.0,2,zui0711
1846,16653311,"Stanislav Tsepa","2026-09-14 03:15:26",1858.9,2,mrtsepa
1847,16881121,Annsatz,"2026-09-14 14:59:00",1858.8,2,ansatzkong
1848,16866868,mr_children_0617,"2026-09-14 13:01:56",1858.3,2,mrchildren0617
1849,16884932,torvile,"2026-09-13 05:54:14",1858.1,2,torvile
1850,16740161,r2singh,"2026-09-13 19:26:20",1857.7,2,ratnaraj
1851,16854439,"Yosef Zoabi","2026-09-13 21:05:15",1856.9,2,yosefzoabi
1852,16881882,Fl,"2026-09-14 21:42:24",1855.4,2,flagon
1853,16669632,"Kenneth Alonso","2026-09-13 18:49:10",1855.2,2,kennethalonso
1854,16877997,Mirlan,"2026-09-13 07:44:53",1854.6,2,zmtrxq
1855,16696999,"HD h Joratos","2026-09-18 05:17:19",1852.7,2,hdhjoratos
1856,16794630,"Yuchuan Ding","2026-09-14 04:55:24",1852.0,2,yuchuanding
1857,16884861,Sky,"2026-09-13 07:20:40",1852.0,2,dhaksheshwarm
1858,16871327,"Anh Bui","2026-09-18 04:29:28",1851.2,2,bibanh
1859,16716533,wiffany,"2026-09-13 11:23:08",1850.6,2,wiffany
1860,16697893,"YWehbe / ADIA Lab","2026-09-16 11:16:27",1849.6,2,youssefwehbe
1861,16866457,"Qian Jinjin","2026-09-14 05:20:42",1849.4,2,q20020006073
1862,16634873,shin0000,"2026-09-13 02:40:02",1847.7,2,shin0000
1863,16731940,xxxxyt,"2026-09-16 13:44:09",1847.6,2,"shengqinxi,xmxgxcs,xxxxyt"
1864,16875849,"Yaotong Niu","2026-09-15 13:37:34",1847.6,2,yaotongniu
1865,16811900,"Brejesh Balakrishnan","2026-09-13 05:20:59",1847.2,2,brejeshbalakrishnan
1866,16885734,zylvento,"2026-09-13 10:02:37",1846.6,2,"lorvexa,zylvento"
1867,16783537,JustinybGao,"2026-09-18 19:08:06",1846.5,2,justinybgao
1868,16905243,ka4869,"2026-09-18 06:58:58",1846.1,2,ka4869
1869,16743342,"Артём Свинобоев","2026-09-13 11:38:29",1846.1,2,ssstelmah
1870,16863498,Jackmama-nolfwin,"2026-09-13 04:36:37",1845.9,2,nolfwin
1871,16630803,"Mirza Milan Farabi","2026-09-13 21:59:25",1845.1,2,mirzamilanfarabi
1872,16716012,LaiCxm,"2026-09-18 01:36:12",1844.5,2,laicxm
1873,16793755,"Juank Suarez","2026-09-18 00:13:30",1844.3,2,juanksuarez
1874,16715216,Colin,"2026-09-15 12:36:41",1843.9,2,umcolin
1875,16870485,agentic,"2026-09-16 19:21:30",1843.5,2,"audiuphile,mark5221,sidchevvan"
1876,16623603,"Renji Starfall","2026-09-13 14:14:01",1843.2,2,renjistarfall
1877,16847311,WangYilin_henuAI,"2026-09-14 12:14:10",1842.9,2,"hyhyyh,violin1,xiaoming1238952"
1878,16630418,butterchicken,"2026-09-13 12:29:23",1841.9,2,"ritanshuprasad,sriramlingavel01"
1879,16885807,S3unburst,"2026-09-13 10:25:40",1841.3,2,s3unburst
1880,16755808,"Van-Phuc Huynh","2026-09-12 21:02:10",1840.9,2,hvanphucs112
1881,16689430,"Terry Luo","2026-09-10 12:28:44",1838.9,2,eimhluo1764
1882,16865854,lancerhim,"2026-09-14 04:18:21",1838.1,2,lancerhim
1883,16745006,UjjwalPardeshi,"2026-09-13 10:31:33",1838.0,2,ujjwalpardeshi
1884,16661570,"sissoko cheick","2026-09-16 17:19:19",1837.5,2,sissokocheick
1885,16638781,itsuki-data,"2026-09-13 09:38:58",1837.5,2,itsuki89
1886,16861198,Eggplanck,"2026-09-17 15:33:26",1837.3,2,gyozzza
1887,16885704,tavrico,"2026-09-13 09:52:55",1836.9,2,tavrico
1888,16797154,"Elvern Neylmav Tanny","2026-09-13 23:37:07",1834.4,2,elvernneylmavtanny
1889,16652272,"nadhir hasan","2026-09-13 14:07:09",1834.3,2,nadhirhasan
1890,16641751,Hikari_30,"2026-09-13 12:17:18",1833.6,2,hikari30
1891,16743055,栗ご飯,"2026-09-13 00:58:59",1833.0,2,criticalpath1903
1892,16877685,"Felipe Figueiredo","2026-09-17 22:53:16",1832.1,2,felipefigueiredo02
1893,16678080,"Timothy Adeyemi","2026-09-15 13:06:38",1832.1,2,timothyadeyemi
1894,16855071,Janvi_ch,"2026-09-13 18:22:18",1830.6,2,janvich
1895,16663614,Nevska,"2026-09-15 21:00:10",1830.2,2,nevska
1896,16922094,Shiv28,"2026-09-18 19:08:20",1830.1,2,shiv28
1897,16879027,XMHHHH,"2026-09-18 06:15:34",1829.6,2,jkkhhoo
1898,16673230,saitamad,"2026-09-16 04:03:47",1827.8,2,saitamad
1899,16855992,"Vanshika #2","2026-09-13 04:14:46",1827.3,2,crystalbaby
1900,16884822,reziavon,"2026-09-13 05:38:11",1827.1,2,reziavon
1901,16689863,yukichi0403,"2026-09-15 12:39:45",1825.8,2,yukitake93
1902,16726461,mocatti,"2026-09-18 14:22:57",1825.0,2,mocatti
1903,16915300,wanhty,"2026-09-18 13:43:54",1824.2,1,wanhty
1904,16662984,"Mark Schatza","2026-09-17 18:27:19",1823.5,2,markschatza
1905,16885770,"Rahul Jangra","2026-09-13 10:13:19",1823.3,1,leonado10000
1906,16622032,"Raunak Dey","2026-09-13 13:46:33",1822.6,2,raunakdey07
1907,16657587,PxlPau,"2026-09-13 00:34:27",1822.1,2,studybeetutoring
1908,16685763,"koren sabag","2026-09-16 19:53:19",1822.0,2,korensabag
1909,16748559,GodofThunder2407,"2026-09-13 06:18:15",1822.0,2,godofthunder2407
1910,16659103,Arin,"2026-09-13 10:58:50",1820.6,2,skarin
1911,16878707,"Shiva Somasundaram Balaji","2026-09-13 05:58:09",1819.1,2,shivasomasundaramb
1912,16749435,SGY2512,"2026-09-14 14:08:53",1818.6,2,sgy2512
1913,16738852,ZJUwlm,"2026-09-13 08:15:00",1818.4,2,zjuwlm
1914,16731983,Gracie,"2026-09-14 14:40:35",1817.9,2,gracie428
1915,16660041,"Hoàng Quốc Việt ","2026-09-13 04:56:59",1816.9,2,viethwang3i
1916,16875733,Fronta,"2026-09-13 06:47:59",1816.4,2,mirichima
1917,16723988,yuyinghuang,"2026-09-13 07:00:33",1815.8,2,yuyinghuang
1918,16668215,renta.k,"2026-09-16 12:17:59",1815.3,2,renta0426
1919,16697461,Agricroporation,"2026-09-14 14:32:23",1814.9,2,"algionightly,kroissant7,officialabhinavsingh"
1920,16660255,"Revanth Tambisetty","2026-09-18 06:00:07",1812.9,2,revanthtambisetty
1921,16770149,rikutokuwayama,"2026-09-13 05:31:48",1812.9,2,rikutokuwayama
1922,16919139,"Aditya Goyal","2026-09-18 18:38:47",1812.7,2,synthreaper
1923,16693092,"Andrei Dzis","2026-09-13 15:00:30",1811.9,2,dzisandy
1924,16735094,RngRng,"2026-09-15 14:09:37",1811.2,2,rngrng
1925,16884902,yovrini,"2026-09-13 05:49:06",1810.6,2,yovrini
1926,16864988,"jiangling wang","2026-09-13 10:59:00",1809.7,1,jianglingwang
1927,16681049,"SiLin “Can SiLin” Can","2026-09-13 05:44:26",1809.4,2,"k3rn3l,silincansilincan"
1928,16623988,"Charismatic Pizza Party🍕","2026-09-13 06:01:29",1809.0,2,debugendless
1929,16669191,"Mohammed Nomaan","2026-09-12 18:28:13",1808.5,2,nomaanz
1930,16860547,stargazer7c,"2026-09-12 06:31:25",1807.8,2,stargazer7c
1931,16691670,wangbin.dev,"2026-09-17 16:58:12",1803.9,2,wangbindev
1932,16716558,"Evan Tobias","2026-09-17 17:19:57",1803.1,2,evantobias
1933,16732878,modelcollapse,"2026-09-13 10:23:31",1802.7,2,modelcollapse
1934,16823251,"Khaled Yousef","2026-09-15 07:19:47",1802.4,2,recochet96
1935,16672456,hangglider5,"2026-09-12 05:16:44",1801.9,2,hangglider5
1936,16790005,"Rohit Kumar Sahoo","2026-09-18 13:35:33",1801.7,2,rohit4118
1937,16839754,"Lauresowe 3D","2026-09-12 10:00:06",1801.3,2,lauresowe3d
1938,16886066,latentb,"2026-09-13 11:55:55",1801.2,2,latentb
1939,16881521,Juniperss,"2026-09-12 14:16:09",1799.9,2,juniperss
1940,16761293,cha7ura,"2026-09-18 06:10:59",1799.3,2,cha7ura
1941,16690500,Mr.NoT_GaMeR,"2026-09-17 08:15:54",1798.7,2,joshdilipkumarpatel
1942,16882304,"Lokesh Prajapat","2026-09-12 18:20:47",1798.4,1,lokesh0252
1943,16862944,Luchsus,"2026-09-14 23:29:16",1798.0,2,jansteindlstarlinger
1944,16857641,ZengHL,"2026-09-13 07:35:36",1797.5,2,marshjff
1945,16869555,"Karthik Nambiar","2026-09-15 07:13:16",1796.9,2,karthiknambiar387239
1946,16733748,"Ashutosh Agarwal","2026-09-15 07:49:32",1796.8,2,ashutoshagarwal088
1947,16641309,klog,"2026-09-12 04:48:32",1796.3,2,mhrzmmhrzm
1948,16867601,tadashikato,"2026-09-12 12:11:44",1796.3,2,tadashikato
1949,16641169,boatlee,"2026-09-12 18:02:28",1796.2,2,boatlee
1950,16756153,"🪏Harvest Moon","2026-09-18 12:53:13",1795.9,2,"bbrage,bobmyersthesecond,wguesdon,yutomuroshima"
1951,16881818,gradfield21,"2026-09-12 15:44:29",1794.4,2,gradfield21
1952,16809842,"zg l1218","2026-09-18 16:20:32",1793.5,2,zgl1218
1953,16809721,siren2345,"2026-09-13 09:59:42",1792.5,2,siren2345
1954,16730344,lvisdd,"2026-09-13 13:33:00",1792.4,2,lvisdd
1955,16674385,"qr farm","2026-09-12 13:59:48",1792.1,2,qrz1201
1956,16728114,yu9824,"2026-09-15 21:41:20",1792.1,2,yu9824
1957,16748866,masayoshi,"2026-09-13 15:44:29",1791.2,2,masayoshi64
1958,16730142,static,"2026-09-12 07:01:49",1791.0,2,huangshunhao
1959,16881237,"Chunlai Li","2026-09-12 13:58:51",1791.0,2,lichunlai123
1960,16783173,"Michael Shihong Zhang","2026-09-13 05:39:27",1788.3,2,"excelexx,festyve"
1961,16622245,"Vlas Veles","2026-09-12 08:04:18",1787.9,2,vlasveles
1962,16855088,Re:dorf,"2026-09-15 12:44:10",1787.9,2,reydorf
1963,16806014,"weihao huang2004","2026-09-15 02:06:07",1787.6,2,weihaohuang2004
1964,16763551,"PRASHANT SHUKLA91","2026-09-18 18:35:59",1787.5,2,prashantshukla91
1965,16630729,"american gothic","2026-09-18 14:23:02",1786.8,2,grennwolf
1966,16623390,KodamaSec,"2026-09-17 12:21:24",1786.6,2,dfhgfdghfdhg
1967,16756965,gchauhan,"2026-09-15 06:57:02",1786.4,2,gchauhan
1968,16881613,refluxor,"2026-09-12 14:44:46",1785.4,2,refluxor
1969,16708546,"Blue Rain","2026-09-12 04:15:32",1785.2,2,bluefeather386
1970,16833095,"ADARSH DWIVEDI","2026-09-15 04:17:03",1785.0,2,adarshcod
1971,16772204,"Hamam Ahmed","2026-09-16 17:10:41",1784.4,2,hamamelsanousi
1972,16875618,"Joel P. Joseph","2026-09-16 13:33:52",1783.6,2,joelpjoseph
1973,16747069,l'rug,"2026-09-12 11:01:00",1783.3,2,sdfsfsfsdf
1974,16881783,novasync88,"2026-09-12 15:27:48",1783.1,2,novasync88
1975,16635233,"Szymon Kłapiński","2026-09-12 10:11:30",1783.1,2,szymonkapiski
1976,16881585,Venqira,"2026-09-12 14:31:19",1782.9,2,venqira
1977,16675512,Corgi-Samoyed,"2026-09-18 04:26:34",1781.3,2,corgisamoyed
1978,16881267,"juu meng","2026-09-13 07:07:40",1780.6,2,juumeng
1979,16832226,"DI27 RF","2026-09-13 02:34:01",1780.1,2,di27rf
1980,16862390,huytngo,"2026-09-13 02:44:09",1780.0,2,huytngo
1981,16672448,"Crisis Liu","2026-09-18 02:04:56",1779.7,2,crisisliu
1982,16623716,"tetsuya & yuanzhe & guoqi","2026-09-18 18:22:36",1779.5,2,"guoqingu,tetsuya3510,yuanzhezhou"
1983,16790931,100rabh,"2026-09-12 16:42:27",1778.2,2,saurabhkumar234
1984,16725287,NoahRyan,"2026-09-13 10:37:32",1777.9,2,beginner080
1985,16644643,today,"2026-09-12 14:43:58",1777.4,2,today55
1986,16861637,薄荷喵呜,"2026-09-12 09:39:16",1776.1,2,bohemiao
1987,16866014,htsbrer,"2026-09-12 02:53:05",1776.0,2,ht5brer
1988,16792799,Kohecchi,"2026-09-15 16:17:53",1776.0,1,kohecchi
1989,16696099,moss,"2026-09-13 09:31:52",1775.6,2,kenyashimizu
1990,16854939,nusrati,"2026-09-12 07:49:37",1774.2,2,nusrati
1991,16745138,yok,"2026-09-18 07:50:53",1773.0,2,yokoinaba
1992,16712329,"Andrej Carpenter","2026-09-16 06:47:14",1772.8,2,andrejcarpenter
1993,16630274,yutoAb,"2026-09-18 15:37:53",1772.7,2,yutoab
1994,16731194,"Neglected Turtle","2026-09-14 10:40:18",1772.7,2,pleaselike
1995,16749352,"Ian Virchenko","2026-09-14 10:23:15",1771.5,2,yvainr
1996,16773041,walawala,"2026-09-12 15:14:30",1770.2,2,lixin73
1997,16730578,BostonKaggle,"2026-09-16 14:00:55",1769.9,2,"isthereanycode,lynnkim0"
1998,16623897,satoooh,"2026-09-12 05:04:15",1769.6,2,satoooh
1999,16794527,linyifangzhenshuai,"2026-09-18 08:23:53",1769.1,2,linyifangzhenshuai
2000,16663513,DLTLM,"2026-09-12 08:40:13",1769.0,2,"debayank2024,laveshjadon,laxmikantaroy,moumitaaaaaa,tarunraii"
2001,16669461,"suzy su","2026-09-12 12:38:38",1768.3,2,suzysu997
2002,16774141,Radiance,"2026-09-12 10:39:19",1767.8,2,"evelyn3976,wangyi01"
2003,16845258,Squirrel,"2026-09-17 23:26:32",1767.4,2,bunnykeeper
2004,16640873,"Takumu Hata","2026-09-12 21:16:03",1766.7,2,takumuhata
2005,16771703,"Moomin and his farm","2026-09-12 07:03:58",1766.4,2,ataraxyyeah
2006,16684954,"Suneeth reddy","2026-09-11 18:38:08",1766.0,2,suneethreddy
2007,16693488,HarvestZero,"2026-09-17 14:13:22",1765.2,2,bernardboatey
2008,16668789,qaq7864,"2026-09-12 10:01:49",1765.0,1,qaq7864
2009,16671767,Kaileh57,"2026-09-12 20:58:24",1764.9,2,kaileh57
2010,16709967,Matsu,"2026-09-14 07:44:33",1763.9,2,matsuzawahayato
2011,16705318,arminhej96,"2026-09-16 07:54:46",1763.8,2,arminhej96
2012,16775473,LuanHengYu,"2026-09-16 19:27:30",1763.4,2,apexml
2013,16744573,"Oleksandr Kovalchuk","2026-09-13 12:55:29",1762.2,2,oleksandrkovalchuk
2014,16683567,supr3mum,"2026-09-10 11:14:21",1761.9,2,friklez
2015,16743356,"Azat Akhtyamov","2026-09-16 10:40:11",1761.8,2,azakhtyamov
2016,16847763,MartinZiserman,"2026-09-11 23:53:37",1761.7,2,zarmii
2017,16830984,lizhengui,"2026-09-13 06:34:44",1761.6,2,lizhengui
2018,16805918,"kaito ide 31","2026-09-18 19:21:47",1759.9,2,kaitoide31
2019,16842293,"WANG HONGXIANG","2026-09-14 03:46:38",1758.9,2,wanghongxiang
2020,16724298,Orig_lab,"2026-09-11 12:30:00",1757.9,2,chengxixixi
2021,16841026,"Max Power","2026-09-18 15:03:06",1757.3,2,markbarney
2022,16839489,Q1du,"2026-09-12 10:12:02",1756.6,2,zjecust
2023,16684128,NIklitaCheporev,"2026-09-12 22:36:50",1756.5,2,niklitacheporev
2024,16737041,presucc,"2026-09-13 04:13:37",1756.2,2,presucc
2025,16745419,elren,"2026-09-14 09:34:15",1755.7,2,elrensmin
2026,16792542,RB25det,"2026-09-18 09:18:08",1755.6,2,rb25det
2027,16709463,MKhlystun,"2026-09-14 23:09:29",1754.3,2,mkhlystun
2028,16744983,Gappy,"2026-09-16 07:16:43",1753.9,2,takahirohigasa
2029,16784401,east,"2026-09-13 07:27:38",1753.4,2,eastxe
2030,16756765,DharmParmar,"2026-09-18 01:50:05",1751.1,2,dharmparmar
2031,16654076,"Son Pham","2026-09-18 05:02:25",1749.8,2,sonphamorg
2032,16674451,NycteacoBa,"2026-09-14 00:50:27",1749.8,2,nycteaowl
2033,16665641,"Alexander Shahramanyan","2026-09-16 06:55:41",1749.7,2,alexshah
2034,16735741,TERMINUS,"2026-09-12 11:24:45",1749.3,2,gdreallygoodman
2035,16858414,wantOchange,"2026-09-13 01:00:32",1747.0,2,wantochange
2036,16885599,Suiban,"2026-09-16 05:30:06",1745.8,2,suiban410219
2037,16861278,"Michael Pershin","2026-09-16 12:22:16",1745.3,2,michaelpershin
2038,16862806,kitsada,"2026-09-11 06:58:01",1745.2,2,wangwaen
2039,16865564,Manat,"2026-09-15 14:42:11",1744.9,2,manatoshoji03
2040,16749034,digitalChaos,"2026-09-12 18:15:34",1744.2,2,digitalchaos666
2041,16717794,souldrive,"2026-09-13 13:18:14",1743.0,2,souldrive
2042,16844770,Richard,"2026-09-15 02:27:34",1741.1,2,richardwg
2043,16732945,"Aru Ohta","2026-09-18 07:41:41",1740.4,2,aruohta
2044,16880407,kimuraaa,"2026-09-16 23:12:03",1740.2,2,kimuraaa
2045,16665841,"Mohit Rao","2026-09-14 05:22:15",1739.2,2,vmohitrao
2046,16868001,"Young MacDonald","2026-09-18 15:16:22",1738.5,2,natert
2047,16740034,BSCode,"2026-09-14 02:27:32",1738.0,2,bscode
2048,16859690,Molood,"2026-09-10 20:30:43",1737.9,2,molooda
2049,16881857,Pheonix,"2026-09-17 11:51:43",1737.1,2,vikasg1711
2050,16848765,XJHya233,"2026-09-13 11:56:26",1736.7,2,xjhya233
2051,16798152,"A secretive person","2026-09-18 14:09:57",1736.5,2,asecretiveperson
2052,16728262,wakawakayu,"2026-09-14 12:00:12",1735.0,2,wakawakayu
2053,16876344,Hyunwoo_Park,"2026-09-18 14:08:01",1734.7,2,uts3125014010829
2054,16735066,"Saber #2","2026-09-11 16:26:08",1734.6,2,yzheng21
2055,16677568,yarneo,"2026-09-16 10:07:53",1734.3,2,yarneo
2056,16630779,Jimmer,"2026-09-18 00:19:43",1734.0,2,przemysawonr
2057,16684402,vn1111,"2026-09-11 16:22:10",1733.6,2,vn1111
2058,16744503,"Jun AKita","2026-09-12 04:12:19",1733.3,2,junakita
2059,16825815,linchenge,"2026-09-15 13:09:57",1733.0,2,linchenge
2060,16717756,Dominick,"2026-09-15 05:25:13",1732.9,2,kcinimod
2061,16678609,quantcrypto3,"2026-09-15 13:53:25",1732.1,2,quantcrypto3
2062,16804827,"Bala Baskar","2026-09-18 16:59:32",1731.9,2,balabaskar
2063,16794309,"Sanyam Jain","2026-09-18 14:45:50",1731.4,2,sjain03
2064,16766401,"Gobi Elangovan","2026-09-18 18:16:18",1731.1,2,gobielangovan
2065,16854842,ijiiok,"2026-09-11 09:11:10",1730.5,2,ijiiok
2066,16630331,"Mohamed El-Nageeb","2026-09-14 23:31:06",1730.1,2,thelastsmilodon
2067,16669038,"Nabeel Shar","2026-09-13 09:17:32",1730.0,2,nabeelshar
2068,16621515,"Alexander Gremyakov","2026-09-11 17:04:25",1729.4,2,alexandergremyakov
2069,16880960,Kiriesh,"2026-09-16 18:45:37",1728.8,2,kiriesh
2070,16632240,Deepseek的恩情还不完,"2026-09-13 17:54:20",1728.2,2,"iwanys,pedianeko,realybin"
2071,16714161,Slirche,"2026-09-13 10:56:33",1726.9,2,slirche
2072,16660250,Moshel,"2026-09-12 23:06:43",1726.8,2,moshel
2073,16728084,iwance,"2026-09-13 10:55:14",1726.7,2,iwance
2074,16841108,"Sean Peppers","2026-09-15 14:38:35",1726.5,2,gagepeppers
2075,16843864,IkeKodd,"2026-09-15 16:02:24",1725.6,2,"ikekodd,pinluk"
2076,16672128,Cliffton,"2026-09-17 15:02:47",1725.1,2,rieltzx
2077,16671292,Yuyajk,"2026-09-13 03:35:26",1725.1,2,yuyajk
2078,16757064,"coke lu","2026-09-18 11:52:04",1724.6,2,cokelu
2079,16722818,"Mukesh R","2026-09-14 09:13:30",1724.5,2,mukeshr06
2080,16713281,SirShifu,"2026-09-10 22:19:52",1724.4,2,sirshifu
2081,16643554,"Arnie Jimenez","2026-09-16 16:50:18",1724.3,2,arniejimenez
2082,16868685,"Kotaro Simizu","2026-09-11 20:39:54",1724.2,2,"kotarosimizu,mahiro1214"
2083,16689183,Hawksartelier,"2026-09-12 15:10:55",1724.0,2,satyapb2002
2084,16797105,"Rahul vats","2026-09-16 15:22:04",1723.8,2,rahulvats20
2085,16731270,"Arthurs Torres24","2026-09-18 17:04:05",1722.9,2,arthurstorres24
2086,16802486,SHICHIES,"2026-09-18 15:39:23",1722.8,2,shichies
2087,16774075,"Mohammad Yaser Hussain","2026-09-13 17:55:29",1722.7,2,mohammadyaserhussain
2088,16849377,try,"2026-09-12 20:23:11",1722.2,2,weishanshan033
2089,16862084,weiooocnnnnnn,"2026-09-15 11:52:22",1722.1,2,weiooocn
2090,16797847,"levski shampion","2026-09-12 23:19:08",1721.1,2,mariomalev
2091,16677342,Fedor,"2026-09-18 13:58:57",1720.2,2,fedorchuprakov
2092,16624979,"Mohamed abdelrazik","2026-09-10 05:10:39",1719.8,2,mohamed3abdelrazik
2093,16663252,"MD Concepcion","2026-09-18 13:34:52",1718.1,2,mikedconcepcion
2094,16757417,otter_0714,"2026-09-18 07:09:43",1716.4,2,otter0714
2095,16659957,LeFarmers,"2026-09-17 02:17:07",1716.2,2,"jaydonjp,kuantumknight"
2096,16764228,"Kaixi Zha","2026-09-18 11:43:06",1714.5,2,"huadutry,kaixizha"
2097,16728076,uuu,"2026-09-13 09:12:31",1714.2,2,vovafinogenov
2098,16741178,guruguru000,"2026-09-11 04:31:49",1714.2,2,guruguru000
2099,16784516,pejipej,"2026-09-16 19:51:06",1713.4,2,pejmaneghbali
2100,16857987,fujia,"2026-09-18 07:23:36",1713.0,2,fujiasama
2101,16668056,"Quantum Farm","2026-09-14 11:11:03",1712.8,2,"anselem7,divineokwueze,nnanyereuzoma"
2102,16857624,flatton,"2026-09-16 23:02:27",1712.5,2,tomokifujihara
2103,16775571,Gaurav06520,"2026-09-15 12:38:42",1711.7,2,gaurav06520
2104,16741542,"let cats farm","2026-09-18 07:31:28",1710.6,2,amonkizawa
2105,16696738,rekhasri,"2026-09-18 17:25:22",1710.5,2,rekhasri
2106,16697395,darktetradgod,"2026-09-14 15:35:29",1710.1,2,darktetradgod
2107,16676085,"Giordano Dolenz","2026-09-11 17:20:50",1709.3,2,giordanodolenz
2108,16784992,Prasad.tgs,"2026-09-17 13:11:20",1709.3,2,sivaprasadnaidu
2109,16880278,jiayi2627,"2026-09-18 11:47:06",1709.2,2,jiayi2627
2110,16808822,-lingluo-,"2026-09-14 01:44:32",1707.8,2,lingluoo
2111,16689186,NCK,"2026-09-12 04:31:04",1707.8,2,drnchaitanyakumar
2112,16730810,mgoto51004,"2026-09-12 16:07:18",1707.6,2,mgoto51004
2113,16793340,bee_lx_xl,"2026-09-18 08:53:35",1707.4,2,beelxxl
2114,16684401,WQAAAA,"2026-09-12 03:28:35",1707.3,2,wqaaaa
2115,16674839,"hongqian miao","2026-09-11 11:49:44",1705.0,2,hongqianmiao
2116,16772119,Workybara.ai,"2026-09-12 03:16:14",1704.5,2,workybaraai
2117,16707915,MGöksu,"2026-09-12 16:05:38",1704.4,2,mgoksu
2118,16751152,"Andrew Reed","2026-09-10 03:42:42",1702.5,2,andrewreed
2119,16746191,たがやす,"2026-09-18 12:46:22",1702.4,2,drktti
2120,16663929,"Erman Man","2026-09-12 02:05:39",1701.8,2,ermanman
2121,16885509,HAL,"2026-09-14 07:58:55",1701.5,1,"asunalin,ljimmy2005007"
2122,16708791,atsu0905,"2026-09-11 15:08:36",1701.5,2,atsu0905
2123,16814701,e0970145,"2026-09-10 11:43:21",1700.5,2,maxxtucker
2124,16768603,Kinance,"2026-09-18 12:49:49",1697.3,2,kinance
2125,16875671,"Nikolay Shaulsky","2026-09-18 17:31:07",1696.7,2,nikolayshaulsky
2126,16661462,"Dania Amer","2026-09-11 21:30:53",1696.2,2,dania35
2127,16678618,"Manu Nicholas Jacob","2026-09-12 02:13:33",1695.3,2,manunicholasjacob
2128,16918460,cotton0025,"2026-09-18 18:11:01",1694.3,2,cotton0025
2129,16848952,tubotu,"2026-09-11 14:47:08",1692.7,2,tubotu
2130,16698726,加油,"2026-09-14 12:25:38",1691.5,2,honeeyl
2131,16688313,"Gnosys Labs","2026-09-18 00:56:10",1691.4,2,gnosyslabs
2132,16858196,"Cường Dược Sĩ","2026-09-14 06:19:02",1690.8,2,cngdcs
2133,16627194,GzmCR632,"2026-09-11 07:01:14",1690.5,2,gzmcr632
2134,16641116,SearchingForWife,"2026-09-16 10:03:56",1690.1,2,darksteeldragon
2135,16741932,"Michael Chen","2026-09-11 05:38:12",1689.8,2,fuqiangchen
2136,16623385,yurunougyou!,"2026-09-10 12:25:26",1689.7,2,isakatsuyoshi
2137,16850105,Pantheon,"2026-09-14 07:40:15",1689.7,2,skyenxt
2138,16862840,"Ammar Aziz","2026-09-12 11:11:53",1689.3,2,cabtainamamr
2139,16808020,"Pulkit Arora 🇮🇳","2026-09-11 09:15:58",1688.8,2,pulkittarora
2140,16665294,"Thái Văn Tài","2026-09-17 02:17:37",1688.7,2,thivnti
2141,16692725,"Zhen Li","2026-09-12 10:05:10",1688.2,2,zhenlisak
2142,16629699,radiant-allomancer,"2026-09-11 00:50:02",1687.4,2,radiantallomancer
2143,16855665,"Yash Yadav","2026-09-13 06:58:11",1687.2,2,yash2072005
2144,16762019,yukino,"2026-09-10 02:43:41",1687.2,2,"jifengjianhao666,mqingcs"
2145,16730446,photunix,"2026-09-14 23:06:36",1686.8,2,photunix
2146,16876040,hgh404,"2026-09-18 14:45:59",1685.2,2,"gamejoker,hgh1024"
2147,16710464,ns0329,"2026-09-12 06:56:56",1685.1,2,ns0329
2148,16658801,"Thuc Nguyen Dang 111","2026-09-13 05:21:36",1684.8,2,thucnguyendang111
2149,16682318,Bibek,"2026-09-13 20:49:12",1684.7,2,bibek777
2150,16759171,"Leonid Kozinkin","2026-09-18 17:51:11",1684.6,2,leon7archer
2151,16827224,"[HSE Lyceum ML] zaepupno","2026-09-17 22:57:09",1683.4,2,daniilgoryushin
2152,16664761,"Udit Jain #2","2026-09-12 00:14:14",1681.9,2,iamudit
2153,16855156,"Lior Toledano","2026-09-15 18:15:51",1681.2,2,liortoledano
2154,16632735,"No Free Lunch, Only Melons","2026-09-11 13:47:28",1680.6,2,kawaharataishi
2155,16867005,cryptvector2,"2026-09-11 13:22:09",1680.3,2,cryptvector2
2156,16673524,"Zikai Chen","2026-09-13 04:29:53",1679.9,2,kyrie1102kai
2157,16735837,yaki-imo,"2026-09-11 04:35:42",1679.7,2,taichiakiyama
2158,16879360,"Neural Subscribed Operator","2026-09-12 06:55:46",1679.7,1,nacl3084
2159,16792013,"Alec Polansky","2026-09-10 01:58:49",1679.1,2,alecpolansky
2160,16662735,"Kurian George","2026-09-11 17:16:25",1677.9,2,kuriangeorge
2161,16781506,un0o7,"2026-09-11 13:10:36",1677.7,2,hjhsdsdww
2162,16654914,Nozprod,"2026-09-11 14:55:33",1677.4,2,nozprod
2163,16755049,gamesu7107,"2026-09-12 18:24:15",1677.3,2,gamesu7107
2164,16786341,"Farmula One","2026-09-18 07:40:52",1677.0,2,"joesland,mer4yyy,ricaaaovo,zhangxingzhe"
2165,16670715,i3,"2026-09-17 12:14:55",1677.0,2,ishijima
2166,16741321,"S. B.","2026-09-18 15:14:06",1676.8,2,aughra
2167,16852208,"LONG NT123","2026-09-15 13:54:10",1676.6,2,longnt123
2168,16628875,TakahiroHon,"2026-09-17 02:59:51",1675.9,2,takahirohon
2169,16791163,woldy,"2026-09-18 03:48:28",1675.2,2,woldywei
2170,16691270,"Piyal Chowdhury","2026-09-17 05:45:48",1675.2,2,piyalchowdhury
2171,16701612,Kiki,"2026-09-11 06:43:31",1674.2,2,rouiou
2172,16675960,"Audric LOKO","2026-09-15 10:02:22",1674.0,2,audricloko
2173,16731839,mamematcha,"2026-09-12 16:29:27",1673.9,2,mamematcha
2174,16630142,zawawannko,"2026-09-11 08:03:32",1673.1,2,zawawannko
2175,16867641,"Yuki TASHIRO","2026-09-10 17:17:04",1673.0,2,yukitashiro
2176,16861723,"Landon Hershberger","2026-09-15 22:04:40",1671.2,2,landonhershberger
2177,16771870,"kumi cho","2026-09-10 10:07:29",1670.3,2,kumicho
2178,16688587,yamashu,"2026-09-18 10:29:18",1670.2,2,yamashuuu
2179,16671607,"Chanhyuk Han","2026-09-18 14:07:32",1669.5,2,chanhyukhan
2180,16686918,JustinLee,"2026-09-16 20:40:08",1668.4,2,justin2061
2181,16774712,icelemon2004,"2026-09-11 04:25:32",1668.3,2,"guanghuchen,icelemon2004,mustard64"
2182,16698281,Neural,"2026-09-17 21:47:07",1667.7,2,kevinkoza
2183,16845382,Alpha_Ashwin007,"2026-09-17 04:36:21",1666.3,2,alphaashwin007
2184,16799598,RameshG888,"2026-09-11 08:42:57",1665.8,2,ramesh888
2185,16630015,星之海,"2026-09-13 08:50:50",1665.0,2,web3cainiao
2186,16622567,"Georgy Mamarin","2026-09-18 18:31:09",1664.8,2,georgymamarin
2187,16811605,"Ryu Sonoda","2026-09-13 06:31:50",1663.4,2,ryusonoda
2188,16730675,Platycerium,"2026-09-11 17:27:51",1662.9,2,soutasakurai
2189,16842384,"Muhammad Mirza Darma Putra","2026-09-13 04:39:08",1662.2,2,mirzadarma
2190,16883478,Aggri_goon,"2026-09-16 10:48:29",1661.8,2,ryonagakubo
2191,16711317,"yf D","2026-09-18 09:59:02",1661.8,2,dengvitruviano
2192,16710469,Qimra1729,"2026-09-11 08:09:04",1661.7,2,qimra1729
2193,16802578,Yuuki4543,"2026-09-11 06:18:16",1659.6,2,yuuki4543
2194,16849766,"Uncle Scooge","2026-09-11 13:27:24",1658.7,2,"guzzbr,pascalcoimbra"
2195,16858157,osteo,"2026-09-11 01:33:23",1658.4,2,logstwo
2196,16659920,vkhydras,"2026-09-11 12:12:10",1658.3,2,vickimar
2197,16907406,herok0809,"2026-09-16 16:49:09",1657.8,2,herok0809
2198,16842828,"Smiley Flour","2026-09-13 17:53:03",1657.4,2,"ddlinh212,nguyenvlm"
2199,16770055,"san yin26","2026-09-15 08:14:39",1656.5,2,"amadeusan,sanyin26"
2200,16679987,"Said Mohamed Omary","2026-09-18 11:37:27",1655.9,2,saidmohamedomary
2201,16810587,"Avineesh Arora","2026-09-16 12:37:39",1655.5,2,avndope
2202,16843522,clouds111,"2026-09-10 09:00:49",1655.3,2,clouds111
2203,16621610,NMarkS,"2026-09-13 18:16:06",1655.2,2,nmarks
2204,16775781,"I am GroOth","2026-09-17 09:54:27",1654.6,2,gideonoba
2205,16868219,"Karim Hamada","2026-09-10 18:14:34",1653.5,1,karimhamada
2206,16847304,"eryue shisi","2026-09-14 02:41:20",1653.1,2,eryueshisi
2207,16906728,"Konstantin Zhar","2026-09-17 20:40:19",1652.8,2,zharkd
2208,16728910,Thai,"2026-09-11 06:38:31",1651.9,2,hnthai
2209,16663808,"Fae Gaze","2026-09-10 20:30:29",1651.4,2,achievement
2210,16867327,Zorvella,"2026-09-11 03:16:36",1651.0,2,zorvella
2211,16659540,"Goua Henri","2026-09-13 21:07:08",1650.2,2,gouahenri
2212,16654511,"Syed Shayan Ali Shah","2026-09-14 06:59:51",1649.9,2,dsshayan
2213,16860566,黄旭伟aaaabbs,"2026-09-10 02:08:34",1649.8,2,aaaabbs
2214,16904440,"Orion on earth","2026-09-18 14:49:58",1649.8,2,oriononearth
2215,16731630,SatoshiN04,"2026-09-18 15:35:27",1648.7,2,satoshinakamura04
2216,16729765,"Caio Ruiz","2026-09-17 12:56:32",1648.4,2,chvruiz
2217,16775010,"Alexey Kuznetsov","2026-09-18 19:00:33",1648.3,2,legtarrr
2218,16790603,xinbao,"2026-09-11 15:50:54",1648.3,2,zww123456
2219,16766640,watana,"2026-09-11 13:12:40",1647.5,2,yukiwat
2220,16748487,Hiters,"2026-09-11 00:54:16",1647.3,2,mikehongsz
2221,16841595,Jaso1024,"2026-09-10 01:44:10",1647.2,2,jaso1024
2222,16630984,TakamaruEX,"2026-09-14 08:20:46",1646.6,2,takamaruex
2223,16790527,Yuta,"2026-09-10 08:33:55",1646.4,2,yutaecon
2224,16755650,"kazuki morikawa","2026-09-10 12:56:10",1645.9,2,kazukimorikawa
2225,16621063,Broskis,"2026-09-11 03:19:55",1645.7,2,"aikyatansinha,r1cksync,vamshikrishnaemmadi"
2226,16671659,Jiang,"2026-09-11 08:12:46",1645.5,2,jncq2006
2227,16679004,"Kevin Zhao","2026-09-18 09:06:33",1645.3,2,kevinzhao666
2228,16764089,UtaAzu,"2026-09-11 02:21:40",1644.2,2,utaazu
2229,16843892,luxinyayaya,"2026-09-15 03:23:21",1644.2,2,luxinyayaya
2230,16722849,"Dhruv Bansal","2026-09-10 22:03:08",1643.2,2,dhruvb2028
2231,16849053,z7777,"2026-09-10 14:16:42",1643.0,2,songqizhou
2232,16660735,"Bassel Elbahnasy","2026-09-17 12:46:59",1642.3,2,basselashraf
2233,16670229,Munshi-PremChand,"2026-09-11 13:26:53",1642.0,2,munshipremchand
2234,16759508,george-nigmatulin,"2026-09-18 05:45:08",1641.2,2,georgenigmatulin
2235,16720797,"Vibe Farmer","2026-09-11 02:14:27",1640.8,2,pulakkantibhowmick
2236,16789950,"Zachary Zhang","2026-09-09 05:37:03",1640.6,2,zacharyzhang16
2237,16669594,euorrl,"2026-09-14 03:07:02",1640.2,2,euorrl
2238,16652764,hikahika,"2026-09-11 13:31:34",1639.5,2,naganohikaru
2239,16730676,ActiveMusyoku,"2026-09-15 09:40:07",1639.1,2,"daiki0381,kohei0okazaki,noriyukimori,ryonatori,seipon"
2240,16728238,ubcict232,"2026-09-10 16:19:32",1638.0,2,ubcict232
2241,16674961,"Ilya & Yurnero","2026-09-09 10:20:15",1637.8,2,"samson8,test7845"
2242,16668622,"Michael McGrain","2026-09-10 10:38:27",1636.5,2,michaelmcgrain
2243,16750448,"Ansh Agarwal","2026-09-11 07:59:45",1636.3,2,anshagarwal2616
2244,16871705,Bertholdt,"2026-09-18 07:15:59",1636.3,2,bertholdt
2245,16661667,"Wufang Hong","2026-09-10 07:14:27",1636.0,2,wufanghong
2246,16859745,111,"2026-09-17 16:23:00",1635.5,2,guoz112
2247,16843384,"Anatoly Lyutov","2026-09-11 11:54:44",1635.2,2,anatolylyutov
2248,16662618,"Soledad Santiago","2026-09-13 21:59:18",1634.2,2,soledadsantiago
2249,16847370,"Suleyman Yollyyev","2026-09-17 15:23:12",1633.8,2,suleyman71
2250,16722888,GarrieD,"2026-09-12 14:53:50",1633.7,2,garried
2251,16758232,mech_39,"2026-09-10 21:20:57",1632.8,2,mech39
2252,16631115,prvsiyan,"2026-09-18 09:08:21",1632.1,2,prvsiyan
2253,16659464,"Héctor Valverde","2026-09-12 18:14:21",1631.6,2,hvpareja
2254,16658618,"philip georgiev","2026-09-18 18:28:40",1631.6,2,philipgeorgiev
2255,16664788,rian,"2026-09-09 17:32:52",1630.4,2,rian55
2256,16691084,"Ke Ma Ke","2026-09-13 09:01:36",1628.8,2,kemake
2257,16627581,AidenSong123,"2026-09-12 14:15:30",1628.7,2,aidensong123
2258,16634519,"Darshan Makwana","2026-09-10 10:17:03",1628.1,2,ellipticaloranges
2259,16854573,"这是 AI 的胜利","2026-09-10 09:15:16",1628.0,2,iaptainmy
2260,16719364,Yeh!AIGame,"2026-09-17 10:19:15",1626.6,2,"luluyeh,yehshibang"
2261,16814378,"Jay Prrajapati","2026-09-09 13:53:13",1626.6,2,jayprrajapati
2262,16720696,Ankit0017,"2026-09-09 14:57:00",1626.4,2,ankit0017
2263,16864072,"Matvey Skovordin","2026-09-10 04:24:07",1626.1,1,kickassnumberone
2264,16635062,DL,"2026-09-10 04:16:38",1625.3,2,distiller
2265,16781550,Lumberjacks,"2026-09-18 17:53:27",1624.8,2,jamesmcgarryiv
2266,16890052,Code4life,"2026-09-15 16:46:33",1624.3,2,"huylngcgia,taovietducofficial"
2267,16857932,"Ahmed Ansari","2026-09-16 11:57:46",1624.2,2,ahmed1ansari
2268,16700211,miya,"2026-09-18 13:29:06",1622.5,2,miyamuratakeki
2269,16810111,"Saket Singh","2026-09-16 09:03:37",1622.2,2,saketsingh9728
2270,16717549,"Adejumo Boluwatife","2026-09-11 19:09:23",1620.5,2,adejumoboluwatife
2271,16632527,"GIVE ME A JOB","2026-09-10 09:35:11",1620.4,2,tarokogawa
2272,16843617,Jenny124685,"2026-09-17 05:29:39",1620.4,2,jenny124685
2273,16767929,Timbydude,"2026-09-14 19:41:18",1619.1,2,timbydude
2274,16622835,"Max Manushin","2026-09-11 01:04:29",1619.0,2,innerf1re
2275,16746796,kaguramena,"2026-09-10 07:13:17",1618.9,2,kaguramena
2276,16714474,"Glenn Dalbey","2026-09-09 23:44:37",1618.2,2,glenndalbey
2277,16879199,遠藤裕人,"2026-09-18 10:11:26",1617.6,2,back2525
2278,16658149,X,"2026-09-13 06:37:44",1617.6,2,lohithhb
2279,16866424,"gmmm mmod2","2026-09-11 07:38:54",1617.4,2,gmmmmmod2
2280,16729130,KoshinM,"2026-09-12 02:07:32",1617.3,2,koshinm
2281,16764349,Solo,"2026-09-12 22:58:37",1617.0,2,solosolo
2282,16867407,Lanqira,"2026-09-11 03:08:56",1616.5,2,lanqira
2283,16831028,"氷見 和","2026-09-10 12:04:15",1616.5,2,himihimi
2284,16895464,WilsonPzx,"2026-09-18 04:50:41",1616.4,2,wilsonpzx
2285,16858418,"Nguyễn Công Tuấn","2026-09-17 11:35:08",1616.3,2,nctuan
2286,16855492,"Matin Urdu","2026-09-10 19:57:23",1615.1,2,matinurdu
2287,16739578,"Pietro Valocchi","2026-09-15 06:34:30",1614.2,2,pietrovalocchi
2288,16635509,simmons1025,"2026-09-10 15:26:38",1614.2,2,simmons1025
2289,16639731,williamrawling,"2026-09-17 03:18:59",1613.2,2,williamrawling
2290,16664490,llllllc666,"2026-09-16 09:05:35",1613.1,2,llllllc666
2291,16740361,"Suba S","2026-09-12 02:56:32",1613.1,2,jupiter79
2292,16848850,Lazyman,"2026-09-17 10:11:10",1613.1,2,lazyman
2293,16844845,"Dinesh Amalathasan","2026-09-15 19:55:18",1612.7,2,amaldinesh
2294,16749257,rsraki,"2026-09-18 13:07:40",1612.2,2,rsraki
2295,16865917,"Yihao Wei","2026-09-13 10:07:46",1612.1,2,yihaowei
2296,16722378,waticson,"2026-09-10 14:10:56",1611.6,2,yutodennou
2297,16886357,"Sun Jaden","2026-09-13 21:34:56",1610.2,2,sunjaden
2298,16641230,"An V1","2026-09-12 01:03:30",1607.8,2,barakuga
2299,16809263,"Bertan Pank","2026-09-09 18:58:46",1606.6,2,bertanpank
2300,16714365,meryol,"2026-09-18 00:28:34",1606.1,2,meryol
2301,16809445,takusemba,"2026-09-09 14:50:14",1604.5,2,takusembba
2302,16839834,nouvya,"2026-09-10 15:48:43",1604.0,2,nouvya
2303,16841335,abondrn,"2026-09-15 16:55:55",1603.1,2,abondrn
2304,16689488,"Ming Fong","2026-09-10 02:48:20",1602.6,2,evilpegasus
2305,16769885,kurushun,"2026-09-10 02:10:21",1602.1,2,kurushun
2306,16735628,perrodawn,"2026-09-18 11:16:09",1602.0,2,perrodawn
2307,16655411,フナコシ,"2026-09-17 07:46:06",1601.4,2,kokifunakoshi
2308,16736079,Maxy5illion,"2026-09-18 06:03:43",1601.3,2,maxy5illion
2309,16709468,"Andrey Chankin","2026-09-17 23:06:08",1601.3,2,bluepill
2310,16677423,songling,"2026-09-12 13:10:57",1601.2,2,"lvbingrong,oralia"
2311,16623309,zyvren,"2026-09-11 15:14:31",1600.7,2,"nusratahmmedmaisha,sharif485"
2312,16730735,YUK,"2026-09-14 18:00:10",1599.8,2,yu0307
2313,16670276,"Egor Trushin","2026-09-10 08:19:32",1598.6,2,egortrushin
2314,16658732,Olympus,"2026-09-12 11:44:20",1596.9,2,jiseungwoo
2315,16866996,"Marina Afanas'eva","2026-09-10 14:36:18",1596.3,1,proamari
2316,16657276,"Пётр П","2026-09-18 14:00:01",1595.9,2,petrinvest
2317,16625082,真的懒,"2026-09-16 04:56:07",1595.7,2,gtccc9
2318,16623980,Nikita,"2026-09-14 10:05:57",1595.5,2,ivanovnikitawork
2319,16671596,Sibato,"2026-09-14 12:05:17",1595.1,2,sibato
2320,16848217,"Yang Bai","2026-09-10 05:49:28",1595.0,2,jackelysia
2321,16690805,"Alejandro Ayestaran","2026-09-10 01:37:21",1594.1,2,alejandroayestaran
2322,16791873,Sanjay,"2026-09-15 13:12:27",1593.6,2,sanjay6727
2323,16756477,Ender,"2026-09-10 11:10:27",1593.5,2,eamonnkashyap
2324,16659670,MeeMee,"2026-09-10 07:07:22",1592.9,2,yagi46
2325,16852728,"Ryuto Yoda","2026-09-09 11:05:09",1592.7,2,ryutoyoda
2326,16757123,"Sripad Modali","2026-09-16 14:48:11",1592.5,2,sripadmodali
2327,16712751,haruo_tensai,"2026-09-18 14:01:47",1591.8,2,haruotensai
2328,16857861,Satua,"2026-09-11 06:36:26",1590.8,2,satyasrinivasanandh
2329,16676739,"Jonathan Zheng Jiahao","2026-09-10 02:53:21",1590.7,2,jonathanzhengjiahao
2330,16863501,ATC,"2026-09-10 01:05:59",1590.4,1,t6ccc2
2331,16866946,truxivan,"2026-09-10 13:46:58",1589.8,1,truxivan
2332,16880437,doublek,"2026-09-16 14:20:16",1589.0,2,doublek
2333,16712007,"Dipin Kothavoor","2026-09-14 13:54:52",1588.4,2,dipinkothavoor
2334,16806006,2,"2026-09-16 09:59:01",1587.9,2,smallvv
2335,16859585,momo,"2026-09-10 03:06:37",1587.3,2,fyenneyenn
2336,16732409,kawhi0.0,"2026-09-10 03:44:50",1587.0,2,kawhi00
2337,16691451,Nakano,"2026-09-16 15:40:34",1586.9,2,spicatom0914
2338,16641956,SixGODD,"2026-09-18 16:37:36",1586.7,2,sixgodd
2339,16802745,"Fuat Çakıcı","2026-09-16 11:56:18",1586.6,2,fuatcakiicii
2340,16907699,"zhirong ye","2026-09-18 16:25:01",1585.9,2,zhirongye
2341,16729186,Virtute,"2026-09-16 06:25:56",1585.8,2,nameless001
2342,16625798,grifth,"2026-09-09 08:20:58",1584.4,2,grifth
2343,16855868,PapaSoda,"2026-09-10 17:45:16",1583.6,2,papasoda
2344,16832866,bgaoi2,"2026-09-09 15:09:29",1582.9,2,bgaoi2
2345,16699586,"Linda Liu","2026-09-17 11:58:32",1581.6,2,lpoint
2346,16881694,Novardion,"2026-09-13 11:28:43",1580.9,2,novardion
2347,16839821,"Stepan Pankratov","2026-09-09 14:47:50",1579.9,2,infam62
2348,16654109,"Mohamed Amine Aichaoui","2026-09-09 23:50:05",1579.4,2,mohamedamineaichaoui
2349,16854090,"Kaichi Morimoto","2026-09-09 11:22:01",1579.4,2,kaichimorimoto
2350,16845112,"Robert Baburin","2026-09-17 18:23:12",1578.9,2,robertbaburin
2351,16840617,RyotaroAbe,"2026-09-10 14:03:06",1578.3,2,ryotaro45123
2352,16653199,Koba,"2026-09-18 15:45:42",1577.8,2,zone0906
2353,16862155,"Kydyrbek Kozykorpesh","2026-09-09 17:34:41",1576.6,2,kozykappa
2354,16738822,shakedamo0w0,"2026-09-10 03:38:12",1575.7,2,shakedamo0w0
2355,16773064,"Sonu Yadav","2026-09-16 20:48:50",1575.2,2,sonuyadav710
2356,16865693,Eda,"2026-09-10 09:12:31",1574.8,1,edagram
2357,16665233,"Akash Deep","2026-09-13 19:50:04",1574.8,2,akashdeepo
2358,16866567,Variiiiiii,"2026-09-11 10:09:24",1574.1,2,variiiiiii
2359,16852910,omoch1,"2026-09-17 09:42:00",1573.7,2,agecom
2360,16860164,Ry_Sa,"2026-09-09 11:29:06",1573.4,2,ryqsaq
2361,16860160,"Kohei #2","2026-09-09 11:20:08",1573.1,1,confirm
2362,16670020,nanare,"2026-09-16 16:43:03",1573.1,2,nanaresudo
2363,16644702,cracker_1_war,"2026-09-10 07:18:48",1573.0,2,cracker1war
2364,16633793,adakoda,"2026-09-09 11:55:49",1572.3,2,adakoda
2365,16806879,tetsuro731,"2026-09-09 11:46:20",1572.2,2,tetsuro731
2366,16734914,bharat,"2026-09-16 22:24:49",1572.0,2,bharatmohan
2367,16854935,이순신,"2026-09-16 14:35:43",1571.7,2,tenkojun
2368,16857977,namopanda,"2026-09-09 15:41:49",1571.6,2,namopanda
2369,16810499,佐藤滉太,"2026-09-18 17:11:09",1571.5,2,s1300200
2370,16811247,"Luca Mussino","2026-09-10 20:53:58",1570.3,2,lucamussino
2371,16712796,"Kumar Saurabh","2026-09-17 08:13:59",1569.7,2,bakakaka
2372,16861083,Shoto,"2026-09-09 15:14:42",1569.7,1,bloodymonday
2373,16677596,Sere1n,"2026-09-11 15:08:02",1569.1,2,chacc0
2374,16661846,"Jeffrey Pike","2026-09-09 16:05:56",1568.9,2,jeffreypikeai
2375,16672997,"Francesco Montone","2026-09-11 10:56:31",1568.9,2,francescomontone
2376,16678061,"Sushanth Tiruvaipati","2026-09-10 06:11:22",1568.6,2,sushanthtiruvaipati
2377,16630833,"Savan Javia","2026-09-10 10:01:49",1568.3,2,savanjaviya
2378,16698134,Hossein,"2026-09-11 02:29:53",1568.2,2,tomi85
2379,16857939,"Le Duy Dong","2026-09-10 16:11:23",1568.1,1,lduynglduyng
2380,16861903,iwa,"2026-09-13 05:12:38",1567.5,2,ichiko
2381,16685047,Yvonne.,"2026-09-12 08:17:01",1566.6,2,zdawer250
2382,16623298,Mikhail_Komkin,"2026-09-09 21:21:30",1566.2,2,mikhailkomkin
2383,16779957,养了一群扫福瑞,"2026-09-09 12:13:36",1566.1,2,whq0q7
2384,16632516,"Jiachen Li","2026-09-09 11:29:38",1566.0,2,llccqq624
2385,16657671,CyberRacoon,"2026-09-15 10:38:45",1565.8,2,racoontw
2386,16870600,"Huayu Wen","2026-09-11 14:17:55",1564.5,2,huayuwen
2387,16870447,"louie lau","2026-09-11 08:22:30",1564.4,1,louielau
2388,16778334,"Onkar Belure","2026-09-09 16:22:19",1564.4,2,onkarbelure
2389,16671504,Agentmaster,"2026-09-16 15:21:27",1562.4,2,"kinjaza,shawnno"
2390,16798602,uns.t,"2026-09-17 18:03:41",1562.0,2,franksunp
2391,16838312,macaron,"2026-09-09 16:09:18",1561.9,2,hayatotech
2392,16741516,"Anh Tu","2026-09-16 14:00:13",1561.7,2,natcs98
2393,16731686,SaiKushal185,"2026-09-10 09:14:13",1561.5,2,saikushal185
2394,16734667,sadanamaru,"2026-09-10 12:22:11",1560.7,2,sadanamaru
2395,16644818,chudddc,"2026-09-09 13:57:18",1560.4,1,chudddc
2396,16861998,bobodict,"2026-09-09 17:26:50",1560.3,2,bobodict
2397,16640991,sometimeafter,"2026-09-09 17:35:05",1560.2,2,xinyeee
2398,16782708,lcx666,"2026-09-10 12:33:05",1560.1,1,chengxinliang
2399,16669843,"hikaru kitagawa","2026-09-17 15:32:14",1559.8,2,hikarukitagawa
2400,16634082,"Mikey Marszewski","2026-09-11 02:26:39",1559.4,2,mikeymarszewski
2401,16709501,Galaxantic,"2026-09-09 06:02:29",1559.1,2,neel21yt
2402,16660987,AdrianWang2003,"2026-09-09 09:32:53",1559.0,2,"adrianwang2003,benlou04"
2403,16621500,"Reinforcement Larping","2026-09-10 12:02:23",1558.2,2,egortkachenko
2404,16669686,"Mert Bayraktar","2026-09-12 18:44:44",1558.1,2,mertbayraktar
2405,16749272,giraffeneck,"2026-09-18 17:07:07",1557.6,2,yamajin
2406,16625214,Malla,"2026-09-09 15:00:57",1557.4,2,mallaphalguni
2407,16623608,"Dmitry Larko","2026-09-08 23:05:52",1557.1,2,dmitrylarko
2408,16661701,premjampuram,"2026-09-09 11:13:52",1556.9,2,"aasthasinha9,anji2705,premjampuram,sheetallodhi"
2409,16682843,underline12311,"2026-09-09 13:17:13",1556.6,2,underline12311
2410,16811496,Marie,"2026-09-17 07:10:26",1556.3,2,mariashatrova
2411,16677217,Panos,"2026-09-15 12:44:36",1555.9,2,panosc
2412,16732696,naniwazu,"2026-09-09 17:15:52",1555.2,2,naniwazu
2413,16842194,threnox,"2026-09-18 17:36:18",1554.7,2,threnox
2414,16784485,betterme,"2026-09-09 15:54:54",1553.6,2,betterme12345
2415,16810308,Congy,"2026-09-10 05:36:35",1553.5,2,congyingma
2416,16750843,jammings,"2026-09-09 13:11:04",1553.3,2,jammings
2417,16775474,ERS,"2026-09-10 05:09:16",1553.2,2,shingo257
2418,16768047,アメリカ農業研究会,"2026-09-17 13:24:54",1552.3,2,flnkhome
2419,16656312,"retiring to farm","2026-09-10 15:50:14",1552.0,2,"avnermlim,belati,hilariusjeremy,matthewpramana,nicholasarditirta"
2420,16859409,wia'ma,"2026-09-09 09:08:21",1552.0,1,wangyiqicy
2421,16625219,MJVinay,"2026-09-12 15:54:42",1551.7,2,mallajayanthvinay
2422,16761173,"Shinzo Takayama","2026-09-11 19:55:50",1551.6,2,shinzotakayama
2423,16849330,"Ian Wang","2026-09-16 17:45:54",1551.0,2,ianwang1204
2424,16743648,Hei_shao,"2026-09-12 18:48:52",1550.5,2,heishao
2425,16814716,edder0798,"2026-09-12 07:57:25",1550.1,2,"edder0798,wangxi608"
2426,16860118,Hironobukawaguchi,"2026-09-09 11:53:30",1550.0,2,hironobukawaguchi
2427,16623399,Kendamarron,"2026-09-13 16:11:54",1549.3,2,kazuhirokuriyama
2428,16771337,titako0000,"2026-09-10 09:00:19",1549.2,2,titako0000
2429,16634104,FarmGoose,"2026-09-10 09:10:47",1549.1,2,yizhanglou
2430,16624303,seven,"2026-09-09 09:18:12",1549.0,2,morikawatakeshi
2431,16731836,"Theo Venturian","2026-09-11 18:03:45",1548.9,2,theodorraulventurian
2432,16841960,WessonZ,"2026-09-10 02:11:20",1548.7,2,wessonz
2433,16668610,Sian,"2026-09-18 13:02:05",1547.5,2,arki13
2434,16843047,liyuting,"2026-09-10 07:27:21",1545.9,2,lytqwq
2435,16769277,卡心农场,"2026-09-18 17:14:44",1545.9,2,"hkd2333,hsiaosuan"
2436,16766796,panda__MB__maximus,"2026-09-09 09:32:32",1545.5,2,tanishmohokar09
2437,16858828,BlueSky_sora,"2026-09-16 05:31:22",1544.4,2,blueskysora
2438,16640264,DhanaLakshmiMalla,"2026-09-09 15:01:45",1544.3,2,dhanalakshmimalla
2439,16862056,konchu2,"2026-09-10 11:32:13",1544.2,2,konchu2
2440,16779171,Xunden,"2026-09-09 13:35:24",1543.8,2,xunden
2441,16758893,"Sercan Yeşilöz","2026-09-09 12:34:34",1542.6,2,sercanyesiloz
2442,16724755,K.nosaka,"2026-09-10 12:07:13",1541.7,2,kenseinosaka
2443,16786092,Shiru2,"2026-09-09 19:34:32",1540.9,2,shiru2
2444,16899240,"Abel Mendez","2026-09-17 02:25:28",1540.9,2,abelmendez
2445,16655474,Focus,"2026-09-09 12:04:51",1540.8,2,overvalueawareness
2446,16789509,"Yang Wei Hao","2026-09-09 13:02:55",1540.8,2,aichangeworld
2447,16763418,overwhelmer,"2026-09-16 17:39:13",1539.9,2,overwhelmer
2448,16784691,"Here i come","2026-09-16 10:29:57",1538.8,2,emrekuruba
2449,16767052,KaitoKusumoto,"2026-09-10 12:30:18",1538.7,2,kaitokusumoto
2450,16862298,"Varadaraj Borkar","2026-09-13 13:12:11",1538.3,2,varadarajborkar
2451,16632612,Farmville,"2026-09-09 16:13:55",1538.1,2,rafaelfigueiredo13
2452,16710546,"Russlan Ramdowar","2026-09-09 05:03:58",1538.0,2,russlan
2453,16674174,"Ramesh Arvind","2026-09-18 09:03:35",1538.0,2,rameshln
2454,16860708,"Nav N","2026-09-10 07:47:42",1537.7,2,navidata
2455,16688130,"Lujia Liang","2026-09-16 21:00:32",1537.6,2,lujialiang123
2456,16863538,e-toppo,"2026-09-10 01:15:27",1537.1,1,masatomatsui
2457,16786496,"Lê Quang Cảnh","2026-09-12 05:44:25",1536.2,2,zhincez
2458,16898290,"Ryan Jonathan Valencia","2026-09-17 17:33:18",1535.8,2,ryanjonathanvalencia
2459,16876071,NITISH5236GOEL,"2026-09-18 10:14:21",1535.7,2,nitish5236goel
2460,16844456,Touk00,"2026-09-13 04:20:04",1535.4,2,touk00
2461,16757253,ZEE,"2026-09-16 18:25:15",1535.3,2,randyzhang666
2462,16853498,MaksKhan,"2026-09-08 15:32:14",1535.2,2,makskhan
2463,16758629,karinkaito,"2026-09-16 01:08:30",1535.1,2,karinkaito
2464,16860559,"Sara Lark","2026-09-12 13:36:51",1534.9,2,saralark
2465,16674367,"zongze Yan","2026-09-14 11:54:16",1534.6,2,aaayan
2466,16690019,Around30,"2026-09-15 14:02:49",1533.7,2,"cyanspring,masahiromatsuda,sutesute000012"
2467,16860251,"Fabian Henning","2026-09-09 11:37:30",1533.3,1,crustacean
2468,16756972,"Đức Hải Hà","2026-09-18 14:02:21",1533.2,2,tankinguyen
2469,16842242,"Scott Kirila","2026-09-08 09:09:58",1532.9,2,scottkirila
2470,16801797,Tv,"2026-09-13 03:11:19",1531.6,2,linyeah
2471,16884028,"Jayden Y","2026-09-18 04:12:11",1531.2,2,jy0810
2472,16790585,wzyxp_123,"2026-09-17 18:26:32",1531.2,2,cloudssdut
2473,16859804,seele,"2026-09-09 10:20:41",1529.9,1,seele1917
2474,16840536,"Philip Snyder","2026-09-08 05:18:07",1529.7,2,darkhorsecodes
2475,16661648,"Vân Nguyễn","2026-09-15 14:45:09",1529.3,2,vunnguyen
2476,16858113,wli889661,"2026-09-09 13:38:01",1527.6,2,wli889661
2477,16623580,matsu997,"2026-09-09 17:35:42",1526.5,2,mastu997
2478,16659843,"Amer Alkhalili","2026-09-14 14:16:24",1524.9,2,ameralkhalili
2479,16716867,"Kevin Gemilang","2026-09-17 07:00:19",1524.6,2,kevingemilang
2480,16870461,Fumi,"2026-09-17 09:03:21",1524.2,2,cheersbeer
2481,16738759,YJR,"2026-09-09 07:24:30",1523.6,2,misakamikoto66
2482,16656776,ShaoCharles,"2026-09-09 14:16:17",1523.5,2,shaocharles
2483,16752082,"Tian hao Qing Nano7ko","2026-09-09 05:51:47",1523.3,2,tianhaoqingnano7ko
2484,16734803,guoziyi123456,"2026-09-09 09:31:56",1522.0,2,"ax1lec,guoziyi123456,linhexlu,xuanzhechen"
2485,16721382,"Milan Leonard","2026-09-12 07:20:12",1521.2,2,milanleonard
2486,16664132,kojingbo,"2026-09-12 15:49:01",1520.8,2,kojingbo
2487,16704818,probably6767,"2026-09-18 13:58:08",1520.7,2,probably6767
2488,16754882,vvs,"2026-09-10 14:35:58",1519.8,2,marvelworld
2489,16736838,アナコンダ,"2026-09-09 13:48:32",1519.5,2,"ei1333,unosss"
2490,16795704,haodada001,"2026-09-10 01:49:03",1519.3,2,haodada001
2491,16669256,Shivam_2212,"2026-09-11 00:46:20",1519.0,2,shivam2212
2492,16843203,"Liyi xin jie","2026-09-08 08:39:56",1518.9,2,liyixinjie
2493,16724806,rin2401,"2026-09-18 07:24:54",1518.3,2,rin2401
2494,16785321,HaoChi,"2026-09-08 23:38:40",1518.2,2,"lishi321,moxi21"
2495,16644578,"Team Name","2026-09-09 03:57:14",1518.0,2,baytree1238
2496,16774884,assssstnuar,"2026-09-16 16:08:18",1517.5,2,assssstnuar
2497,16854541,yangyiqing6,"2026-09-15 06:14:21",1517.3,2,yangyiqing6
2498,16786139,Trezerg,"2026-09-09 03:22:46",1516.2,2,progtrollwarrior16
2499,16880953,IAMNAMNAM,"2026-09-16 18:14:09",1516.1,2,iamnamnam
2500,16766171,Jonaid,"2026-09-10 22:22:27",1515.2,2,jonaidshianifar
2501,16688893,CCG,"2026-09-18 16:13:57",1514.7,2,"hirokenn,nagomenk"
2502,16841565,"dar Zaa","2026-09-08 18:04:18",1514.7,2,darzaa
2503,16715729,Ajay_Rao_43,"2026-09-09 05:25:11",1514.3,2,ajayrao43
2504,16915014,Boey,"2026-09-18 05:41:21",1513.2,2,boeychenjun
2505,16827290,"Dhruvik Chauhan","2026-09-08 17:25:24",1511.9,2,dangptdawg
2506,16654403,"Skibidi Six Seven","2026-09-08 14:20:24",1511.3,2,iam4722202468
2507,16707561,"Nick Rom111","2026-09-18 14:39:15",1510.9,2,nickrom111
2508,16794730,Fanch,"2026-09-08 08:29:22",1510.4,2,fanch123
2509,16793427,wuwuwu,"2026-09-08 00:12:46",1510.0,2,wu1570
2510,16656806,"Arshad Shemil k","2026-09-09 08:33:09",1509.5,2,arshadshemilk
2511,16677847,ShiviWhivi,"2026-09-08 21:01:40",1509.5,2,blackpearls1
2512,16640701,momoon,"2026-09-15 04:05:16",1507.2,2,nomuraryota
2513,16857973,guochangZhang,"2026-09-09 04:24:41",1504.9,1,guochangzhang
2514,16699246,"Labh Khatke","2026-09-11 15:53:22",1504.4,2,labhkhatke
2515,16641713,"ronsen sun","2026-09-11 08:01:06",1504.3,2,ronsensun
2516,16796901,hanhan761,"2026-09-10 05:31:28",1504.1,2,"hanhan761,kiivii,noice12138,xiaobai0417"
2517,16852605,VTH,"2026-09-08 06:35:01",1503.9,2,storm2501
2518,16679694,"Yaro Perventsev","2026-09-16 19:27:28",1503.7,2,yaroslavperventsev
2519,16717901,"Ahmed Hazem Abdeltawab","2026-09-11 12:10:58",1503.5,2,ahmedhazem23
2520,16808840,Devansh3007,"2026-09-10 05:02:13",1503.2,2,devansh3007
2521,16838766,"Justin Gao","2026-09-08 08:27:29",1502.7,2,justingao
2522,16801457,"Anthropic Banned My Account","2026-09-09 08:59:24",1502.5,2,subaru486
2523,16676278,"Om Sangwan","2026-09-15 02:58:53",1500.6,2,omsangwan
2524,16840564,starlovelmj,"2026-09-09 02:16:02",1500.5,2,starlovelmj
2525,16810813,Scorn100,"2026-09-09 17:11:13",1500.4,2,scorn100
2526,16856437,"Roshan S. Chauhan","2026-09-14 09:33:55",1500.2,2,vrosenta
2527,16756698,savoelh,"2026-09-07 19:39:38",1499.9,2,savoelh
2528,16669269,"yash bhaskar","2026-09-10 15:11:51",1499.8,2,yash9439
2529,16773964,trung,"2026-09-18 06:48:15",1498.8,2,trung2006
2530,16854616,"Dd National","2026-09-12 13:29:04",1498.5,2,ddnational
2531,16633445,Wal8800,"2026-09-10 06:30:12",1498.5,2,wal8800
2532,16891040,"Nasri Siwar","2026-09-18 18:05:16",1498.4,2,sassounasri
2533,16779254,MaxZhuCHN,"2026-09-15 03:39:04",1498.4,2,maxzhuchn
2534,16753710,tax_free,"2026-09-10 17:08:47",1498.2,2,taxfreepython
2535,16844672,"sleeping king","2026-09-09 02:11:59",1498.0,2,sleepingking
2536,16835851,ruizhichen,"2026-09-17 11:21:28",1497.7,2,ruizhichen
2537,16679810,"Patrick Joël MAIRLOT-MBEZELE","2026-09-10 17:54:50",1497.6,2,pigenesis75
2538,16847189,lonelygolem,"2026-09-09 21:03:51",1497.3,2,rocinantt
2539,16658300,"Thành Toàn Vương","2026-09-08 14:14:22",1497.1,2,thnhtonvng
2540,16621687,ropeadope,"2026-09-08 10:44:47",1496.8,2,silkross
2541,16719090,CHSTO,"2026-09-12 21:35:49",1495.6,2,haotianqi
2542,16658474,huyimin517517,"2026-09-18 05:03:38",1495.6,2,"huyimin517517,touyouzhaji,wumingshi2006,zxinzzzz"
2543,16700846,"Vaibhav Patel","2026-09-16 08:09:33",1495.4,2,vaibhavpatel
2544,16668998,WarRusher,"2026-09-15 18:27:32",1494.6,2,warrusher
2545,16811571,"Daniel Guo","2026-09-08 07:16:12",1494.2,2,denialguo
2546,16635747,"Jeki Wan Taufik","2026-09-08 15:14:33",1493.9,2,jek1wantaufik
2547,16659286,shane18,"2026-09-18 15:29:52",1493.4,2,shane18
2548,16687294,"Madiyar Khamzanov","2026-09-18 19:19:15",1493.0,2,mkhamzanov
2549,16848095,"Risha Apps","2026-09-08 15:41:31",1492.8,2,rishaapps
2550,16774941,Samvrcai,"2026-09-16 22:56:19",1492.2,2,samvrcai
2551,16840862,HaoKwok,"2026-09-09 03:50:41",1492.0,2,haokwok2002
2552,16764605,"Bandito Gangesterito","2026-09-08 17:51:50",1491.5,2,"mrtrueteller,restovrator"
2553,16702674,"Varun S G","2026-09-18 05:49:16",1490.9,2,warun7
2554,16733111,qihuaz,"2026-09-13 06:35:14",1490.6,2,qihuaz
2555,16844132,Tamasaki217,"2026-09-07 14:15:02",1490.5,2,tamadesu217
2556,16663851,"Harshith revuru","2026-09-13 00:08:12",1490.2,2,harshithrevuru
2557,16706265,questiondlmarks,"2026-09-10 06:09:35",1489.8,2,questiondlmarks
2558,16672241,dupakdungking,"2026-09-15 13:32:04",1489.7,2,primarizki
2559,16855035,"rock paper scissors","2026-09-08 15:03:00",1489.5,1,downbythesallygarden
2560,16774823,fan2goa1,"2026-09-09 07:23:33",1489.1,2,zfun0926
2561,16808631,ALkkGame,"2026-09-14 15:16:47",1488.4,2,alkkgame
2562,16829834,Luxuer,"2026-09-09 08:54:11",1488.0,1,luxuer
2563,16670879,"old macdonald","2026-09-07 16:11:15",1487.7,2,djschmit
2564,16823467,"Riki Uchida","2026-09-08 13:04:02",1487.7,2,rikiuchida
2565,16763001,Eb3lss,"2026-09-09 11:08:19",1487.2,2,eb3lss
2566,16841077,melowdramtic,"2026-09-10 02:31:53",1486.7,2,melowdramtic
2567,16743392,tellurium_rrr,"2026-09-18 03:13:21",1486.4,2,telluriumrrr
2568,16758709,dk07dk,"2026-09-12 07:13:48",1485.5,2,dk07dk
2569,16854416,"Artemiy Shirokov","2026-09-08 12:53:33",1485.5,1,tema7707
2570,16841313,"Daniel Harkin","2026-09-09 18:24:13",1485.1,2,danielharkin
2571,16851664,koucha,"2026-09-10 10:18:30",1484.9,2,momotakaaoki
2572,16639570,"Vishesh Banna","2026-09-08 13:07:51",1484.3,2,visheshbanna
2573,16843635,"Просто Человек","2026-09-08 18:03:16",1483.9,2,gomunkul
2574,16732352,ORiginators,"2026-09-09 10:47:23",1483.8,2,"sachinpandey721,sunritpal"
2575,16849883,"Rifa Tamanna","2026-09-07 22:07:04",1483.2,2,rifatamanna1109
2576,16765484,smsxgz,"2026-09-08 19:09:03",1483.1,2,smsxgz
2577,16659465,AravindLochan,"2026-09-08 10:00:39",1483.0,2,aravindlochan
2578,16840550,henriquejsza,"2026-09-10 13:50:41",1483.0,2,henriquejsza
2579,16791712,"xiang W","2026-09-08 14:24:56",1482.9,2,"dekonsu,xiangwaaaaa"
2580,16730473,Kyohei,"2026-09-08 00:42:18",1482.2,2,kyohei3
2581,16855268,"Jiayi Du","2026-09-08 16:10:56",1481.2,2,jahyee
2582,16793083,"🐚seek inspiration🐚","2026-09-18 13:18:53",1481.1,2,kurupical
2583,16763897,BackFiring,"2026-09-13 09:41:16",1480.6,2,backfiring
2584,16815985,leemc95,"2026-09-08 21:31:33",1480.4,2,leemc95
2585,16664619,"Trupen Patel","2026-09-08 15:52:17",1480.4,2,trupenpatel
2586,16794758,wppepi,"2026-09-09 03:06:09",1479.7,2,"foxsuzuran,malossov,wppepi"
2587,16842482,Wodo888,"2026-09-15 14:04:44",1479.5,2,wodo888
2588,16706576,王一凡,"2026-09-11 07:28:35",1478.9,2,"liuziyang1016,mikakohinata68"
2589,16842645,zard599,"2026-09-08 16:17:52",1478.2,2,zard599
2590,16634156,"Hiroyasu Okuno","2026-09-13 07:32:33",1477.9,2,hiroyasuokuno
2591,16846958,"Constantin Craciun","2026-09-18 09:35:18",1477.4,2,constantincraciun
2592,16663999,"Colton Martin","2026-09-14 15:46:31",1477.2,2,coltonmartinnn
2593,16771010,42X,"2026-09-09 13:43:36",1477.1,2,infcyx
2594,16658665,ChandramouliNagasundaram,"2026-09-17 12:11:49",1476.8,2,"enginegeneral,mouliindian"
2595,16661325,"Max Fofanov","2026-09-16 14:48:43",1476.6,2,maxfofanov
2596,16809097,volumatic,"2026-09-10 11:00:51",1475.8,2,"kkeevviinn666,volumatic"
2597,16679098,"KIRTAN RUPESHBHAI BHOJANI","2026-09-17 16:36:24",1475.2,2,kitran17
2598,16650824,Orsted_hitogmi,"2026-09-16 07:59:15",1474.9,2,orstedhitogmi
2599,16696231,"Oleg Smirnov","2026-09-08 07:17:12",1474.7,2,smirnolegov
2600,16765834,Oakzen,"2026-09-15 04:51:50",1474.5,2,gyx517120273
2601,16707084,"3G 🐮🍺","2026-09-18 02:34:25",1474.5,2,dfgtde
2602,16832971,"Scott Willis","2026-09-07 17:02:44",1474.4,2,scottgwillis
2603,16870780,"John Gates","2026-09-16 05:43:38",1474.4,1,johngates
2604,16909962,"Peter Shu","2026-09-17 02:29:52",1474.2,2,petershuikun
2605,16718823,"Rafael Molina Castaño","2026-09-12 20:45:02",1474.1,2,rafaelmolinacastano
2606,16688450,SpiralTip,"2026-09-14 04:11:41",1473.5,2,spiraltip
2607,16713457,"Poor farmer","2026-09-08 08:45:03",1473.2,2,trnhip
2608,16844344,Hyt9797,"2026-09-09 08:19:53",1473.0,2,hyt9797
2609,16822395,"Vladimir Galatenko","2026-09-18 04:21:18",1472.8,2,vladimirgalatenko
2610,16811072,Rafael,"2026-09-08 12:43:08",1472.7,2,rafaeldsjhkas
2611,16673328,"Preetham Prasanna","2026-09-13 10:13:18",1471.5,2,preethamprasanna
2612,16671454,Shadow,"2026-09-17 07:37:02",1470.8,2,uziahmd
2613,16846391,"here we go","2026-09-09 05:28:41",1470.7,2,j1aliangx
2614,16696997,coolin666,"2026-09-09 00:39:53",1470.3,2,coolin666
2615,16706410,lixiaoxin25,"2026-09-17 12:26:37",1469.3,2,lixiaoxin25
2616,16656382,Aevion-Labs,"2026-09-09 03:03:51",1469.2,2,aevionlabs
2617,16663759,🔥🦫📿🗽,"2026-09-07 19:59:55",1468.5,2,datafad
2618,16842066,Atomo333,"2026-09-08 10:35:55",1467.1,2,atomo333
2619,16671012,"Sean Zhang","2026-09-16 01:44:36",1466.7,2,seanzhang2445
2620,16695242,"Utkarsh Prakash Srivastava","2026-09-08 15:55:37",1466.3,2,utkarshps
2621,16664760,SN,"2026-09-16 06:11:22",1466.2,2,spirosnianiaras
2622,16724366,"YASH JAIN","2026-09-18 01:17:11",1465.9,2,yashjain911
2623,16726559,william,"2026-09-05 02:03:48",1465.7,2,hiricodev
2624,16730719,Xiaowenhao404,"2026-09-18 08:16:47",1465.5,2,xiaowenhao404
2625,16671088,jasonstillchasin,"2026-09-18 13:58:04",1465.3,2,jasonstillchasin
2626,16810104,HemanthRaju311,"2026-09-09 13:07:35",1464.4,2,hemanthraju311
2627,16796014,keith70,"2026-09-08 07:18:36",1464.4,2,keith70
2628,16672549,"ReinFARMent Learning?","2026-09-11 03:38:53",1463.5,2,arksey
2629,16656810,IskanderAkhmetov,"2026-09-13 18:28:30",1463.5,2,iskander2017
2630,16725851,hetspookjee,"2026-09-07 21:54:39",1462.2,2,hetspookjee
2631,16652631,"Panagiotis Anagnostou","2026-09-11 10:00:25",1461.6,2,panosanag
2632,16838560,Aphrodite,"2026-09-08 03:03:11",1461.0,2,aphrodite874
2633,16842967,yoshiki116,"2026-09-11 05:05:19",1460.1,2,yoshiki116
2634,16653805,mohsen2050,"2026-09-14 18:25:43",1460.1,2,mohsen2050
2635,16655109,"Tia He","2026-09-10 00:54:40",1460.0,2,altheahe
2636,16790472,"Manurupan M","2026-09-17 15:07:46",1459.7,2,manurupanm
2637,16672858,Lyesterday,"2026-09-07 10:14:39",1459.6,2,ilyas93
2638,16741997,hikarinosenshi,"2026-09-08 00:50:58",1459.2,2,hikarinosensh1
2639,16668647,"THIRUPATHI KANNAN K","2026-09-07 14:59:51",1459.0,2,thirupathikannank
2640,16669826,Jesse,"2026-09-12 07:51:27",1458.0,2,jesneuman
2641,16843221,refine123,"2026-09-08 08:06:29",1457.9,2,refine123
2642,16841113,Andy,"2026-09-07 01:22:11",1456.8,2,andrewmedran0
2643,16663748,Calmracer,"2026-09-08 16:17:56",1455.8,2,ethanhall123
2644,16898040,王ruizhe,"2026-09-18 13:57:04",1455.7,2,ruizhe28
2645,16700501,Konno,"2026-09-08 02:40:46",1455.5,2,nearfield1234
2646,16728959,"no pain no gain","2026-09-11 09:19:44",1454.9,2,ilyayurov2000
2647,16727350,"T Hansda","2026-09-08 09:22:20",1454.8,2,hansda
2648,16771080,"Ricky Shao","2026-09-07 17:16:14",1454.5,2,rickyshao
2649,16680524,Nealdarkdarkdark,"2026-09-08 04:36:02",1453.1,2,wklyb1
2650,16663498,"Braxton Dyer","2026-09-17 17:43:53",1452.8,2,braxtondyer
2651,16734979,NiuLAI,"2026-09-09 01:19:57",1452.6,2,"chunsingyu,chunyinhui,jaminmei"
2652,16749576,heralces,"2026-09-10 20:20:39",1452.1,2,heralces
2653,16657265,"Hemant Kumar","2026-09-18 13:53:47",1452.1,2,hemantrajputt
2654,16759913,"Peter Cnudde","2026-09-07 20:08:25",1452.1,2,petercnudde
2655,16852377,"Zhong Lyu","2026-09-08 05:20:05",1451.7,2,zhonglyu
2656,16777107,Pipiripipap,"2026-09-09 10:03:38",1449.2,2,yohalf
2657,16916142,aryandongare27,"2026-09-18 10:34:00",1448.7,2,aryandongare27
2658,16849295,"Israa Saede","2026-09-07 17:30:03",1448.6,1,esraaalsaeede
2659,16623466,len8487,"2026-09-08 04:47:16",1448.4,2,len8487
2660,16670453,141,"2026-09-18 18:51:50",1447.8,2,"muhammadmustafaxo,siddiqshah"
2661,16671425,"Gajenddra Raj","2026-09-11 01:18:29",1447.7,2,gajenddra
2662,16657341,raccoonForest,"2026-09-08 06:45:18",1446.2,2,gkanamoto
2663,16763200,"Alexander Nord","2026-09-07 18:04:42",1445.7,2,"alexandernord123,pizza987"
2664,16848686,"xiang156 xu","2026-09-08 03:23:16",1444.1,2,xiang156xu
2665,16695664,Bantam,"2026-09-18 05:59:58",1443.8,2,bantam
2666,16741563,"Paul Pawletta","2026-09-15 09:16:16",1443.6,2,paulpawletta
2667,16723967,dk2lone,"2026-09-07 20:04:25",1443.3,2,dk2lone
2668,16631400,JZ,"2026-09-17 11:57:03",1442.5,2,zhoujiachen
2669,16736120,"Ricky #2","2026-09-08 02:47:36",1440.2,2,rickyds97
2670,16659328,"Muhammed Ashiq Abdul Khader","2026-09-08 05:54:02",1440.2,2,ashiqabdulkhader
2671,16728109,"Sidharth Hulyalkar","2026-09-11 06:16:26",1440.1,2,sidharthhulyalkar21
2672,16743846,"Hemanth Raja Guttikonda","2026-09-11 09:41:59",1440.1,2,"hemanthrajg,poojithakatta18"
2673,16777406,"Toheeb Ogunade","2026-09-08 22:46:05",1439.7,2,toheebogunade
2674,16845193,Kaan111,"2026-09-17 15:37:21",1439.3,2,kaan111
2675,16845280,"Samuel Watson","2026-09-11 07:06:59",1439.2,2,scwatson
2676,16726431,Manav,"2026-09-07 14:42:18",1439.0,2,manavsangwan
2677,16744342,"glupez ","2026-09-13 19:15:15",1438.7,2,glupez
2678,16684250,"Alexander Sokolov","2026-09-06 12:33:49",1437.8,2,cheeec0
2679,16717253,Sybery_AI,"2026-09-13 19:51:41",1436.1,2,syberyai
2680,16845510,bugkeeper,"2026-09-08 06:24:57",1435.5,2,bugkeeper
2681,16850198,"Daiki Yasui","2026-09-09 17:54:55",1435.5,1,daikiyasui
2682,16749520,"Andrey Tikhomirov","2026-09-04 16:24:32",1434.0,2,andreytikhomirov
2683,16832231,lst1923,"2026-09-11 16:06:58",1433.9,2,lst1923
2684,16768043,"Cropy and Paste","2026-09-13 17:56:08",1433.9,2,tfriedel
2685,16759849,kkanayj,"2026-09-18 11:43:45",1433.8,2,kkanayj
2686,16645203,easonyanyan,"2026-09-18 16:22:41",1433.7,2,easonyanyan
2687,16847096,Jackylw,"2026-09-16 05:52:41",1433.0,2,jackylw
2688,16621165,"xisheng feng","2026-09-16 14:27:15",1432.9,2,xishengfeng
2689,16842044,StackOverflowed512,"2026-09-07 17:53:32",1432.9,2,stackoverflowed512
2690,16797251,"Nguyễn Mạnh Niên","2026-09-06 11:29:31",1431.5,2,jacobrichard312
2691,16918530,lingsio,"2026-09-18 13:24:41",1431.3,2,shinshengchiou
2692,16686444,"Syakirin Pahimi","2026-09-06 16:21:15",1431.1,2,syakirinpahimi
2693,16799362,"James Weatherhead","2026-09-06 21:45:45",1429.8,2,jamesweatherhead
2694,16731776,ASH,"2026-09-08 06:37:07",1429.7,2,pentannnn
2695,16680290,prospers,"2026-09-08 05:37:42",1428.9,2,prospers
2696,16845083,"Restu Anggoro Kasih","2026-09-07 12:44:58",1428.4,1,restuanggorokasih
2697,16693272,ush,"2026-09-10 07:22:13",1427.6,2,kusuha
2698,16791999,"Dashi Tsybikzhapov","2026-09-10 09:40:51",1427.5,2,dashitsybikzhapov
2699,16870585,ba,"2026-09-11 08:25:46",1427.3,2,yusukebaba
2700,16623877,Chikuwabu,"2026-09-08 14:36:45",1426.8,2,prgckwb
2701,16660020,"Gaddam Shiva Teja","2026-09-14 23:48:42",1426.6,2,shivateja005
2702,16681007,AkiraOnojp,"2026-09-08 18:48:33",1426.5,2,akiraonojp
2703,16893007,thegoatman7,"2026-09-18 04:04:52",1425.5,2,thegoatman7
2704,16851712,VelloNChiru,"2026-09-17 13:47:43",1425.5,2,janelawrence
2705,16687716,"Joshua Fernando","2026-09-16 12:51:45",1425.5,2,joshuafernandoj
2706,16754974,BurntPotato,"2026-09-09 00:06:54",1424.7,2,burntpotato
2707,16623378,"nvidia fan","2026-09-17 06:46:19",1424.6,2,outwrest
2708,16765151,htnhtn,"2026-09-17 09:14:22",1424.5,2,htnhtn
2709,16666393,saikyo,"2026-09-07 02:04:55",1424.0,2,kyosaikyo
2710,16634128,ZechHuang,"2026-09-09 08:22:39",1423.5,2,zechhuang
2711,16724993,Bonkoturyu,"2026-09-10 07:59:12",1423.2,2,bonkoturyu
2712,16692432,"Les 2 oies","2026-09-18 19:06:44",1422.6,2,"sanarceate,youyoucrf"
2713,16638994,wpl,"2026-09-06 19:44:50",1422.4,2,peilwang
2714,16823782,yuyutech(Genuine),"2026-09-08 04:32:19",1422.4,2,yuyutechgenuine
2715,16777961,qiwaki,"2026-09-07 15:23:00",1421.9,2,resonayu
2716,16675897,"KANG ZHIPENG","2026-09-16 01:26:34",1421.7,2,kangzhipeng
2717,16749061,"Wang H2O","2026-09-16 16:07:22",1421.5,2,wangh2o
2718,16736542,YuRuiZe,"2026-09-06 10:16:45",1421.4,2,ruoyuruize
2719,16862895,"Quinn Brighton","2026-09-12 00:01:22",1420.8,2,quinnbrighton
2720,16645596,Kosakunin,"2026-09-07 15:14:03",1420.1,2,yugoawawa
2721,16838807,"tony boakye","2026-09-08 11:41:30",1420.0,2,tonyboakye
2722,16841097,"Arsonist Duck","2026-09-17 20:21:55",1420.0,2,herbertthebird
2723,16847289,"Hengxiang Yu","2026-09-09 13:29:09",1419.0,2,hengxiangyu
2724,16663681,Kometa,"2026-09-07 13:46:54",1418.9,2,petarknezevic1
2725,16667922,JungHwan,"2026-09-06 00:05:59",1418.7,2,najunghwan
2726,16622898,"sbol ball","2026-09-09 22:13:42",1418.5,2,"linearbasis,maksimkostritsya"
2727,16819030,sunyuxiang136,"2026-09-18 14:17:00",1417.9,2,"hqy0619,orangetailfish,sunyuxiang136,tshen12"
2728,16700510,"Shadow Recon","2026-09-18 11:56:18",1417.9,2,gaurav065
2729,16667998,Speril,"2026-09-11 03:51:03",1416.9,2,speril
2730,16730375,Floth,"2026-09-07 15:14:58",1416.7,2,suwat513
2731,16704613,alexbstl,"2026-09-14 01:43:31",1416.7,2,alexbstl
2732,16840338,"Shoma Arakawa","2026-09-12 08:55:21",1416.4,2,shomaarakawa
2733,16755229,theearthcheng,"2026-09-06 07:09:16",1416.4,2,theearthcheng
2734,16747408,すずき,"2026-09-11 04:23:39",1416.3,2,shumpeace
2735,16641099,sieru-copan,"2026-09-05 16:17:32",1414.7,2,sierucopan
2736,16848220,ggmljs,"2026-09-10 05:10:42",1414.0,2,ggmljs
2737,16797036,tksfjn,"2026-09-12 04:06:53",1413.7,2,tks3210
2738,16664969,subsubsubagent,"2026-09-08 14:01:20",1413.6,2,"estrellasss,kingsley31,smithshine,wuliaoluis,xuteli"
2739,16738298,tomo0608,"2026-09-06 10:46:22",1413.4,2,tomo0608
2740,16728229,twomoon,"2026-09-08 05:22:46",1413.2,2,twomoon036
2741,16658248,Aaweg,"2026-09-17 10:43:21",1413.1,2,aawegbhaladhare
2742,16661970,"BOB'S ROOM","2026-09-09 12:30:24",1412.6,2,"bobpop123447,datasutudent"
2743,16688281,"Luke Stafford","2026-09-15 20:07:13",1412.2,2,luketstafford
2744,16805940,Foxure,"2026-09-12 01:51:33",1412.1,2,foxure
2745,16810490,katlun,"2026-09-13 03:25:31",1412.0,2,"hoyin1212,katlun"
2746,16740464,"Jorrawar Grewal","2026-09-08 00:43:17",1412.0,2,jorrawargrewal
2747,16657637,"Ronnie Atuhaire","2026-09-15 14:11:38",1409.9,2,ronnieatuhaire
2748,16817923,"Adhiraj Jagtap","2026-09-17 08:26:34",1409.8,2,adhirajjagtap
2749,16806556,KyryloBakumenko,"2026-09-18 09:05:17",1409.0,2,kyrylobakumenko
2750,16730247,DOM-VASCONCELOS,"2026-09-13 10:03:51",1409.0,2,domcreator
2751,16857923,Haruki.O,"2026-09-12 08:23:32",1408.1,2,ho0707
2752,16748527,Tsubasa_00,"2026-09-10 00:22:27",1406.8,2,tsubasa00
2753,16669666,RhoenSprudel,"2026-09-11 19:08:43",1406.4,2,rhoensprudel
2754,16736404,¡olé!,"2026-09-08 04:30:34",1406.2,2,hjx1024
2755,16686424,"Thần Thoại","2026-09-08 16:58:05",1406.0,2,thanthoai
2756,16840452,pan6628,"2026-09-10 04:38:21",1405.7,2,pan6628
2757,16738820,"Ying Li","2026-09-14 15:06:54",1405.4,2,lyee919
2758,16764342,malone001,"2026-09-11 08:18:49",1405.2,2,malone001
2759,16845063,"Gaston Zarate","2026-09-15 14:42:36",1405.0,2,gastonz195
2760,16730713,"Michael Mueller","2026-09-18 14:48:35",1404.4,2,michaelmueller26
2761,16644480,"Umut Keltek","2026-09-07 20:47:32",1403.9,2,umutkeltek
2762,16888093,"Alejandro Izaguirre","2026-09-18 13:05:55",1403.7,2,alejandroizag
2763,16802719,uta_ccc,"2026-09-06 07:15:44",1403.4,2,utaccc
2764,16637241,M4nd4l0r14n,"2026-09-07 21:50:19",1403.3,2,thiagobcunha
2765,16707562,Snipine,"2026-09-08 01:17:09",1402.8,2,boluosnow
2766,16824014,"Kotaro Kikuchi","2026-09-07 10:57:06",1402.5,2,kotaro1129
2767,16764476,daviddnd,"2026-09-15 07:40:48",1402.5,2,daviddnd
2768,16870986,Taeyang,"2026-09-18 03:12:29",1402.1,2,taeyangg4
2769,16814637,random_numb,"2026-09-11 05:08:06",1401.9,2,randomnumb
2770,16660137,Densike,"2026-09-09 17:32:51",1401.5,2,densike
2771,16644160,"Saravana Rajan B","2026-09-07 15:04:38",1401.3,2,saravanarajanb
2772,16844769,phi,"2026-09-09 18:19:54",1400.3,2,fahisplr
2773,16739537,"Bina Salama","2026-09-14 00:25:30",1400.0,2,binasalama
2774,16758982,Boredom,"2026-09-08 01:50:36",1399.9,2,cudacoding
2775,16808905,"Yusaku Muroya","2026-09-07 10:35:52",1399.6,2,ymuroya47
2776,16843986,"Young Jim","2026-09-07 00:05:04",1399.3,2,youngjim
2777,16848929,"Nikoo Yu","2026-09-15 05:06:17",1398.4,2,nikooyu
2778,16654042,B.Pushpanjali,"2026-09-11 14:13:52",1398.2,2,"bpushpanjali,vinithwade"
2779,16839343,"SAURABH VISHWAKARMA","2026-09-15 17:13:31",1398.0,2,surabhv21
2780,16783517,"dongdong zhang","2026-09-07 03:22:34",1397.8,2,mcdongdongzhang
2781,16633688,Ryo,"2026-09-06 06:44:25",1397.2,2,ryosukekurakami
2782,16715358,wuy1hao,"2026-09-07 10:23:01",1397.1,2,wuy1hao
2783,16824564,"piu ATI","2026-09-06 10:02:27",1396.4,2,piuati
2784,16830390,"Hajime Kumami","2026-09-07 00:06:54",1396.3,2,hajimekumami
2785,16765207,Cathy,"2026-09-10 01:48:38",1395.8,2,cathyyou
2786,16639800,"Yong Ming-Jia","2026-09-15 06:14:00",1394.8,2,ymingj
2787,16725081,ZhouYongqi,"2026-09-06 14:55:06",1394.8,2,xy0v0zhang
2788,16842187,"rongkai bao","2026-09-06 05:34:57",1394.4,2,rongkaibao
2789,16623806,黒田彩人,"2026-09-07 21:37:20",1394.1,2,ayato0705
2790,16661768,"Lợi Trần Bảo","2026-09-13 19:43:53",1393.5,2,litrnbo
2791,16653927,"Fernando GH H","2026-09-05 20:04:42",1393.4,2,fernandoghh2
2792,16782564,"Chris Tu","2026-09-04 05:14:36",1393.1,2,christu831004
2793,16640878,"Krishna Yadu","2026-09-06 08:18:51",1393.0,1,krishnayadav456wrsty
2794,16654463,Mark,"2026-09-04 19:38:01",1392.8,2,robotmf
2795,16792927,EnricRovira,"2026-09-12 21:58:31",1392.7,2,enric1296
2796,16745949,"Miaohua Zhang","2026-09-15 05:48:03",1391.2,2,miaohuazhang
2797,16731822,Senn88,"2026-09-08 13:54:19",1390.0,2,senn88
2798,16779942,"YueKai Yu","2026-09-07 01:12:38",1389.9,2,yuekaiyu
2799,16707057,tamo,"2026-09-06 07:44:38",1389.0,2,ryotakasuya
2800,16838898,"Minh Trịnh","2026-09-06 13:38:05",1388.9,2,minhtrinh2002
2801,16838588,"Nadeem Ishikawa","2026-09-08 23:04:10",1388.9,2,nadeemishikawa
2802,16854744,"Rostislav Epifanov","2026-09-10 12:14:58",1388.4,2,rostepifanov
2803,16839429,"Igor Aranovsky","2026-09-08 08:55:51",1387.9,2,igoraranovsky
2804,16727536,lelelove1225,"2026-09-06 12:58:48",1387.4,2,lelelove1225
2805,16667020,SCLim2022080004,"2026-09-18 14:02:00",1387.2,2,sclim2022080004
2806,16662121,One-For-All,"2026-09-03 23:10:22",1387.0,2,indarkarhana
2807,16659711,williams,"2026-09-06 23:23:25",1386.8,2,williams
2808,16634336,"Arko Bera","2026-09-08 19:08:41",1386.3,2,cartoonistbeard
2809,16810472,YuanKing77,"2026-09-06 03:11:18",1386.2,2,yuanking77
2810,16841542,Smmyth,"2026-09-06 22:18:52",1385.2,2,smmyth
2811,16843555,sol12378,"2026-09-07 02:34:09",1384.6,1,sol12378
2812,16821420,Sight,"2026-09-18 12:38:51",1384.0,2,"cai12341234,jingwenxu85"
2813,16642662,CdeTilly,"2026-09-12 22:09:47",1383.1,2,cdetilly
2814,16783328,AggriTrader,"2026-09-15 13:56:09",1383.0,2,leoluo
2815,16806809,air,"2026-09-06 09:54:14",1383.0,2,air041001
2816,16866086,"Table Feng","2026-09-15 15:22:21",1383.0,2,tablefeng
2817,16830000,"Danilo Lapegna","2026-09-17 04:38:46",1382.1,2,danilolapegna
2818,16818508,"Napster Y","2026-09-06 08:55:35",1381.4,2,napstery
2819,16768016,JohnBlake,"2026-09-17 06:43:57",1380.4,2,jaybeeja
2820,16689366,"Cuong Le","2026-09-06 15:24:57",1380.2,2,ad1999
2821,16893831,"Sasan Nazari","2026-09-16 00:07:26",1380.1,2,sasannazari
2822,16792123,coder2403,"2026-09-12 17:08:38",1379.6,1,coder2403
2823,16627906,"Tergel Munkhbat","2026-09-17 07:04:41",1378.9,2,tergelmunkhbat
2824,16743484,"薄和叶 Lv.INF","2026-09-03 14:24:47",1378.9,2,lumine01
2825,16750726,prince22466,"2026-09-15 15:37:55",1378.9,2,prince22466
2826,16730484,Esperanza,"2026-09-10 00:42:17",1378.3,2,deanpixton
2827,16699455,vijaikm,"2026-09-17 03:30:33",1377.0,2,vijaikm
2828,16842273,2424,"2026-09-08 14:29:16",1376.7,2,takutonishi
2829,16805509,"Adel Zebiche","2026-09-06 17:28:28",1376.6,2,adelzebiche
2830,16853941,"Baha Enes Ören","2026-09-08 14:52:10",1376.4,2,bahaenesren
2831,16683435,CoorDi,"2026-09-08 02:13:42",1375.8,2,bxy0125
2832,16832556,"Harshit Raj #2","2026-09-10 16:45:16",1375.8,2,harshitraj2123221
2833,16640785,"syouya tobita","2026-09-16 17:43:22",1374.9,2,syouyatobita
2834,16671520,sci-shi,"2026-09-07 10:17:00",1374.5,2,scishi
2835,16918646,MsMarch.7,"2026-09-18 09:12:24",1374.4,2,msmarch7
2836,16860587,"Mayo Mafia","2026-09-14 12:41:03",1374.2,2,vasujain12344
2837,16757635,"Sridip Basu","2026-09-05 15:36:55",1374.1,2,sridipbasu
2838,16822602,haru0707,"2026-09-18 16:06:02",1373.2,2,"haru0707,kiduna"
2839,16652750,"Bahadir Selim Bakla ","2026-09-15 14:37:30",1373.1,2,bahadirselimbakla
2840,16675684,washamba_bots,"2026-09-13 07:38:38",1372.3,2,"billygmwangi,futurecentaur,peterkibetspidey,stephanenjoki"
2841,16749342,crasal,"2026-09-16 17:34:41",1372.2,2,crasal
2842,16683952,"Maksimov Evgeniy","2026-09-04 01:23:59",1372.1,2,maxevg
2843,16707639,Fujinawa,"2026-09-15 12:14:48",1370.9,2,wasshoiwasshoi
2844,16841276,EmmaL09,"2026-09-09 22:09:29",1370.6,2,emmal09
2845,16715383,"Leo Lilley","2026-09-09 03:36:39",1370.0,2,leolilley
2846,16842817,darcy132,"2026-09-06 13:16:34",1369.2,2,darcy132
2847,16800076,xinwang,"2026-09-07 05:13:34",1368.7,2,xxxtetantion
2848,16845366,cdaden,"2026-09-08 06:00:19",1368.6,2,cdaden
2849,16689748,cheesytoasts,"2026-09-05 17:01:10",1368.6,2,cheesinnn
2850,16885137,"Manjunadh Padarthi","2026-09-18 08:39:42",1368.2,2,manjunadhpadarthi
2851,16697205,"Gould Research","2026-09-08 17:19:28",1367.7,2,"georgeking1,gouldh,gradybos,shanemullahy"
2852,16750314,Captainuknow,"2026-09-14 07:39:43",1367.6,2,captainuknow
2853,16826561,"ANJAN B","2026-09-13 15:34:02",1367.1,2,anjan4646
2854,16708880,yotsutose,"2026-09-10 10:18:49",1367.1,2,yotsutose
2855,16843173,"Hansen Zhong","2026-09-06 15:51:46",1366.8,2,onegameonedream
2856,16712258,Yizhou,"2026-09-06 02:15:23",1366.3,2,yaphellee
2857,16758839,"Yusuf Murtaza","2026-09-06 10:23:21",1366.1,2,yusufmurtaza01
2858,16803592,"Bishal Lamichhane","2026-09-16 13:33:25",1365.3,2,bishallamichhane44
2859,16779321,HarryP12,"2026-09-11 16:45:35",1365.0,2,harryp12
2860,16677107,gagacrow,"2026-09-07 16:11:58",1364.7,2,gagacrow
2861,16805340,"Md. Rafiul Islam","2026-09-15 12:36:12",1364.2,2,rafiulislamrafi
2862,16644452,Durlabh_Jha,"2026-09-17 19:53:47",1363.3,2,durlabhjha
2863,16777894,"Matthew Neba","2026-09-06 21:37:08",1361.9,2,matthewneba
2864,16734290,CodeAMANSA,"2026-09-09 14:52:52",1360.5,2,bcollazo
2865,16845426,"Erlik Khan","2026-09-13 23:03:03",1360.0,2,erlikkhan
2866,16626979,"An - Claudex","2026-09-12 15:08:43",1358.9,2,myotterspace
2867,16727147,"Alan Smith","2026-09-09 11:26:14",1358.9,2,acorncupcake
2868,16700767,tkpmnlms,"2026-09-08 19:50:42",1358.6,2,"emorgunov,mikhailkachalin,roniuhle"
2869,16822414,Yassinovich,"2026-09-06 12:50:02",1358.1,2,yassinovich
2870,16697877,"Sky kun","2026-09-13 22:36:13",1357.1,2,skykun
2871,16660281,"xiy lin","2026-09-08 12:05:25",1357.0,2,xiylin
2872,16775506,"lin qiy","2026-09-05 13:32:19",1356.5,2,linqiy
2873,16669715,housssaamos,"2026-09-06 19:42:41",1355.9,2,housssaamos
2874,16886640,holyholy,"2026-09-18 17:22:05",1355.8,2,holy5contents
2875,16884338,"Emmet Banker","2026-09-17 04:35:45",1355.3,2,emmetbanker
2876,16806535,"zhangzhuang li","2026-09-03 18:31:12",1355.1,2,zhangzhuangli
2877,16811890,Bobbbbbbbbx,"2026-09-03 15:25:01",1354.8,2,bobbbbbbbbx
2878,16796600,skyShenzi5822,"2026-09-08 08:06:25",1352.7,2,skyshenzi
2879,16644287,"Ryo Hasegawa","2026-09-08 16:54:03",1352.5,2,ryohasegawa926
2880,16621481,"zero waste","2026-09-05 14:22:46",1351.9,2,chinnaphatkhun
2881,16836457,Andrew9603,"2026-09-06 12:28:37",1350.6,2,benxvyan
2882,16666296,A.P.R.I.L,"2026-09-12 16:42:30",1350.4,2,puneeth333
2883,16801995,"XD tsui","2026-09-03 20:41:03",1349.8,2,xdtsui
2884,16654332,"Borys Tymchenko","2026-09-06 13:18:48",1349.3,2,spsancti
2885,16726889,stnick,"2026-09-05 19:13:36",1348.8,2,stnick
2886,16723955,chunsuri,"2026-09-18 16:42:59",1348.7,2,chunsuri
2887,16780141,"One Zero001","2026-09-03 08:43:16",1347.7,2,onezero001
2888,16796840,ezalbxx,"2026-09-10 04:09:31",1347.5,2,ezalbxx
2889,16750364,Tangruichen,"2026-09-13 20:00:08",1347.4,2,device666kunkun
2890,16630548,"YJ Wee 2807","2026-09-08 08:37:02",1347.2,2,yjwee2807
2891,16657198,Eldritch,"2026-09-10 15:14:36",1346.7,2,thefool00
2892,16652173,"Shardul Gharat","2026-09-18 16:28:54",1346.0,2,shardulgharat
2893,16802630,takotakosan,"2026-09-09 03:10:10",1345.7,2,takotakosan
2894,16817077,"Dinesh kumar Thiyagarajan","2026-09-11 08:55:04",1345.3,2,dineshkumar0705
2895,16695931,"Kers Aoyagi","2026-09-05 19:24:41",1344.2,2,kersaoyagi
2896,16672033,"Mohan Prasath P","2026-09-07 09:39:23",1343.7,2,mohanprasath21
2897,16644255,Rister,"2026-09-04 00:05:35",1343.6,2,"rister101,stharundhatri"
2898,16640683,Jason-Oh,"2026-09-17 18:30:08",1342.3,2,dossantoss
2899,16803141,"Verdant Meridian","2026-09-08 14:13:17",1341.8,2,xinweizhang003
2900,16660046,"Ikki Katsuyama","2026-09-06 15:46:09",1341.7,2,kacchanwriting
2901,16662204,SM_30,"2026-09-05 15:45:06",1341.7,2,sagarmane104
2902,16683488,"Ripudaman Parmar","2026-09-14 19:40:39",1340.7,2,"ktkgpt,ripudamanparmar"
2903,16784056,"anh nông dân may mắn","2026-09-15 01:47:35",1340.5,2,nguyen1tri
2904,16661034,"Devesh Mehta","2026-09-16 12:32:14",1339.7,2,deveshmehtaaie
2905,16725195,易研学社,"2026-09-06 07:27:43",1338.8,2,"chency17,fengwann,mingyingxin,sjojasdq,tbtbbb"
2906,16715205,GCarnovale,"2026-09-18 01:20:01",1338.8,2,gcarno
2907,16732433,syuuuuu,"2026-09-06 12:53:05",1338.4,2,syuuuuukun
2908,16654791,"Dev Rath","2026-09-10 16:32:18",1338.3,2,devbratrath
2909,16639369,"Kyuhwan Cho","2026-09-18 18:26:38",1338.0,2,octoarden
2910,16654068,"Renoir Vieira","2026-09-05 17:42:47",1337.8,2,renoirvieira0
2911,16810859,"Michael Silverblatt","2026-09-06 12:39:49",1337.6,2,msilverblatt
2912,16707702,"anton leyn","2026-09-08 16:30:11",1337.5,2,antonleyn
2913,16664293,"Adam Lloyd","2026-09-05 07:12:04",1337.2,2,alloyd256
2914,16741683,"Lance Wu","2026-09-05 02:17:10",1337.1,2,lancewu722
2915,16669148,"Syed Muhammad Gillani","2026-09-03 19:55:34",1336.9,2,syedmuhammadgillani
2916,16795131,XuanxuChem,"2026-09-11 13:18:00",1336.4,2,zhaonoah
2917,16622934,"Ümit Anık","2026-09-05 13:54:40",1336.2,2,mitank
2918,16717665,"Christoffer Thimsen","2026-09-18 04:47:50",1336.0,2,lowasitgoes
2919,16796574,cununn,"2026-09-04 18:08:46",1334.7,2,w007425y
2920,16706898,Simiyon,"2026-09-08 15:35:12",1334.5,2,blackscythe123
2921,16676321,"tao wu11","2026-09-06 08:52:36",1334.2,2,"taowu11,xujchill"
2922,16667964,Shuiys,"2026-09-05 18:41:46",1334.2,2,ysshui
2923,16662176,"jorge fabian avila","2026-09-04 21:59:02",1334.2,2,jorgefabianavila
2924,16771397,its_mrz,"2026-09-07 17:48:52",1333.8,2,itsmrz
2925,16839548,"Александр Прохоров","2026-09-08 12:30:54",1333.8,2,obbwd12
2926,16786126,"Max Bloom","2026-09-16 19:07:33",1333.6,2,maxbloom
2927,16781110,yqz,"2026-09-04 17:57:19",1332.6,2,yuqizheng
2928,16674720,"Prathmesh Lagdive","2026-09-09 10:44:33",1332.0,2,"aglavevaibhav,prathmeshlagdive,shriyashkurud"
2929,16838953,HHHyyds,"2026-09-05 12:31:34",1331.6,2,hhhyyds
2930,16721237,phoenixai0,"2026-09-08 14:15:57",1331.2,2,phoenixultra
2931,16662810,HarshitSama,"2026-09-15 19:22:03",1330.8,2,harshitsama
2932,16773607,sky1,"2026-09-04 13:54:00",1330.2,2,skyk1jn
2933,16869870,"Electric Weasle","2026-09-13 15:27:16",1330.0,2,electricweasle
2934,16765327,master_ssx,"2026-09-04 20:02:23",1329.4,2,masterssx
2935,16804549,Feidudu,"2026-09-04 15:51:54",1329.4,2,zenanshao
2936,16809249,Moro,"2026-09-06 02:48:13",1329.2,2,moromoromoro
2937,16718138,Haalandspring,"2026-09-04 22:46:54",1329.2,2,haalandspring
2938,16771785,"Mencius silverio MENSAH","2026-09-16 16:59:06",1329.2,2,menciussilverio
2939,16799554,dengddd,"2026-09-03 15:30:23",1328.9,2,dengdgq
2940,16790359,"laoma fighting","2026-09-07 05:30:45",1327.5,2,laomafighting
2941,16816445,"Danila Lebedev","2026-09-08 13:54:33",1327.5,2,danilalebedev
2942,16805882,nmdcddwzml,"2026-09-10 11:46:04",1326.9,2,mujian63
2943,16745351,ChrisXie,"2026-09-08 02:14:19",1326.6,2,chrisstan
2944,16741819,"Paritosh Kumar Tripathi","2026-09-06 11:51:20",1326.6,2,paritoshtripathi5
2945,16808433,thenokol,"2026-09-07 12:26:33",1326.1,2,thenokol
2946,16660220,tomo11111,"2026-09-05 23:47:27",1326.1,2,tomo11111
2947,16634239,"Radhakrishnan Guhan","2026-09-05 19:54:20",1325.7,2,rmsgrk
2948,16783521,xiannaix,"2026-09-04 09:28:00",1325.2,2,xiannaix
2949,16663626,"yvn kaggriculture","2026-09-17 20:08:35",1325.1,2,"garnikdavtyan,mikayelgr"
2950,16624253,DTrieu,"2026-09-05 13:09:24",1324.8,2,hodinhtrieu
2951,16719578,blueblue222,"2026-09-11 04:36:53",1324.5,2,blueblue222
2952,16672040,"Tom Yim","2026-09-07 04:31:34",1324.2,2,tomyim
2953,16739419,danilka200300,"2026-09-06 12:33:53",1323.2,2,daniilsergeevda
2954,16635065,T88,"2026-09-07 09:02:57",1322.9,2,t88take
2955,16786255,OceFFFF,"2026-09-17 06:46:41",1322.8,2,oceanfujimoto
2956,16858618,NaokaK,"2026-09-09 06:58:14",1322.8,1,naokak
2957,16722995,July,"2026-09-10 10:42:05",1322.2,2,julyzseven
2958,16789561,"Rohan Kishibe","2026-09-16 06:58:20",1321.8,2,anbianluban1
2959,16779451,kibuna,"2026-09-18 06:34:02",1320.7,2,kibuna
2960,16851444,"Vũ Tuấn","2026-09-16 04:05:20",1320.7,2,vtunksdlvnj6
2961,16730707,"James Michael","2026-09-04 14:12:29",1319.9,2,ingenio
2962,16734813,"Johan BONILLA MENDIETA","2026-09-05 15:23:38",1319.5,2,johanbonillamendieta
2963,16660444,"Сергей Мизин","2026-09-12 08:30:25",1319.2,2,seeergo
2964,16772109,Yashvs56,"2026-09-04 08:45:23",1319.1,2,yashvs56
2965,16838520,"Niu Yuanfang","2026-09-07 07:50:24",1319.0,2,niuyuanfang
2966,16655912,sssskilo,"2026-09-17 09:36:10",1318.9,2,wellkilo
2967,16713291,Lperalt,"2026-09-14 08:27:47",1318.9,2,lucianobastidas
2968,16773069,Grant,"2026-09-05 10:49:32",1317.9,2,leolin05
2969,16743788,"Emmanuel Lo","2026-09-04 13:07:50",1317.9,2,emmanuello
2970,16841827,"pohang milk collector","2026-09-10 07:05:12",1317.3,2,"duckhun,idearendil"
2971,16810060,galileo680,"2026-09-05 23:45:08",1317.3,2,keter333
2972,16742470,AK,"2026-09-06 07:57:50",1317.1,2,aman1391
2973,16678462,"Eric Han Wang","2026-09-06 00:10:04",1316.6,2,ericwang03
2974,16746507,Ushimaru,"2026-09-18 11:53:16",1316.4,2,behindkun
2975,16639746,"Kyle Wang","2026-09-04 15:12:00",1316.1,2,ky1ewan9
2976,16811433,"Bx LLLLLLLL","2026-09-05 21:54:10",1313.7,2,bxllllllll
2977,16811637,mohui666,"2026-09-03 09:21:41",1313.5,2,mohui666
2978,16815841,"Sunshine through fog","2026-09-15 05:48:01",1312.9,2,sunshinethroughfog
2979,16717186,"Roumak Das","2026-09-04 03:41:55",1312.8,2,roumak77
2980,16738810,mararaa,"2026-09-04 10:21:18",1312.2,2,mararaa
2981,16802039,"Anna Currie","2026-09-04 10:24:33",1312.1,2,hcnfgxsghvbkhbty
2982,16795982,Vordax,"2026-09-03 18:17:12",1310.8,2,vordax
2983,16855857,tchufers,"2026-09-18 00:39:22",1310.7,2,viniciusraupp
2984,16782954,"Team Dajiang","2026-09-05 03:10:18",1310.7,2,"jihuaye,toolazyhhh123"
2985,16750273,"Nil Lic","2026-09-14 16:44:57",1310.4,2,nillic
2986,16824101,"Bala Murugan AIML","2026-09-04 02:20:12",1310.2,1,balamuruganaiml
2987,16778388,"straw hats","2026-09-05 07:07:33",1309.3,2,rushikeshgaonkar
2988,16786357,guoyihui,"2026-09-05 05:53:59",1308.8,1,guoyihui
2989,16718649,"Zakaria Aala","2026-09-05 19:32:26",1308.3,2,zlordgrim
2990,16899030,CardPilotLab,"2026-09-17 00:32:05",1308.3,2,EldieEnfiel
2991,16822109,Meticulousss,"2026-09-10 16:32:31",1308.2,2,meticulousss
2992,16765763,latter0206,"2026-09-06 07:00:54",1308.1,2,shoheiyamanaka
2993,16668157,"vineet dairashri","2026-09-13 17:23:11",1307.7,2,vineetdairashri
2994,16732221,ringbearer,"2026-09-03 21:56:31",1307.4,2,mehmetbarankrat
2995,16806587,"Dear Shark","2026-09-17 07:12:32",1307.3,2,dearshark
2996,16772090,"SHIVAJI SHAIK","2026-09-14 13:12:51",1307.2,2,shivajishaik
2997,16654752,Agrofitting,"2026-09-12 18:17:22",1306.5,2,"evvfebruary,vinch97"
2998,16808178,qianyuatkaggle,"2026-09-08 00:37:32",1305.7,2,qianyuatkaggle
2999,16626462,mango,"2026-09-04 01:11:13",1305.7,2,mango789
3000,16663175,Anaconda,"2026-09-18 18:54:10",1304.9,2,anaconda
3001,16852963,LingLingToshite,"2026-09-18 11:58:04",1304.8,1,lingtoshitehiroki
3002,16793656,王子铖,"2026-09-04 12:26:08",1304.4,2,aurantium
3003,16839209,yuuuu.T,"2026-09-06 02:01:37",1303.9,2,yuuuut
3004,16846525,Dwaslaop,"2026-09-13 13:24:30",1303.9,2,"dwaslaop,haorunjia"
3005,16838305,"Zhiyan Chen","2026-09-05 09:20:32",1303.7,2,zenosga
3006,16799797,"Zimin Zhong","2026-09-05 15:40:17",1303.0,2,zhongzinmin
3007,16657904,xfhdh1,"2026-09-06 09:51:45",1302.2,2,xfhdh1
3008,16825772,liujieyou,"2026-09-14 12:01:35",1301.8,2,liujieyou
3009,16682867,sneaky6767,"2026-09-18 13:58:00",1301.6,2,sneaky6767
3010,16657395,"Uchechukwu Ajuzieogu","2026-09-03 14:10:11",1301.2,2,uchechukwuajuzieogu
3011,16655311,"Plant City Planter","2026-09-02 19:03:12",1300.8,2,michaellombard
3012,16639520,"Cary Jin","2026-09-05 22:54:44",1300.4,2,strigiformes
3013,16645705,wataru420,"2026-09-18 00:24:03",1300.2,2,wataru420
3014,16851959,Darren0724,"2026-09-11 12:15:26",1300.2,2,darren0724
3015,16679812,"Xiang Li","2026-09-07 00:00:24",1299.0,2,xianglipee
3016,16623630,noobanot,"2026-09-03 12:05:20",1299.0,2,noobanot
3017,16820116,cotora2121,"2026-09-05 17:42:49",1298.1,2,cotora2121
3018,16661702,"Chattso-GPT (Yasuhito Yanagisawa)","2026-09-05 09:33:14",1298.1,2,yasuhitoyanagisawa
3019,16682195,celefefwefwe1,"2026-09-02 16:48:52",1297.9,2,celefefwefwe1
3020,16659210,HASHP100D,"2026-09-05 11:23:41",1297.7,2,hashp100d
3021,16665700,张广麒,"2026-08-31 08:41:33",1297.7,2,zzggqq
3022,16713540,Anruan,"2026-09-05 16:45:53",1296.6,2,xiaowanshen
3023,16918151,"Hidenori Sasaki","2026-09-18 04:47:47",1296.4,2,hidenorisasaki
3024,16695229,X1a0Ch3n,"2026-09-04 16:14:07",1296.0,2,xiaochen20236673
3025,16654266,古德拜吃,"2026-09-03 11:26:52",1295.9,2,nosaewang
3026,16634149,"Hozuma ITOBAYASHI","2026-09-12 10:50:17",1295.8,2,hozumaitobayashi
3027,16799934,auhulu,"2026-09-03 12:11:03",1295.8,2,auhulu
3028,16794740,"Alexander R Luz","2026-09-11 16:15:45",1295.6,2,alexanderrluz
3029,16631215,"Hira Norm","2026-09-05 00:18:00",1295.4,2,hiranorm
3030,16794696,"Paul Bryan Elefante","2026-09-08 00:39:10",1295.3,2,heuljax
3031,16736050,SuperZero11,"2026-09-10 07:44:19",1294.3,2,anandaverma
3032,16658287,ArturoSirvent,"2026-09-12 05:20:34",1294.0,2,arturosirvent
3033,16683199,"Filippo Gombac","2026-09-02 17:16:47",1293.2,2,filippogombac
3034,16639771,"DK Armada","2026-09-06 06:33:12",1292.6,2,dkarmada
3035,16721688,"Hi Im Ryo","2026-09-04 15:05:22",1292.6,2,loto610
3036,16633850,Pascal,"2026-09-05 04:01:56",1292.5,2,pascalledesma
3037,16747577,"Nolan BONHOMME","2026-09-03 13:22:05",1292.3,2,nolanbonhomme
3038,16654995,"Artem Voronov","2026-09-14 11:14:51",1292.3,2,artemyvoronov
3039,16664518,senxichong,"2026-09-18 08:01:00",1292.2,2,senxichong
3040,16775076,hiros,"2026-09-03 04:15:51",1291.7,2,hiroshige1
3041,16749205,"Wish Coding Guy","2026-09-02 10:33:15",1291.4,2,tommycyd
3042,16654715,"Aqib Raza","2026-09-02 19:21:26",1290.8,2,aqibrazadev
3043,16760490,"nir afek","2026-08-30 21:08:22",1290.0,2,nirafek
3044,16725793,Krilin,"2026-09-03 18:41:48",1289.8,2,krilin
3045,16659430,"John Keith Weber","2026-09-06 16:32:54",1289.4,2,johnkeithweber
3046,16786158,"Yi-Chia Chen","2026-09-05 14:14:40",1289.1,1,threerabbits
3047,16730049,"r2d2 Dasari","2026-09-07 02:53:56",1288.0,2,r2d2dasari
3048,16702429,iamlonely,"2026-09-08 16:27:53",1288.0,2,iamlonely
3049,16728103,Immutable,"2026-09-06 21:33:16",1287.9,1,dishcleaner
3050,16753646,"[Deleted] 7d100524-25e6-4751-98db-b4fdce26a5ee","2026-09-02 14:22:45",1287.0,2,del=effabded1aa6d176
3051,16670948,wally0593,"2026-09-02 08:31:29",1285.7,2,wally0593
3052,16632231,"Samrish B","2026-09-05 18:17:55",1284.9,2,samrishb
3053,16891911,N_noa21,"2026-09-17 10:09:41",1284.6,1,nnoa21
3054,16673250,Prashant,"2026-09-04 16:46:37",1284.3,2,"kajalsinghrajpoot,prashantxo"
3055,16737937,xamad,"2026-09-01 13:19:27",1284.0,2,giannicerrato
3056,16655633,johnny,"2026-08-31 04:55:56",1283.8,2,jonykarki
3057,16735253,银龙,"2026-09-07 07:00:02",1283.6,2,boyanyanbo
3058,16802752,hako22,"2026-09-05 13:11:51",1283.5,2,hako22
3059,16838956,"Michael Brown","2026-09-18 05:25:45",1282.9,2,michaelbrown4343
3060,16820988,人畜无害,"2026-09-05 05:01:40",1282.4,2,slowmo19
3061,16824069,"Phương Nguyễn Việt","2026-09-04 03:52:08",1282.0,1,phngnguynvit
3062,16738145,綿鍋だよん,"2026-09-18 14:42:56",1281.8,2,potrue
3063,16688642,"Natalia Mawyin","2026-09-05 11:08:38",1280.7,2,nmawyin
3064,16803930,"Farrukh Ismoilov","2026-09-02 11:30:29",1280.4,2,fismoilo
3065,16674102,没落者,"2026-09-05 11:02:50",1279.9,2,needless090
3066,16798174,"Jan Bartos","2026-09-07 22:28:55",1279.2,2,janbartos
3067,16668532,"Nir Aberman","2026-09-17 11:58:59",1278.7,2,niraberman
3068,16730834,TomoyaM,"2026-09-10 00:00:39",1278.5,2,tomoyamiyaake
3069,16682932,"Iulian Curte","2026-09-13 10:07:59",1278.4,2,iuliancurte
3070,16763767,"Carson Zhang","2026-09-13 10:53:55",1277.3,2,zmcddn
3071,16625908,trantrikien239,"2026-09-18 13:43:38",1277.3,2,trantrikien239
3072,16818589,"Rachmat S. Haryadi","2026-09-10 16:48:09",1277.1,2,rachmatsharyadi
3073,16734447,"Ali Bauyrzhan","2026-09-13 13:12:11",1276.9,2,alibauyrzhan
3074,16716475,"dong & shen","2026-09-03 04:47:45",1276.5,2,"dongcookies,muyouqian4"
3075,16665191,JoJa,"2026-09-18 16:11:33",1276.3,2,"mojyou,noahzx"
3076,16651792,LX,"2026-09-02 10:29:49",1276.1,2,sunnylx
3077,16663827,magoemu,"2026-09-03 22:08:53",1275.8,2,magoemu
3078,16797393,lingmingzi,"2026-09-05 04:36:26",1275.6,2,lingmingzi
3079,16790658,lxymmd,"2026-09-10 07:59:16",1275.2,2,lxymmd
3080,16657228,"Vladimir Babin","2026-09-15 04:59:07",1274.6,2,vovababin
3081,16848645,"Chee Keong Sim","2026-09-10 14:59:11",1274.5,2,cheekeongsim
3082,16659776,"Ben Hamilton","2026-09-08 23:36:18",1274.0,2,kineticaxisstudio
3083,16697923,"Vincent Debout","2026-09-12 22:24:00",1273.7,2,vdebout
3084,16773039,zyiqun,"2026-09-04 06:12:36",1272.8,2,zyiqun
3085,16808352,Rheinmetall,"2026-09-11 14:27:52",1272.8,2,rheinmetall
3086,16728996,autowin,"2026-09-05 16:20:27",1272.7,2,atharvjairath
3087,16714057,"T0m0t0m0 W","2026-08-30 07:55:00",1271.2,2,t0m0t0m0w
3088,16775286,DanilAbdullin,"2026-09-02 05:42:51",1271.2,2,danilabdullin
3089,16756902,"Matt Palmer","2026-09-06 04:17:51",1271.0,2,palmsey
3090,16779831,地里偷偷尿尿,"2026-09-06 14:21:55",1271.0,2,jjsdfd22
3091,16796484,"Ryutaro Tsujii","2026-09-04 00:07:32",1269.9,2,ryutarotsujii
3092,16655169,Musliadi,"2026-08-31 05:51:39",1269.6,2,timscientia
3093,16729092,"ayman elamin","2026-09-09 12:02:46",1269.6,2,aymanelamin
3094,16774727,"Dannya AbdulHadi","2026-09-04 11:48:50",1268.1,2,dannyaabdulhadi
3095,16686513,Vipul_Kumar75476,"2026-09-17 00:05:50",1267.1,2,vipulkumar75476
3096,16659215,"Zhizhou Sha","2026-08-31 12:43:52",1266.8,2,zhizhousha
3097,16755414,Danzzzl,"2026-09-05 16:14:12",1266.1,2,okunevda
3098,16760244,"Alex Paul","2026-09-18 18:54:54",1266.1,2,alexazander
3099,16871907,"Junya _318","2026-09-14 04:15:18",1265.3,2,junya318
3100,16828244,AGSaturn,"2026-09-06 19:42:52",1265.2,2,polyuhst
3101,16657594,"Wojciech Krasowski","2026-09-02 20:37:04",1265.0,2,ci3l4k
3102,16693382,Sandrone,"2026-09-07 15:57:25",1263.9,2,luvgoelo
3103,16732813,Soomana1z,"2026-09-08 17:20:16",1263.7,2,soshionodera
3104,16668162,AlejandroAlvarez,"2026-09-11 10:49:13",1263.4,2,theworm
3105,16719083,"Justin Mai 16","2026-09-07 22:30:10",1263.4,2,justinmai16
3106,16771558,"Vitalie Cervinschi","2026-09-01 00:08:11",1262.7,2,vitaliecervinschi
3107,16810802,"Musa Khan","2026-09-03 16:40:12",1262.6,1,lazer999
3108,16841667,Zwxiang123,"2026-09-06 01:27:21",1262.6,1,zwxiang123
3109,16702430,"ZeLong Leo","2026-09-18 10:35:32",1261.5,2,zelongleo
3110,16734225,"Vijay athithya ","2026-09-02 07:06:29",1261.0,2,vijay09
3111,16866689,snehitha,"2026-09-16 07:46:47",1260.8,2,andapallysnehitha
3112,16747036,Illusion,"2026-09-04 13:34:36",1260.8,2,briankimtaikab
3113,16742825,"Ritwik Raha","2026-09-05 00:03:10",1260.2,2,ritzraha
3114,16623480,xmaster6y,"2026-09-08 18:26:54",1260.1,2,xmaster6y
3115,16743191,"Ryoya Kochiyma","2026-09-05 13:28:19",1259.5,2,"kazutotakekuma,ryoyakochiyma"
3116,16727544,"Mostafa H","2026-09-01 10:03:53",1259.5,2,mostafahaghiri68
3117,16791943,tamref,"2026-09-05 02:59:16",1258.9,2,tamreff3290
3118,16754112,"rhythm master","2026-09-02 02:01:23",1258.6,2,"lukaswong,nairurga,zaynedong"
3119,16761324,WLYYYo,"2026-09-14 03:11:51",1258.6,2,wlyyyo
3120,16752104,WYSSR1225,"2026-09-06 01:09:01",1258.2,2,wyssr1225
3121,16654585,"David Pedersen","2026-09-18 17:17:23",1258.0,2,semalytics
3122,16621831,"Tsung-Yeh, Hsieh","2026-09-09 18:31:09",1257.8,2,"tsungyehhsieh,xinyuloong"
3123,16721805,kavunidze,"2026-09-03 11:04:48",1257.5,2,kartu72
3124,16797063,Nianhua1,"2026-09-05 03:35:11",1257.3,2,nianhua1
3125,16783124,Logorhythms,"2026-09-11 12:28:36",1256.5,2,mohammadsaidulislam
3126,16783459,LKQ669,"2026-09-02 14:33:50",1256.4,2,lkq669
3127,16885684,LiYiTingTom,"2026-09-17 17:01:11",1256.1,2,liyitingtom
3128,16838821,小等等,"2026-09-16 07:41:23",1255.7,2,atwelve
3129,16785924,Abhinav_26104,"2026-08-31 15:17:41",1255.5,2,abhinav26104
3130,16877958,"Igor Buinyi","2026-09-11 23:06:07",1255.0,1,buinyi
3131,16675739,"Jithendra Maddala","2026-09-12 05:12:26",1254.4,2,jithendramaddala
3132,16721980,pend_ts19,"2026-09-03 03:03:36",1254.3,2,pendts19
3133,16764068,"Chika Komari","2026-09-02 11:18:48",1253.6,2,gothamjocker
3134,16623890,"rapika rosalia","2026-09-01 17:40:24",1253.0,2,rapikarosalia
3135,16682283,"RL is all you need","2026-09-08 13:59:11",1252.9,2,"bpmf577,junzhejiao,jwj1342,liaodid,mrschang"
3136,16740851,Zefirrr,"2026-09-01 16:46:15",1252.5,2,zefirrrr
3137,16795798,"Refrain 1","2026-09-01 09:36:19",1252.1,2,"chisatoy,refrain1"
3138,16778072,oonumberone,"2026-08-30 02:54:33",1251.9,2,oonumberone
3139,16771605,Psyrax,"2026-09-17 16:00:11",1251.7,2,psyrax012
3140,16665311,"huayang sun","2026-09-05 06:20:01",1250.5,2,okami001
3141,16628456,kiro,"2026-09-08 06:39:53",1250.4,2,kirosamurai
3142,16815017,Humanitis,"2026-09-18 17:56:05",1250.3,2,humanitis
3143,16779652,cheezyp,"2026-08-31 06:26:25",1248.6,2,cheezyp
3144,16657825,MilanJoshi,"2026-09-01 12:04:31",1248.4,2,mlnjsh
3145,16734822,Zcy,"2026-08-30 15:01:54",1248.4,2,laura831
3146,16706442,tipstar0125,"2026-09-05 11:50:46",1247.8,2,dragonty
3147,16771456,"Tianrun Liao","2026-09-14 16:08:41",1247.6,2,tianrunliao1
3148,16748187,"Violet Notes","2026-09-09 13:20:38",1247.5,2,dominicjamil
3149,16770089,ouga,"2026-09-18 00:11:31",1247.2,2,ouga1shizawa
3150,16686827,Kronki,"2026-09-05 12:24:58",1247.1,2,kronki
3151,16694016,"Prajwal M","2026-09-02 16:15:52",1247.1,2,estrick
3152,16843970,dharana77,"2026-09-13 03:41:27",1246.6,2,ylee4574
3153,16717113,"Dovydas Ruokis","2026-09-11 19:58:21",1246.4,2,dovydasruokis
3154,16659961,faahh,"2026-09-18 18:31:47",1245.6,2,shivam98saini
3155,16793478,noisyislands,"2026-09-17 12:12:43",1244.5,2,noisyislands
3156,16654490,"Furious Monk","2026-09-18 18:20:49",1244.1,2,furiousmonk
3157,16632214,roomer,"2026-09-05 03:55:23",1243.7,2,"matsuphy,mqme526,yasunamiura"
3158,16656659,"James Y","2026-08-31 09:51:47",1243.4,2,redoctopusk
3159,16713543,"Rustam Bazarbayev","2026-09-17 09:21:40",1243.4,2,rustambazarbayev
3160,16701638,"John Stupid","2026-08-30 09:28:55",1243.2,2,bryxosmmm
3161,16778792,"Karthik #2","2026-09-02 17:15:47",1243.0,2,karg14
3162,16768323,thuvuduy16,"2026-08-31 18:59:54",1242.3,2,thuvuduy16
3163,16694186,souju00,"2026-09-14 10:52:51",1242.2,2,souju00
3164,16622919,Waffle,"2026-09-03 00:25:52",1241.9,2,waffle3z
3165,16839975,AlexHan,"2026-09-05 13:16:50",1241.6,1,gksgusrb1212
3166,16860049,Himanshu,"2026-09-15 12:12:33",1241.2,2,himanshuffbfujbf
3167,16734199,Iliamna,"2026-09-06 20:44:33",1241.2,2,decotoj
3168,16732484,tanzaku,"2026-09-06 07:58:50",1240.9,2,tanzaku
3169,16626203,"Manish Kumar Maurya","2026-09-13 13:29:42",1240.6,2,manishkumarmaurya11
3170,16779598,RiverStead,"2026-09-11 12:27:06",1240.4,2,riverstead
3171,16825340,xiaoBOSS97,"2026-09-18 04:40:22",1239.4,2,xiaoboss97
3172,16667724,"Masashi Onda","2026-09-02 12:43:58",1239.2,2,masashionda
3173,16793344,zyichi,"2026-09-02 06:41:30",1239.2,2,zyichi
3174,16652912,"Kyle Ellard","2026-09-04 11:51:13",1238.0,2,kyleellard
3175,16806394,Flowers,"2026-09-02 04:03:16",1237.3,1,"guyueyuan,oliver34,wu12138test"
3176,16761641,Diavolo,"2026-09-05 09:31:08",1237.1,2,jeanmarcbah
3177,16760656,CharTFboy,"2026-08-24 09:19:37",1236.2,2,chartfboy
3178,16725410,LE4VES,"2026-09-08 09:27:15",1236.1,2,le4ves
3179,16791752,bayachay,"2026-09-13 02:26:18",1236.0,2,bayachay
3180,16763669,cm391,"2026-09-18 17:21:01",1235.8,2,mccocoful
3181,16639979,naphthalene,"2026-09-01 10:40:26",1235.2,2,"aaa0342,leehyungjoon,minjek,trv449"
3182,16757418,Janus,"2026-09-04 11:49:23",1234.9,2,khaled1alhasan
3183,16658409,AlexMasip,"2026-09-03 15:37:32",1234.5,2,alexmasip
3184,16777138,"Anna Pakhaliuk","2026-09-16 12:24:12",1234.5,2,annapakhaliuk
3185,16760158,"apple farmer","2026-08-30 01:15:01",1234.2,2,gustavoknudsen
3186,16638019,Randynho,"2026-09-15 16:13:30",1233.9,2,randynho
3187,16658962,"Fabian Friedland","2026-09-01 02:35:18",1233.7,2,fabotelli
3188,16664609,Re2lawd,"2026-08-31 05:42:43",1233.6,2,re2lawd
3189,16768143,KingDellaFarm,"2026-09-02 12:49:02",1233.0,2,"alessandrodestasi,disteroas"
3190,16795391,MECHINE,"2026-09-01 03:05:47",1231.4,2,nainglinwai
3191,16737237,"Ayodeji Adesegun","2026-09-02 12:09:57",1231.3,2,ayodejiadesegun
3192,16805609,Gleb,"2026-09-01 22:11:48",1230.4,1,korelin
3193,16659627,"Lam Dang","2026-09-17 18:56:36",1230.4,2,lamdang
3194,16677252,カワシギ,"2026-09-03 05:11:27",1230.1,2,kawashigi
3195,16641183,"Team Name Pending","2026-08-30 15:18:19",1230.0,2,"abdaathaillahhadyan,oliverspiby"
3196,16675351,-Beterraba,"2026-09-05 18:45:27",1229.4,2,"afonsoo,miguelottoni"
3197,16669810,CREART,"2026-08-29 16:06:18",1229.3,2,gustardust
3198,16703315,"Ryan Triplett","2026-09-17 20:41:39",1228.1,2,ryantriplett
3199,16659467,AlexMoura2026,"2026-09-16 20:32:34",1227.6,2,alexmoura2023
3200,16757704,Faustine,"2026-09-10 12:37:00",1227.5,2,faustine649
3201,16660477,SeaGoat,"2026-09-16 20:48:30",1227.3,2,vbandaru
3202,16718956,hassan,"2026-09-01 16:14:25",1227.3,2,hasankhhan
3203,16823626,Korokke3,"2026-09-13 14:08:54",1227.1,2,korokke3
3204,16806048,duck_raccooon,"2026-09-02 15:03:04",1226.7,2,duckraccooon
3205,16660121,10pi,"2026-09-02 01:21:07",1226.2,2,meredith10pi
3206,16771361,"It's Ratcha","2026-09-07 18:59:25",1225.2,2,itsratcha
3207,16821542,"Hıdır BozkurtT","2026-09-15 16:56:04",1224.2,2,hdrbozkurtt
3208,16626655,"Surya milenial","2026-08-30 08:21:22",1224.1,2,suryamilenial
3209,16795041,"Denis Revenko","2026-09-01 13:02:36",1224.0,2,denizzko
3210,16794841,thisArmin,"2026-08-31 04:29:30",1223.9,1,thisarmin
3211,16730705,chris,"2026-09-18 01:18:51",1223.8,2,chris62
3212,16798544,esprit,"2026-08-31 23:47:56",1223.8,1,takuji
3213,16657887,"Yermak Petro","2026-09-18 15:34:51",1222.6,2,yermakpetro
3214,16716613,Arvin,"2026-09-08 01:18:15",1221.4,2,chesterx
3215,16774475,LoveB4Sunrise,"2026-09-01 04:42:09",1220.5,2,demacia1314
3216,16655381,"Varshith K","2026-09-10 22:42:07",1220.3,2,var3604
3217,16758279,"GO HIROSHIMA 2","2026-08-29 02:51:47",1220.3,2,gohiroshima2
3218,16632708,__Taichicchi__,"2026-09-17 02:18:01",1220.1,2,hutch1221
3219,16841061,"Artin yzn","2026-09-09 12:20:47",1219.4,2,artinyzn
3220,16661393,"razab Bawa","2026-09-06 12:43:30",1219.1,2,razabbawa
3221,16756633,TheDanKing,"2026-08-31 05:49:23",1219.0,2,thedanking
3222,16662222,MinerUNLEASHED,"2026-08-24 16:28:40",1218.7,2,minerunleashed
3223,16757384,straw_Yu,"2026-09-09 01:41:11",1217.8,2,strawyu
3224,16623856,aowhite,"2026-09-03 06:12:31",1216.7,2,brandnewyork
3225,16785753,"Mizero Lucky Gall","2026-09-03 17:36:59",1216.5,2,mizeroluckygall
3226,16793106,"Пал Лаич","2026-08-30 12:45:34",1216.2,1,skypunkaudiowalker
3227,16793287,"Kim Jinseo","2026-08-30 13:47:02",1216.0,2,kimjinseo1
3228,16766941,"S Kim","2026-09-10 22:16:57",1214.9,2,sunnyk92
3229,16768676,Doit,"2026-08-25 02:09:47",1214.7,1,aifccnb
3230,16771457,"HK Fama","2026-09-05 17:51:47",1214.5,2,kenho211
3231,16759250,"Harsh Jain","2026-08-28 06:55:29",1214.4,2,harshjain123
3232,16694138,Alex,"2026-09-18 16:42:39",1214.3,2,alex789
3233,16654196,"Aryaman Chokhani","2026-08-31 06:30:01",1214.3,2,"aryamanchokhani,pranrocky"
3234,16822745,Jetpack,"2026-09-18 17:14:08",1213.5,2,"m1ngch1,victorye04"
3235,16770927,kaptaan45,"2026-08-28 08:06:32",1213.4,2,kaptaan45
3236,16709115,"PARK HYUNSIK","2026-08-26 01:51:31",1212.8,2,hyunsikpark
3237,16753515,"Yosif EL-Rammaal","2026-08-25 16:57:09",1211.6,2,yosifelrammaal
3238,16771843,"Surekha Ramireddy","2026-09-01 15:34:18",1211.5,2,surekharamireddy
3239,16725564,NoPlanB,"2026-09-17 02:57:18",1211.2,2,kduncanrobertson
3240,16741551,"Vedant Tiwari","2026-09-02 20:48:05",1211.0,2,vedant7312
3241,16773170,"yy li","2026-09-17 05:25:39",1210.7,2,yangyili11
3242,16641982,ZotAZaw3,"2026-08-28 09:43:47",1210.7,2,zotazaw3
3243,16637458,OlivierS,"2026-09-09 03:41:58",1210.7,2,oliviers
3244,16670527,"Balram Gupta","2026-09-18 05:06:28",1210.6,2,"akankshaparab,bg28898"
3245,16653260,"Kadouci Abdelhak","2026-08-29 00:16:50",1209.5,2,kadouciabdelhak
3246,16765154,dreamcxy,"2026-08-31 03:54:16",1209.0,2,dreamcxy
3247,16762537,Controlvector,"2026-08-25 08:28:11",1208.9,2,"controlvector,yxdu01"
3248,16773020,HyperNeonByte,"2026-09-18 02:31:39",1208.7,2,hyperneonbyte
3249,16635029,"Oleg Melnik","2026-09-17 16:28:52",1208.6,2,olegmelnik
3250,16696762,SOSyuki,"2026-08-31 15:37:09",1208.6,2,sosyuki
3251,16672468,ComposeMage,"2026-09-08 01:51:40",1208.2,2,composemage
3252,16706523,"Aussie lover","2026-09-04 06:20:53",1207.9,2,aussielover
3253,16853131,"Awesome Egg","2026-09-10 07:27:41",1207.7,2,newegg
3254,16748647,"Adar Cohen","2026-08-24 21:27:43",1207.5,2,adarcohen
3255,16738279,zhangshuosc,"2026-08-26 05:11:57",1206.7,2,zhangshuosc
3256,16702590,"Aashka Kapadia","2026-09-17 07:51:18",1206.5,2,aashka
3257,16689266,"Oleksandr Dudnev","2026-09-09 06:14:10",1205.9,2,dantist
3258,16854250,"Jenil Emp","2026-09-15 13:36:48",1205.4,2,jenilemp
3259,16742232,"Prema Ananda","2026-09-18 15:40:40",1205.3,2,premaananda108
3260,16700771,"Disuru Coba Ama Jaki","2026-08-31 09:50:50",1204.7,2,reiiihel
3261,16692744,"VAIBHAV RASTOGI 90","2026-09-03 23:43:33",1202.6,2,vaibhavrastogi90
3262,16790391,"Kevin Cao","2026-08-29 13:38:03",1202.4,1,kevincao2
3263,16780317,jrcjrcjrc,"2026-09-04 06:03:51",1201.9,2,jrcjrcjrc
3264,16729906,"Krzysztof Madziar","2026-08-28 05:05:13",1201.7,2,krzysztofmadziar
3265,16668756,"Clark Kitchen","2026-09-09 00:54:50",1201.7,2,clarkkitchen
3266,16852043,"pig da","2026-09-08 05:32:31",1201.3,2,qijunjie
3267,16856449,Sting,"2026-09-16 17:12:20",1201.3,2,sarlnovax
3268,16667147,"Daksh Bhalala","2026-08-26 06:41:04",1200.3,2,dakshbhalala
3269,16756630,Shreyas,"2026-08-30 09:58:08",1200.2,2,shreyasdongre25
3270,16745416,yamato035073,"2026-08-30 22:24:34",1199.8,2,yamato035073
3271,16734699,PangMinShih,"2026-08-28 08:39:27",1199.6,2,shihbonbon
3272,16764431,"William Diment","2026-09-14 07:50:42",1199.4,2,williamdiment
3273,16770397,Ryu,"2026-09-03 20:15:16",1198.9,2,bexultanashenov
3274,16671476,"Mingkang YAN","2026-08-26 08:13:57",1198.0,2,mingkangyan
3275,16662696,"Cengizhan Tümer","2026-08-31 20:54:21",1197.8,2,cengizhantmer
3276,16670999,Maksonch1k,"2026-08-28 23:01:42",1197.3,2,maksonch1k
3277,16733708,RyanHo,"2026-08-29 03:59:12",1195.6,2,ryanrx
3278,16691247,"Aneesh Rao","2026-08-27 17:11:07",1195.5,2,sidrao2006
3279,16755921,"Natnael Yerga","2026-08-24 16:43:22",1195.5,2,natnaelyerga
3280,16661304,"Jonathan Roy","2026-09-14 17:05:57",1195.4,2,jonathanroy7
3281,16753194,"Saicharan Ramineni","2026-08-26 19:33:02",1193.5,2,godlydonuts
3282,16811502,"Avi Porath","2026-09-14 04:33:01",1193.5,2,aviporath
3283,16761788,"Corenthin Buffard","2026-08-26 13:16:28",1193.2,2,cbuffard
3284,16729554,"JingSong Yang","2026-08-28 05:33:55",1193.1,2,jingsongyang
3285,16727214,"Jaivardhan Raahi","2026-09-04 05:49:08",1193.0,2,jaivardhanraahi
3286,16784611,sardarkhanyadav,"2026-08-28 16:45:33",1192.4,2,sardarkhanyadav
3287,16770998,ket,"2026-08-31 22:14:53",1192.2,2,kentken
3288,16665753,"Mansour A. S. Ataa","2026-08-26 10:28:34",1192.1,2,profmansoor
3289,16802775," SonSheungmin","2026-09-03 06:55:03",1191.4,2,sonsheungmin
3290,16698340,"Yanxi Jiang","2026-08-26 03:24:55",1191.3,2,yanxijiang
3291,16775443,NoName,"2026-09-04 23:49:43",1190.6,2,thesonalsingh
3292,16709872,"Tim McGarvey","2026-09-18 18:20:29",1190.4,2,timmcgarvey
3293,16844154,シュークリーム,"2026-09-07 03:31:45",1190.3,2,syucream
3294,16774410,"Rishabh Roy","2026-08-26 09:01:38",1189.2,1,rishabhr0y
3295,16707453,"Kaan Dınız","2026-08-28 09:11:10",1189.0,2,kaandnz
3296,16769028,"Rishabh Yadav","2026-09-17 01:59:59",1188.8,2,riishabhhh
3297,16778019,Mr.Frundles,"2026-09-03 02:21:58",1188.4,2,watehell
3298,16689274,Anyeson,"2026-09-18 12:04:00",1188.3,2,anyeson
3299,16752121,adhsdrtjh,"2026-08-23 15:02:25",1188.2,2,adhsdrtjh
3300,16755244,SZU蓝心,"2026-09-01 11:50:45",1187.5,2,jiazhanliu
3301,16634153,AnpAn_Men,"2026-08-29 19:47:31",1187.0,2,anpanmen
3302,16782193,nal_nh906,"2026-09-02 01:42:32",1186.7,2,hhan09
3303,16783630,"fan yanbing","2026-08-30 11:33:12",1186.1,2,jackpudding
3304,16796980,ChenyuBaii,"2026-09-11 09:56:01",1186.0,2,chenyubaii
3305,16689569,JovanaLab,"2026-08-27 22:43:51",1185.7,2,"choonesenlu,joxitsai"
3306,16669403,mrgrishninsb,"2026-09-13 13:22:10",1184.9,2,mrgrishninsb
3307,16716549,notoverkil,"2026-08-28 08:16:38",1184.6,2,notoverkil
3308,16764206,yanjixiang,"2026-08-25 11:37:34",1184.5,2,yanjixiang
3309,16712432,hengck23,"2026-08-25 17:58:30",1184.1,2,hengck23
3310,16729225,"Aayush Sigdel","2026-09-03 15:47:50",1184.0,2,aayushsigdel
3311,16738895,SangGold,"2026-09-13 09:18:56",1183.8,2,sanggold
3312,16666165,ChrisLeiteScha,"2026-08-24 15:20:36",1182.9,2,chrisleitescha
3313,16621497,"Victor @ Tufa Labs","2026-08-26 20:41:50",1182.4,2,vmerckle
3314,16738626,李BCDEFGA,"2026-08-25 06:55:39",1182.3,2,bcdefga
3315,16790233,"prateek chandra","2026-08-30 15:55:55",1182.3,2,prateekchandra7005
3316,16759058,Miz,"2026-09-17 08:22:50",1182.2,2,ryota040
3317,16753125,"Rudransh Singh Rathore","2026-08-26 03:10:23",1181.5,2,rudranshsinghrathore
3318,16622627,"Erik van de Ven","2026-09-07 13:01:31",1181.4,2,erikvdven
3319,16760509,"gnanadeepika karanam","2026-09-18 15:53:30",1181.1,2,gnanadeepikakaranam
3320,16838843,"qiu ji123","2026-09-12 02:58:46",1181.1,2,qiuji123
3321,16658280,"Hemanth Reddy Katta","2026-09-14 22:15:43",1180.9,2,hemanthreddykatta
3322,16778808,"Candace Dudleson","2026-08-31 23:19:12",1180.6,2,candacedudleson
3323,16630711,"Aleks Lviv","2026-08-30 11:46:50",1179.6,2,alekslviv
3324,16758791,"qw yi123","2026-09-10 08:06:11",1178.9,2,qwyi123
3325,16627472,CloverFarm,"2026-09-08 13:23:55",1178.6,2,ljs2546
3326,16842071,buddyY26,"2026-09-07 13:06:08",1178.3,2,buddyy26
3327,16763274,vinceybb,"2026-09-10 23:56:06",1178.0,2,vinceybb
3328,16775190,bianfu,"2026-09-18 17:17:41",1178.0,2,bianfu
3329,16791549,"Eugenio Schiavoni","2026-08-31 19:14:40",1177.5,2,eugeniokukes
3330,16748907,EdwardHwang@123,"2026-08-24 15:32:00",1177.3,2,edwardhwang123
3331,16655255,MalelizarazoP,"2026-08-26 13:34:53",1176.6,2,malelizarazop
3332,16774129,"Chen Audrey","2026-09-04 13:38:19",1176.5,2,chenaudrey
3333,16685450,Nadeem,"2026-08-25 09:21:14",1175.9,2,nadeembinshajahan
3334,16778358,"Lê Nguyễn Việt Cường","2026-08-28 03:46:51",1175.4,2,lengvietcuong
3335,16662651,CoatiAI,"2026-09-16 11:06:40",1175.4,2,gjhordan
3336,16664537,"Lenin Goud","2026-08-27 01:07:37",1175.3,2,leningoud
3337,16675777,"Ml BOY","2026-09-07 18:15:38",1175.2,2,mlboy1
3338,16879133,xiepengo,"2026-09-13 14:05:18",1175.0,2,xiepengo
3339,16764738,Lucasty,"2026-08-25 07:04:36",1174.9,2,lucaswty
3340,16744905,"Nator X","2026-08-26 22:15:29",1174.6,2,natorx
3341,16762139,AltriaE,"2026-08-25 15:27:52",1174.5,2,altriae
3342,16838736,"kauan cassiano","2026-09-05 06:42:48",1174.5,1,kauancassiano
3343,16775771,"Ewia Tng","2026-09-09 04:57:46",1174.3,2,ewiatng
3344,16800775,SunSeeker染汐,"2026-09-01 16:47:33",1174.3,2,sunseekerrx
3345,16635681,"Shubham Phapale","2026-09-05 12:46:36",1174.2,2,shubhamphapale
3346,16770299,"أحمد فهد الربيش","2026-08-25 09:55:13",1173.6,2,ghr111
3347,16740392,"Amey Thakur","2026-08-25 12:01:41",1173.6,2,ameythakur20
3348,16898651,Kitsune0o,"2026-09-18 08:31:40",1173.3,2,theodaimones888
3349,16891008,"Golubev Alexander","2026-09-18 17:20:07",1173.2,2,golubevalexander
3350,16863344,masat,"2026-09-09 23:46:30",1172.8,1,masatttt
3351,16848720,嘎达嘎达,"2026-09-08 07:39:07",1172.5,1,eggyeggygggy
3352,16692443,xmkevin2004,"2026-09-08 15:10:46",1171.9,2,xmkevin2004
3353,16664002,"Guilherme Zanini de Sá","2026-09-18 04:00:21",1171.3,2,guilhermezaninides
3354,16706185,"Bab Kek","2026-08-25 21:04:53",1171.3,2,babkek
3355,16673881,"Sebastian Johansson","2026-09-15 08:15:02",1171.3,2,sebbejohansson
3356,16769082,"Little Xi","2026-08-26 03:31:32",1171.1,2,littlexi0
3357,16712714,MiMi,"2026-08-31 08:39:16",1170.9,2,"frank0921,rickytsou"
3358,16726547,"Ezra Kho","2026-08-28 04:04:46",1170.8,2,ezrakho
3359,16793261,Von_Feynman,"2026-08-30 13:35:43",1170.0,1,terrenceluo1017
3360,16848970,massi0411,"2026-09-18 18:51:35",1169.8,2,massi0411
3361,16674310,"Ayaz Ahmed Kazi","2026-08-29 18:49:13",1169.6,2,ayazahmedkazi
3362,16665224,tyz123456,"2026-09-18 17:06:08",1169.0,2,tyz123456
3363,16748000,"Rohit Raj Singh","2026-09-15 13:50:22",1168.7,2,rohitrajsingh555
3364,16732586,Juniex,"2026-09-09 22:25:54",1168.6,2,juniex
3365,16807054,"JSU xiaopoche","2026-09-03 06:35:02",1168.3,1,xhmuvw
3366,16769116,qiuqiu,"2026-09-11 13:33:23",1168.3,2,qiuqiuh
3367,16741826,StackKnight,"2026-08-28 02:12:12",1167.9,2,stackknight
3368,16745499,"lurs lurs","2026-08-29 02:02:15",1167.5,2,lurslurs
3369,16778489,dataWr3cker,"2026-08-28 20:40:52",1166.8,2,gourabr0y555
3370,16752733,zjukop1,"2026-08-25 03:29:28",1166.5,2,zjukop1
3371,16684994,"Katasonov Evgeny","2026-08-30 01:39:34",1166.2,2,katasonoveugene
3372,16693663,"YoungCheol Son","2026-08-27 00:51:34",1165.0,2,sonyc5720
3373,16773320,kaka,"2026-09-17 08:53:18",1164.0,2,kakawin
3374,16728774,あなまか,"2026-09-12 13:08:44",1163.9,2,arakish
3375,16759075,"Michael Day","2026-08-24 10:38:52",1162.9,2,michaelday99
3376,16630516,"Seb (allegedly)","2026-09-09 09:22:48",1162.7,2,sebmallia
3377,16666195,"Yihan Guo","2026-08-28 08:44:06",1162.6,2,yihanguo
3378,16672202,HealthStone,"2026-08-29 21:04:07",1162.5,2,healthstone
3379,16830753,"youyi li","2026-09-06 02:50:01",1161.4,2,liyouyi
3380,16654526,"Jin Niu","2026-08-26 18:25:33",1161.2,2,gufanmingmie
3381,16782227,"chen yue li","2026-09-03 01:34:30",1161.0,2,yueelc
3382,16904612,"Naveen Reddie","2026-09-18 04:19:28",1160.6,2,naveenreddie
3383,16768955,Hunedjekdsfkd,"2026-08-25 03:56:30",1160.5,1,hunedjekdsfkd
3384,16657553,graceyunliu,"2026-09-16 02:43:23",1159.4,2,graceyunliu
3385,16670883,G*Sim,"2026-08-28 07:55:59",1158.9,2,guillaumesimiand
3386,16704603,Tmaxxer,"2026-08-28 14:45:38",1158.6,2,tmaxxer
3387,16713007,"Jerry Hwa","2026-08-23 12:20:13",1158.1,2,"jerryhwa,richarrdyu"
3388,16733932,"Jasper Turnidge","2026-08-24 06:36:23",1158.0,2,jasperturnidge
3389,16921670,k256.dev,"2026-09-18 18:53:54",1157.9,2,k256net
3390,16844277,"Akash Chanran","2026-09-09 16:48:32",1157.7,2,"akashchanran,shruti9345"
3391,16805870,"Ngo Trung","2026-09-12 17:12:53",1157.1,2,trungngotdt
3392,16740159,CY,"2026-09-05 09:33:08",1156.5,2,aimeny
3393,16630323,kaggricultureomnidimensionalut,"2026-08-28 10:51:28",1156.3,2,kumarandatascientist
3394,16666468,"J Penman","2026-09-09 07:04:10",1156.3,2,jpenman
3395,16763813,Sydney,"2026-09-10 21:54:55",1156.1,2,n3yan7
3396,16763437,"⸻AgentZZ ⸻","2026-08-23 20:47:44",1155.9,1,agentzz
3397,16722731,"E&M Pioneer","2026-08-30 11:18:55",1155.7,2,hzq2004
3398,16727529,윤영일,"2026-09-10 14:44:20",1153.9,2,iongil
3399,16758634,Ernnnn4u,"2026-08-24 17:00:46",1153.9,2,ernnnn4u
3400,16848207,vlad,"2026-09-15 11:56:09",1153.6,2,khizanov
3401,16623736,Garigariyong,"2026-09-01 04:31:17",1153.5,2,garigariyong
3402,16726011,"Dawid Fleischer","2026-08-25 18:37:25",1152.6,2,dawidfleischer
3403,16725304,"Alexandru A","2026-08-29 07:34:25",1151.0,2,alexandrua01
3404,16639796,rmizuta,"2026-08-28 15:07:43",1150.9,2,rmizuta
3405,16742267,chandora,"2026-09-08 11:13:06",1150.8,2,chandora
3406,16664683,"Halapeño Farms","2026-09-14 00:35:12",1150.3,2,haladaj
3407,16726281,rperez04,"2026-08-22 23:15:13",1150.0,2,rperez04
3408,16659972,"Pelamovic ","2026-08-25 18:03:34",1149.7,2,pelamovic
3409,16832186,"Noah Öksüz","2026-09-15 13:38:56",1149.1,2,noahksz
3410,16716930,"Direc M","2026-08-31 04:54:06",1148.7,2,direcm
3411,16844148,Ethereal49,"2026-09-11 04:17:57",1148.7,2,ethereal49
3412,16716081,"dunky su","2026-08-23 06:36:50",1147.7,2,dunkysu
3413,16724228,LSS0334,"2026-08-26 00:15:54",1147.5,2,lss0334
3414,16761019,"yiwen hou","2026-08-25 14:48:43",1147.2,2,hevenhina
3415,16736138,Anand,"2026-08-21 06:00:12",1147.0,2,gazzal
3416,16746632,tingyu516,"2026-08-24 06:05:33",1146.9,2,tingyu516
3417,16725432,Ezra,"2026-09-10 21:42:30",1146.5,2,ezberch
3418,16709824,pizzahut,"2026-09-17 22:33:20",1146.0,2,csalazoltntams
3419,16758152,MiguelLFCG,"2026-08-30 11:20:49",1145.2,2,miguellfcg
3420,16847725,SOLUCIENCE,"2026-09-18 11:30:27",1145.2,2,solucience
3421,16675704,reeemii,"2026-08-26 08:51:15",1145.1,2,reeemii
3422,16762940,"Davide Andreolli","2026-09-06 09:20:28",1145.1,2,davideandreolli
3423,16779007,"Teoh jia sheng","2026-09-18 15:22:06",1144.9,2,"nathanael19,teohjiasheng"
3424,16677577,"Harsha Vardhan Konisa","2026-09-13 17:33:53",1144.8,2,harshavardhankonisa
3425,16695695,"Siva Kumar","2026-09-18 12:21:07",1144.3,2,sivapnlr80
3426,16662041,"Sarah Ng","2026-09-18 09:45:46",1144.2,2,thunguyen1510
3427,16664379,N_Matsumoto24,"2026-09-02 08:17:44",1144.2,2,nmatsumoto24
3428,16723991,"James Holland","2026-08-17 01:40:17",1143.5,2,jkhollandjr
3429,16657032,"Ayaan Ghosh","2026-09-18 14:20:22",1143.0,2,ayan9001
3430,16786013,sakarush,"2026-09-02 13:17:42",1142.7,2,sakarush
3431,16692038,CodeHacker,"2026-09-15 14:53:16",1142.6,2,junhanzangai
3432,16665337,BHackers,"2026-08-26 17:13:11",1142.4,2,clarencepagaduan
3433,16767625,"Saurabh Yadav","2026-08-24 17:56:22",1142.1,1,saurabhyadav1305
3434,16660492,"Deven Bagul","2026-08-29 11:56:30",1141.9,2,devenbagul
3435,16738657,Mactorr,"2026-09-02 22:44:15",1141.6,2,mactorr
3436,16737057,Wiz,"2026-08-24 03:15:13",1140.7,2,williamzhou001
3437,16654662,"2/3 rounded to two decimals","2026-08-22 00:36:50",1140.3,2,rnold2
3438,16732851,chenry2003,"2026-08-24 02:27:53",1140.2,2,chenry2003
3439,16688907,青烟,"2026-08-24 12:39:28",1139.9,2,"imagine4391,mortal4416"
3440,16757566,"Ankit Kumar","2026-08-23 12:03:53",1139.0,2,imankit57
3441,16670659,saumyagupta12,"2026-09-07 11:24:23",1137.8,2,saumyagupta12
3442,16691154,UnknownRobi,"2026-08-31 22:50:27",1137.8,2,canrobichaud
3443,16658245,ziliangCok,"2026-08-28 16:08:13",1137.4,2,ziliangcok
3444,16693193,"Efrain Garay","2026-09-04 20:55:13",1137.2,2,efraingaray7
3445,16735232,"Johnson Chishimba","2026-09-03 04:13:50",1136.5,2,johnsonchishimba
3446,16737843,"Muhammad Shoaib Memon","2026-08-23 19:52:52",1136.2,2,muhammadshoaibmemon
3447,16753831,zhangjiaweii,"2026-09-04 07:26:21",1136.1,2,zhangjiaweii
3448,16707193,"radji kraim","2026-08-26 11:53:17",1136.0,2,radjikraim
3449,16654091,webmaking,"2026-08-19 05:28:56",1135.7,2,webmaking
3450,16875537,HeIIo.Darkness,"2026-09-13 23:22:12",1135.4,2,heiiodarkness
3451,16793229,"Waseem Mushtaq","2026-08-30 13:38:14",1135.1,1,waseemmushtaq045
3452,16727784,Baen,"2026-08-24 06:44:33",1134.8,2,cairh22
3453,16683193,Paami,"2026-08-24 01:21:00",1134.7,2,coldpaami
3454,16675655,TrebolNoir_,"2026-09-01 12:59:42",1134.7,2,trebolnoir
3455,16662819,THeLAB,"2026-08-17 18:55:16",1134.3,2,feuorme
3456,16782196,"jingyang tu","2026-09-01 01:49:08",1133.8,2,jingyangtu
3457,16685342,"Kanth Da","2026-09-09 14:24:45",1133.8,2,"kanthda,riteeshreddybysani"
3458,16765313,Hosuke,"2026-09-01 04:19:31",1133.0,1,hosuke
3459,16666578,STRAF,"2026-08-23 23:07:25",1133.0,2,nikosstraf
3460,16730320,Rosebuddychomp,"2026-09-12 07:54:11",1132.9,2,rishabhshetye
3461,16764545,ArX,"2026-08-24 09:44:45",1132.9,2,arx1993
3462,16779780,SiVitr2fDrXS.2N,"2026-08-30 15:06:17",1132.9,2,sivitr2fdrxs2n
3463,16709246,"Tariku Mehdi","2026-09-03 00:25:56",1131.9,2,tarikumehdi
3464,16782984,crinoid,"2026-09-02 10:59:06",1131.4,2,takemi
3465,16784133,"HASNAIN HAIDER","2026-09-01 17:02:27",1131.4,2,techzero
3466,16742228,"bangqun ZHAO","2026-08-27 05:20:56",1131.2,2,bangqunzhao
3467,16861578,Markura,"2026-09-14 11:07:06",1131.1,2,markura
3468,16743216,xerkey,"2026-09-08 13:52:41",1131.0,2,xerkey
3469,16690308,"Fatima Sarhan","2026-09-15 16:52:37",1130.9,2,fatimasarhan
3470,16658983,"Titi Huang","2026-09-13 08:28:29",1130.8,2,titihuang
3471,16743904,minamoto,"2026-08-25 16:53:16",1130.0,2,usermina
3472,16739898,"solo levelling","2026-08-18 21:08:16",1129.6,2,munibmemon
3473,16666054,Ani,"2026-09-04 21:33:20",1129.6,2,anirudhk333
3474,16748933,Lixrixy,"2026-08-26 06:11:03",1129.6,2,lixrixy
3475,16675161,iVl44d,"2026-09-18 10:54:18",1129.0,2,ivl44d
3476,16771994,"Jaden Tang","2026-09-15 09:28:23",1128.0,2,"aayanshah,jadentang17"
3477,16870431,"Adam Brink","2026-09-11 11:09:17",1127.5,2,adambrink
3478,16763444,"crazy achiever","2026-08-28 18:51:13",1127.0,2,crazyachiever
3479,16738721,"Luan Kunyu","2026-09-04 07:05:21",1126.7,2,luankunyu
3480,16664232,"Eddy Despradel","2026-09-01 23:58:35",1126.6,2,eddydespradel
3481,16845965,Oldplaykid,"2026-09-18 02:51:50",1126.3,2,"tonf3195,zerethon"
3482,16755071,"Varun Rao","2026-08-26 18:46:59",1125.7,2,varunraosfanlkan
3483,16661772,R3ddrag0n,"2026-09-02 19:43:09",1125.6,2,r3ddrag0n
3484,16730706,flaty,"2026-09-06 07:05:52",1125.3,2,flat831
3485,16692272,Ddere008,"2026-08-21 18:43:56",1125.1,2,ddere008
3486,16729640,"Наталья Скляр","2026-08-21 18:11:07",1125.0,2,natsklyar
3487,16754086,Beenvvv,"2026-08-25 05:57:29",1124.7,2,beenvvv
3488,16757903,"Om Singh","2026-08-27 07:05:06",1124.7,1,spoilyfrog
3489,16746112,"Jonathan Martschinke","2026-08-24 08:52:51",1124.4,2,jonathanmartschinke
3490,16664566,"Lormann ","2026-08-23 06:24:29",1123.4,2,lormann
3491,16675905,HydFarms,"2026-08-30 11:22:11",1123.2,2,"kumaramar,ronithjaju,shiveshcgatech,vidhishah115"
3492,16845582,"Julio Cesar Filho","2026-09-08 06:10:03",1122.9,2,juliocesarfilho
3493,16677592,keniii,"2026-08-25 00:29:31",1122.8,2,kartheeswaran28
3494,16766320,vp_mass,"2026-08-25 20:19:08",1122.5,2,vpmass
3495,16886319,novacryptic,"2026-09-13 12:37:51",1122.3,2,novacryptic
3496,16719262,sadjeen00,"2026-08-14 02:15:50",1122.1,1,sadjeen00
3497,16711608,"Thomas Greissler","2026-08-24 00:01:46",1121.9,2,thomasg22202020
3498,16708965,"Witold Dziurdz","2026-08-23 16:33:47",1121.9,2,witolddziurdz
3499,16664477,"The T-MAN","2026-08-26 18:51:40",1121.8,2,otmaneelmahda
3500,16720720,道海孤舟,"2026-08-21 06:59:41",1121.6,2,unseenanch
3501,16828844,"SHOUHEI IKEDA","2026-09-06 23:29:56",1120.5,2,shouheiikeda
3502,16846297,"Zihan Ni","2026-09-07 08:06:53",1120.3,2,lunangai
3503,16876214,Yunfei_Z,"2026-09-17 16:32:21",1120.3,1,zhaoyunfei
3504,16740399,"Lynn Pigott","2026-08-24 03:32:08",1120.3,2,lynnpigott
3505,16759705,2nod,"2026-08-23 03:42:04",1119.7,2,tsunoten
3506,16840001,agheieff,"2026-09-05 13:16:29",1119.7,1,agheieff
3507,16870771,wangxt1,"2026-09-11 06:19:14",1119.3,2,wangxt1
3508,16664573,AdhithyaRokhith,"2026-08-22 20:34:38",1119.1,2,adhithyarokhith
3509,16663767,"Tommy Mancino","2026-08-31 23:03:57",1119.0,2,tommymancino
3510,16863329,"Alvaro Mendizabal","2026-09-17 20:17:22",1118.9,2,alvaromendizabal
3511,16709203,Ayush_Patel,"2026-08-25 03:34:12",1118.9,2,ayushpatel1305
3512,16707749,Yuzu,"2026-09-04 10:22:41",1118.6,2,yuzuoctopus
3513,16736250,Yizhi,"2026-08-31 06:03:48",1118.5,2,yizhitao
3514,16690970,"Raoul Biagioni","2026-08-22 06:37:40",1118.4,2,raoulbiagioni
3515,16675610,"Srikar Medisetti","2026-08-30 12:06:25",1118.2,2,deathaunter
3516,16732104,sizumita,"2026-09-12 01:21:14",1118.0,2,sizumita
3517,16735341,Ryui68925,"2026-08-24 16:22:30",1117.7,2,ryui68925
3518,16621741,"Andrey Naymushin","2026-08-24 09:46:41",1117.6,2,andrewsokolovsky
3519,16794205,"kiwi apple","2026-09-01 18:56:25",1117.5,2,kiwiapple
3520,16656394,"Pushkar K.G","2026-08-18 09:29:08",1116.7,2,dejokz
3521,16654021,"Swachhith B","2026-08-24 08:40:04",1116.7,2,swachhithb
3522,16754560,Kam,"2026-08-21 14:02:39",1115.9,1,kamting
3523,16771277,zhaowenyi7,"2026-08-31 09:18:04",1115.9,2,zhaowenyi7
3524,16725441,lemon1219,"2026-08-21 15:37:35",1115.1,2,lemon1219
3525,16685074,"Emir Can","2026-08-30 20:16:36",1115.1,2,aerospacer
3526,16743136,unhappy,"2026-09-18 15:47:25",1115.0,2,chenyahui123
3527,16769795,"Edi Marian","2026-08-25 11:01:09",1114.7,2,edimarian
3528,16726994,bird,"2026-08-23 05:00:19",1114.5,2,whitebird
3529,16712185,"Vishal Khomane","2026-09-02 15:32:38",1114.3,2,vishal567
3530,16675486,"SALAH ELDIN ELNABARAWY","2026-08-18 21:17:22",1114.3,2,salaheldinelnabarawy
3531,16732792,amaotone,"2026-08-20 14:27:36",1114.1,2,amaotone
3532,16715579,Uvais,"2026-08-24 00:58:56",1114.1,2,joshuaedwinjacobv24f
3533,16779275,XuetingWang,"2026-09-01 08:50:53",1114.0,2,snoopy262
3534,16691506,Dipak_ISM,"2026-08-29 13:07:18",1113.9,2,dipakism
3535,16795086,Leroll,"2026-09-01 01:54:12",1113.7,2,leroll
3536,16663445,"ali dzaki","2026-09-13 14:59:25",1113.6,2,alidzaki
3537,16638177,stpete_ishii,"2026-08-30 05:35:41",1113.6,2,stpeteishii
3538,16713267,"yq l68135","2026-08-21 21:35:52",1113.2,2,yql68135
3539,16661362,BEETRiX🦋,"2026-08-11 14:42:28",1112.7,2,johannaleighdeley
3540,16664762,"John Marinton","2026-09-09 06:09:18",1112.6,2,marintonjohn
3541,16725342,little_d1d1,"2026-08-16 04:24:39",1112.4,2,littled1d1
3542,16670297,"Gebreab K. Zewdie","2026-08-26 00:22:15",1112.4,2,gzewdie
3543,16841296,Flesymevoli,"2026-09-06 08:49:58",1112.3,2,flesymevoli
3544,16743016,"MD Zeeshan","2026-08-20 18:13:32",1112.3,2,makrovh
3545,16732654,Goated_Farmers,"2026-08-23 17:09:50",1111.9,2,"mugundhjb,srinathduvvuri"
3546,16744127,Faiz,"2026-08-21 20:33:33",1111.7,2,souraditya26
3547,16635668,"Mirza Yasir Abdullah Baig","2026-08-21 14:13:17",1111.5,2,myab07
3548,16725335,"Chris #2","2026-08-29 15:32:47",1110.7,2,kagglecompetechris
3549,16721453,"Random Mambo","2026-09-01 09:41:19",1110.4,2,beaten67
3550,16729273,"Munib Ur Rehman Memon","2026-08-24 20:48:08",1110.3,2,muniburrehmanmemon
3551,16745312,"Alexie Huynh","2026-08-22 08:27:27",1110.1,1,alexiehuynh
3552,16722319,"༺ANIS YT༻","2026-08-19 13:08:47",1110.0,2,anisyt
3553,16665543,"Charan Manthena","2026-09-06 08:59:20",1109.8,2,charanmanthena
3554,16736685,kentaro_kato,"2026-09-12 13:34:11",1109.8,2,kentarokato
3555,16665214,Epiphany_Thu,"2026-08-21 12:06:53",1109.0,2,epiphanythu
3556,16780130,与君作田,"2026-08-29 14:01:35",1108.7,2,zhaoxi1244
3557,16729691,YinuoChen271,"2026-08-17 15:42:51",1108.3,2,yinuochen271
3558,16738745,"Anh Quân","2026-08-24 13:41:30",1108.1,2,qunanh
3559,16699772,MrAnalyst,"2026-09-05 10:43:49",1108.0,2,mranalyst
3560,16662051,"Salem Ali","2026-08-26 07:57:33",1107.8,2,salemali7
3561,16701633,"Jacob Davis","2026-08-23 15:06:50",1107.7,2,jacobtdavis
3562,16634093,gezi,"2026-09-09 08:07:03",1107.6,2,goldenlock
3563,16778417,"TANG BUDU 19SD195","2026-09-06 21:01:57",1107.5,2,tangbudu19sd195
3564,16664128,"Michael Todd Overdorf","2026-08-17 00:32:51",1107.4,2,michaeltoddoverdorf
3565,16870452,SakuraSSS,"2026-09-17 20:47:12",1107.0,2,sakurasss
3566,16756750,Charu,"2026-08-22 00:45:03",1106.9,2,charu13a
3567,16823751,"Tyler Knecht","2026-09-18 15:27:52",1106.2,2,tknecht
3568,16732446,"Nuri DUDAK","2026-08-29 09:00:59",1106.1,2,nuridudak
3569,16753618,mushichou4,"2026-08-22 10:20:51",1105.7,2,mushichou4
3570,16725403,tabetai28,"2026-08-18 14:38:57",1105.2,2,taichiabewaseda
3571,16712943,"Cesar Marcondes","2026-09-04 13:20:02",1105.2,2,cmarcond
3572,16632777,"Alexandrine Cakpo","2026-08-20 10:20:22",1104.9,2,alexandrinecakpo
3573,16739363,kulukkuluu,"2026-09-16 18:56:17",1104.8,2,kulukkuluu
3574,16655877,"Harish K","2026-08-25 19:09:49",1103.9,2,harishk2209
3575,16752018,三浦桂基,"2026-08-30 04:00:30",1102.9,2,keikipc
3576,16662949,"Will English","2026-08-18 17:13:22",1102.7,2,dubascudes
3577,16637329,Rucbic,"2026-08-19 17:32:21",1102.2,2,rucbic
3578,16655195,Pirhosseinlou,"2026-08-24 18:17:43",1102.0,2,pirhosseinlou
3579,16709214,"Ariel Suntasig","2026-08-17 19:46:09",1101.6,2,arielsuntasig2001
3580,16778410,"uriel villegas govea","2026-08-28 00:25:47",1101.6,2,urielvillegasgovea
3581,16660268,"Sébastien Mametz (Pixs)","2026-08-14 09:08:39",1101.3,2,sbastienmametzpixs
3582,16738899,Grayden_Lee,"2026-08-21 11:42:07",1101.0,2,haozelii
3583,16689697,Kmart0112,"2026-09-15 13:52:01",1100.9,2,kmart0112
3584,16666665,Team-Veraxion,"2026-08-31 08:24:24",1100.6,2,"anuragvelekat,ayushiitomar,faizmemon,hariharigandikota"
3585,16685160,Yura,"2026-08-17 07:27:50",1100.5,2,yuratrubitsyn
3586,16679560,LEET,"2026-08-15 00:45:52",1100.5,2,soufianelasfar
3587,16890232,"Yihan Guo #2","2026-09-18 02:40:07",1100.5,2,kagglebushswill
3588,16623152,"agentic warriors","2026-08-21 08:59:44",1100.0,2,"ibadia,isabellawoo01"
3589,16701362,"Papa Annan","2026-08-20 21:26:39",1099.8,2,papaannan
3590,16683865,Shin7jp,"2026-08-14 09:51:13",1099.7,2,shin7jp
3591,16696098,Valmorlee,"2026-08-23 19:40:07",1099.7,2,valmorlee
3592,16822583,"TA ME CHEM","2026-09-13 09:26:11",1099.5,1,tamechem
3593,16839557,Superspork,"2026-09-08 03:25:46",1099.5,1,superspork
3594,16714498,Zubekanov,"2026-08-18 01:14:49",1099.4,2,zubekanov
3595,16728914,d0gied,"2026-08-17 15:12:08",1099.1,2,d0gied
3596,16655718,eveyxy,"2026-09-05 08:58:28",1099.1,2,eveyxy
3597,16655501,Savko,"2026-08-21 00:33:21",1099.0,2,savchenko
3598,16716697,"Habil Tobi","2026-08-28 20:57:52",1098.7,2,habiltobi
3599,16732685,Tanmay,"2026-08-23 18:16:07",1098.7,2,blankkz
3600,16668721,"Efe Can Celiksoy","2026-08-13 22:00:41",1098.7,2,efecnc
3601,16727191,"Alexander Kokshenin","2026-08-20 02:08:15",1098.4,2,kokshenin
3602,16733576,"Ojas Aklecha","2026-08-17 18:34:02",1098.4,2,ojasaklecha
3603,16769769,"Artur Shafiev","2026-08-29 05:29:31",1098.0,2,arturshafiev
3604,16741131,"Adarsh Balanolla","2026-08-23 19:09:08",1097.8,2,adarshreddyb
3605,16720841,liuhc1017,"2026-09-14 12:24:08",1097.7,2,liuhc1017
3606,16750457,"Adrian Ricardo da Silva","2026-08-25 11:21:43",1097.5,2,adrianricardodasilva
3607,16721079,"six seven swag","2026-08-23 09:08:28",1097.1,2,polinababiichuk
3608,16710389,GuerillaMoon,"2026-08-19 22:33:46",1097.0,2,guerillamoon
3609,16666939,20237208_黄奕恺,"2026-08-22 12:53:27",1096.8,2,mrhuangyy
3610,16632262,Milkomeda,"2026-08-19 13:45:02",1096.2,2,milkomeda74583
3611,16639250,"Hamed Seyed-allaei","2026-08-21 19:11:09",1096.1,2,pinocchio
3612,16661352,"Porch Goose","2026-08-21 02:52:24",1095.8,2,jaclyndeem
3613,16739488,Restodecoca,"2026-08-19 16:42:34",1095.7,2,restodecoca
3614,16653129,"Prashanth Reddy Biyyani","2026-08-20 13:53:37",1095.7,2,"prashanthbiyyani,shivagurrala,sumu1526"
3615,16665336,"maoyuan ma","2026-08-18 11:41:09",1095.4,2,maoyuanma
3616,16689601,"Prathmesh Adsod","2026-08-18 03:55:13",1095.3,2,prathmeshadsod
3617,16663240,"Rilen T. L.","2026-08-18 13:45:46",1095.1,2,"jairosilvabastos,rilentl"
3618,16721070,LiuChen1350,"2026-08-26 05:30:30",1094.8,2,liuchen1350
3619,16724060,"Mạnh Linh Hoàng","2026-08-15 15:54:52",1094.6,2,manhlinh1501
3620,16882868,"Yash Mohan","2026-09-12 20:42:05",1094.2,1,yashm917
3621,16841536,"Berkay Hasret","2026-09-07 00:29:45",1094.1,2,berkayhasret
3622,16667843,"durgesh dere","2026-08-21 16:10:13",1094.0,2,durgeshdere08
3623,16728067,"Chenzhao Li","2026-08-18 08:04:21",1093.9,2,heartquest
3624,16730688,zy,"2026-08-27 07:25:40",1093.8,2,justforwin
3625,16675873,"Zhu Liang","2026-09-18 03:26:47",1093.7,2,paradite
3626,16770884,VegetabledogNeo,"2026-08-31 01:23:25",1092.7,2,vegetabledogneo
3627,16628664,"Anton Tikhonov","2026-08-17 16:05:18",1092.5,2,itwastony
3628,16680065,Vishodhan,"2026-08-14 23:46:15",1092.3,2,vishodhan
3629,16651672,"Xiaolei Lian","2026-08-19 03:18:04",1092.0,2,xiaoleilian
3630,16675503,"Jeff Marc E. Cadet","2026-08-30 17:56:07",1091.5,2,jeffmarcecadet
3631,16697922,TingyuanLi277,"2026-08-21 03:39:03",1091.4,2,tingyuanli277
3632,16665352,"Paul Nassiri","2026-08-22 20:15:33",1091.4,2,laszlolevray
3633,16760295,"Luke Hurt","2026-08-24 01:03:42",1091.3,2,lukehurt
3634,16742048,SuperGiantLam,"2026-08-25 02:08:17",1091.2,2,zptpsz
3635,16665927,"bhavya shah","2026-08-17 11:06:22",1090.9,2,bhavyashah007
3636,16908829,Trafun,"2026-09-18 03:41:57",1090.7,2,alfredoachondo
3637,16733297,sohasoha42,"2026-08-18 17:50:51",1090.5,2,sohasoha42
3638,16653379,"Asakawa Ruriko","2026-08-30 00:31:08",1090.4,2,asakawaruriko
3639,16725346,sokoranohimazin,"2026-08-18 19:39:07",1090.1,2,sokoranohimazin
3640,16691946,"Hassan Algizani","2026-08-13 20:20:09",1089.9,2,hassanalgizani
3641,16633222,maxingkong733,"2026-08-18 23:32:58",1089.2,2,maxingkong733
3642,16686583,techtech69,"2026-09-18 14:46:13",1089.1,2,techtech69
3643,16732381,Raphdraft,"2026-09-03 01:11:34",1088.9,2,raphdraft
3644,16722120,nekoha,"2026-08-15 15:01:16",1088.6,2,nekoha
3645,16666057,StopPlantingStartGameTheorying,"2026-09-08 07:53:27",1088.1,2,mymelodyenjoyer
3646,16698930,MrKiwi,"2026-08-19 09:34:31",1087.8,2,mrkiwi
3647,16722112,nyori,"2026-08-18 10:35:38",1087.8,2,nyoriworks
3648,16625856,takai380,"2026-09-01 02:34:05",1087.6,2,takai380
3649,16736969,"york li13","2026-08-19 01:07:02",1087.5,2,yorkli13
3650,16716991,XristosFilip,"2026-08-18 16:43:34",1087.3,2,xristosfilip
3651,16724351,"Luxshan Thavarasa","2026-08-24 09:58:38",1087.2,2,luxluxshan
3652,16730462,"Xiang Tang","2026-08-28 15:11:51",1087.2,2,flyonthewater
3653,16646679,tong00,"2026-08-17 12:02:11",1087.1,2,tong00
3654,16632164,"Tim Shini","2026-08-30 18:04:29",1086.9,2,timshini
3655,16712535,"Benjamin Beaujard","2026-08-18 11:03:03",1086.9,2,benjaminbeaujard
3656,16651833,"Hồ Khánh Duy","2026-08-14 17:52:23",1086.4,2,hkhnhduy
3657,16735582,"Tumaini Makena","2026-08-18 06:01:09",1086.3,1,tumainimakena
3658,16682471,Soumya2003,"2026-09-17 09:22:26",1086.0,2,soumya2003uyvv755
3659,16673234,MACvengers,"2026-08-19 16:34:04",1085.5,2,"astrojaswanthkumar,ikpikp"
3660,16729054,"Shantanu Kesarkar","2026-08-27 05:50:23",1084.8,2,shantanukesarkar
3661,16731432,sieradni,"2026-09-01 06:12:00",1084.8,2,sieradni
3662,16692639,"Bharat Kumar0925","2026-09-04 19:52:25",1084.8,2,bharatkumar0925
3663,16709295,"Isaac Owomugisha","2026-08-20 16:22:52",1084.7,2,cmplxxyttmt
3664,16667324,"Muhammed selim Bilic","2026-08-26 17:02:17",1084.6,2,muhammedselimbilic
3665,16719414,SahilKumarTolani,"2026-09-10 16:16:07",1084.6,2,sahilkumartolani
3666,16713127,Felis,"2026-09-18 13:00:27",1084.5,2,ilyaafanasenko
3667,16632201,neurlog,"2026-09-18 13:04:33",1084.4,2,neurlog
3668,16710128,"KeHao Liu","2026-08-14 01:52:29",1084.4,2,kehaoliu
3669,16743124,"Leo's Demiurge","2026-09-08 15:06:04",1083.9,2,jelurge
3670,16738278,yansf677,"2026-09-01 12:24:29",1083.6,2,yansf677
3671,16690612,"Mina Gayid","2026-08-16 12:59:16",1083.5,2,minagayid
3672,16774237,"Dennis SH Lai","2026-08-30 17:21:31",1083.4,2,dshihlai
3673,16727842,"Iadh Jarray","2026-08-17 13:45:11",1082.7,2,iadhjarray
3674,16719536,"Mandy Lin","2026-08-14 03:18:29",1082.3,2,ydnamlin
3675,16695615,Celinao,"2026-08-14 08:02:47",1081.6,2,celinao
3676,16678872,ibrahim,"2026-08-17 19:30:32",1081.6,2,skyfish77
3677,16705907,Adrià,"2026-09-11 10:14:39",1081.5,2,adriamb3
3678,16893654,"Arhaan Aggarwal","2026-09-18 01:47:38",1081.3,2,arhaanaggarwal2
3679,16724353,PrathamGupta,"2026-08-17 02:04:38",1080.9,2,prathamguptaaaaaaa
3680,16715319,ocha_heaven,"2026-08-19 13:10:14",1080.8,2,ochaheaven
3681,16674684,next-best-agent,"2026-08-17 15:28:53",1080.6,2,"minhduy13ly,tdtu981"
3682,16715244,uri_kkyhr,"2026-08-15 04:53:37",1079.6,2,urikkyhr
3683,16672003,carlscamt,"2026-08-14 17:19:42",1079.6,2,carlscamt
3684,16841647,patitod,"2026-09-06 01:22:09",1079.3,2,anasofaescobar
3685,16663590,"Jakub Dolének","2026-08-13 13:08:32",1079.1,2,dolenek
3686,16660601,"Rabbiya affan","2026-09-17 09:55:48",1078.8,2,rabbiyaaffan
3687,16726071,"PDF ULTRA","2026-08-20 19:36:33",1078.8,2,"alengevorgyan,gab0yan"
3688,16724584,"Jinx JK","2026-08-18 09:08:26",1078.7,2,jinxjk
3689,16728901,dqvide,"2026-08-17 19:53:39",1078.5,2,dqvide
3690,16683813,WangQrkkk,"2026-08-17 06:54:07",1078.2,2,wangqrkkk
3691,16724452,Jay,"2026-08-20 00:34:34",1077.6,2,jayshimada
3692,16630839,steubk,"2026-08-21 21:55:39",1077.5,2,steubk
3693,16790548,"Francesco Del Sesto","2026-08-31 10:47:27",1077.4,2,francescodelsesto
3694,16734492,Orynx,"2026-08-19 08:01:33",1077.2,2,"inderj1,jayveersingh6"
3695,16658931,"somewhere after","2026-08-19 08:16:29",1076.7,2,amaterasuuuuu
3696,16634172,"Mario Cicala","2026-09-05 03:06:37",1076.0,2,mariocicala
3697,16621163,john,"2026-08-16 14:06:25",1075.9,2,jaejohn
3698,16664120,SaiDuttaAbhishekDash,"2026-08-21 20:30:01",1075.7,2,saiduttaabhishekdash
3699,16659123,sd,"2026-08-18 17:46:56",1075.1,2,siddharthadevkota
3700,16765215,"arlenjim ","2026-08-24 19:32:48",1074.7,2,arlenjim
3701,16765953,"Muhammad Ahmed","2026-08-26 13:46:48",1074.4,2,muhammad4hmed
3702,16660233,ko9ma,"2026-09-08 08:42:33",1074.4,2,kohojung
3703,16720088,"Oiti Roy","2026-08-14 06:26:04",1073.7,1,oitiroy
3704,16715506,"Moo Point","2026-08-17 21:44:26",1073.6,2,"gnarlycow,tianmeiwang"
3705,16708185,XiaoYan12,"2026-09-13 17:57:28",1073.4,2,xiaoyan12
3706,16697458,"Lissandra Kruse Fuganti","2026-09-01 15:19:00",1073.1,2,lissandrakruse
3707,16709529,alhlbx5,"2026-09-03 22:48:54",1072.7,2,alhlbx5
3708,16668700,"Pranshu Ghori","2026-08-17 22:02:35",1072.3,2,pranshughori
3709,16694710,ponsuk,"2026-08-17 19:01:09",1072.1,2,ponsuk
3710,16696607,"Manish modak","2026-08-16 07:37:54",1072.1,2,manishmodak
3711,16764422,"ong bee","2026-09-09 02:25:57",1071.9,2,ongbee
3712,16701868,AJ,"2026-09-09 20:53:34",1071.9,2,abduljabbarcalica
3713,16633096,anvai_agents,"2026-08-20 05:50:45",1070.7,2,"anandgaikwad7781,vaidehidhamnikar"
3714,16698223,"Feng Jiahui","2026-08-18 08:35:04",1070.6,2,junipersky
3715,16678172,"Eishkaran Singh","2026-08-19 19:12:02",1070.4,2,eishkaran
3716,16759813,tyf_scu,"2026-08-23 17:11:18",1070.3,2,tyfscu
3717,16726660,"Prime Leo","2026-08-23 14:21:53",1070.0,2,primeleo
3718,16694091,"Nan Leng","2026-08-23 07:41:41",1069.8,2,nleng66ca
3719,16744355,"Sameera T","2026-08-22 10:13:47",1069.2,2,sameeramaq
3720,16743790,"yuji y","2026-08-28 10:53:06",1069.0,2,yujiyyy
3721,16735075,"Ronchen Luo","2026-08-18 04:29:47",1068.9,2,ronchenluo
3722,16623445,"Hasin Raihan Dhrubo","2026-08-16 09:28:12",1068.4,1,hasinraihandhrubo
3723,16658150,Gravity-x73d,"2026-08-17 09:16:29",1068.2,2,gravityx73d
3724,16678346,"Farhan Abid","2026-08-16 08:41:15",1068.2,2,farhanabidtech786
3725,16759625,gkg223,"2026-09-03 19:17:02",1068.1,2,gkg223
3726,16729372,"Gaspard Plt","2026-08-17 21:58:55",1067.6,2,gaspardplt
3727,16638375,"Tran H Hoang","2026-08-14 17:01:27",1067.4,2,tranhhoang
3728,16672530,GUGUGAGA,"2026-08-14 04:33:54",1067.2,2,"ruiyangzhang23,taoguo079"
3729,16659614,"Heikki Leskelä","2026-08-22 16:35:42",1067.2,2,heikkileskela
3730,16639732,"Junbeom Lee23","2026-08-15 02:45:23",1067.1,2,junbeomlee23
3731,16623470,rurumi,"2026-09-02 05:21:15",1066.9,2,rurururumi
3732,16621355,Raiden.B,"2026-09-15 17:53:51",1066.9,2,raidenb
3733,16871053,Ni123456&,"2026-09-18 09:53:36",1066.5,2,bingdongni
3734,16634166,Yuki.O,"2026-08-19 01:38:42",1065.7,2,yukiohkawa
3735,16656584,Spintronic,"2026-08-19 15:24:17",1065.5,2,spintronic
3736,16698884,VVVoyager,"2026-08-14 03:55:10",1065.5,2,"haoxuanshan,hengnui"
3737,16656399,CROW,"2026-08-14 04:59:30",1065.3,2,"aaayangxh,hanifnoerrofiq"
3738,16656931,pns,"2026-08-15 09:45:46",1065.3,2,"nikhilkasyap07,premsivasai,saranboddu"
3739,16721383,"Emon xu","2026-08-21 16:14:05",1065.3,2,emon0xuyym
3740,16723941,teraSurfer40141,"2026-08-16 01:16:49",1065.1,2,r00tt00r
3741,16802892,YUYA,"2026-09-06 08:34:05",1063.9,2,yuyaizumikawa
3742,16670569,Ezzzzzekki,"2026-09-17 22:02:42",1063.8,2,abdullahelzeki
3743,16670791,Hugelidus,"2026-08-25 03:43:18",1063.7,2,hugelidus
3744,16737561,"Raj Aryan Singh","2026-08-18 11:50:54",1063.6,2,kratos14raj
3745,16643125,"CARLOS CAADA ROSTRO","2026-08-21 19:23:34",1063.5,2,carloscaadarostro
3746,16655368,"Mohammed Maqsood L","2026-08-19 10:40:17",1063.3,2,mohammedmaqsoodl
3747,16709339,"Mohammad Javad Dianat","2026-09-08 12:14:33",1063.1,2,dianatofficial
3748,16644145,"Mehdi Azouz","2026-09-07 11:22:07",1063.1,2,mehdiazouz
3749,16644877,lu_fish,"2026-08-16 14:13:53",1062.7,2,thefish114514
3750,16771780,Trichoderma,"2026-09-06 04:58:38",1062.6,2,brunoescalhao
3751,16841344,"Abdoul Ahad Diop","2026-09-10 20:22:54",1062.2,2,abdoulahaddiop
3752,16654548,DataSluts,"2026-08-28 07:00:12",1062.1,2,"rahulmedida,siddarthnayak50,sivasu07"
3753,16661784,"XU XUXIANG","2026-08-27 12:57:06",1062.0,2,"mikeaaaa14,xuxuxiang"
3754,16691976,"Harini Panigrahi","2026-08-14 16:57:32",1061.2,1,harinipanigrahi
3755,16716698,gisgisgis,"2026-08-15 05:35:47",1061.2,2,gisgisgis
3756,16674683,"Ali Esam","2026-09-11 17:00:03",1060.9,2,zyxsu0
3757,16722303,JohannPongratz,"2026-09-10 08:07:38",1060.8,2,johannpongratz
3758,16675807,cubreto,"2026-08-26 15:00:34",1060.7,2,cubreto
3759,16718572,MLarpers,"2026-08-22 14:06:48",1060.6,2,"koteikachannel,mrhornetik"
3760,16722330,"Jean-Louis Roy","2026-08-31 07:44:08",1060.5,2,jeanjean111
3761,16759652,Fnoa,"2026-08-23 12:26:39",1060.2,2,trasibulo
3762,16727090,"Deep Blue Pasture","2026-08-17 02:28:34",1060.1,2,shamanah
3763,16680967,Tyooughtul,"2026-08-16 00:58:06",1058.8,2,yooughtul
3764,16621219,"Inna Campo","2026-08-15 09:08:23",1058.7,2,innacampo
3765,16698576,monnu,"2026-08-19 05:55:01",1058.2,1,fuumin621
3766,16670118,"Álvaro Benítez","2026-08-29 15:46:04",1057.9,2,lvarobentezlvarez
3767,16756557,"Marius Heuser","2026-08-24 21:41:31",1057.7,2,mariusheuser
3768,16682557,"Soumalya Mandal","2026-08-14 14:57:29",1057.6,2,mrcyberhunter
3769,16659763,clarkzhang1031,"2026-08-13 12:27:10",1057.6,2,"clarkzhang1031,huafeihuang"
3770,16715628,Dian,"2026-08-17 01:57:33",1057.5,2,clas233
3771,16710141,htatsumi,"2026-08-15 01:07:11",1057.1,1,tatsumihasebe
3772,16722986,"Abhiram 9803","2026-08-15 18:43:09",1056.9,2,abhiram9803
3773,16663818,"Mike Mordetsky","2026-08-18 11:49:58",1056.9,2,mikemordetsky
3774,16748246,"Eric S","2026-08-26 12:50:54",1056.6,2,ericsangberg
3775,16692851,ichnixhelle,"2026-08-12 22:20:24",1056.3,2,ichnixhelle
3776,16635317,"KAKA Minishijie","2026-08-26 04:36:55",1056.2,2,kakaminishijie
3777,16664164,"Elzandi Irfan Zikra","2026-08-15 15:53:21",1055.9,2,"dyahayuretnoningsih2,zangetsufuin"
3778,16724947,teacherli0,"2026-08-16 03:09:09",1055.4,2,teacherli0
3779,16724109,"small fry in the underworld","2026-09-11 05:51:16",1055.3,2,wwwwhitley
3780,16625241,"Mutoy Choi","2026-09-01 07:42:20",1055.2,2,mutoy1
3781,16708226,asi1024,"2026-08-16 13:14:53",1054.7,2,asi1024
3782,16687068,digiliwigili,"2026-08-22 12:49:07",1054.6,2,kukchyievervin
3783,16771677,"hedy huangyuheng","2026-08-27 02:13:28",1054.6,2,hedyhuangyuheng
3784,16622367,mg,"2026-08-23 17:49:21",1054.5,2,"egorkashpar,sashaboriskin,smooky"
3785,16701897,"Alejandro Lavandeira Casais","2026-08-14 12:56:12",1054.2,2,alejandrolavandeira
3786,16671424,cicen1139,"2026-08-22 09:37:51",1054.1,2,cicen1139
3787,16727019,uitsnf,"2026-08-23 15:45:22",1053.7,2,uitsnf
3788,16724262,"Obu obu","2026-08-15 10:48:05",1053.6,2,obuobu
3789,16781170,"Ulugbek Salohiddinov","2026-08-28 02:38:15",1053.4,2,ulugbeksalohiddinov
3790,16636094,Hax2456,"2026-08-15 10:05:01",1053.3,2,hax2456
3791,16651623,"Sarvesh Talele","2026-08-28 05:18:58",1053.2,2,sarveshtalele
3792,16651402,"Mille Initiate","2026-08-31 04:04:11",1053.2,2,milleinitiate
3793,16622242,"Robert Koval","2026-08-15 07:02:17",1053.1,2,robertkoval
3794,16693934,evnchn,"2026-08-23 15:41:50",1053.0,2,evnchn
3795,16662940,"The Coder Geek Squad Leader","2026-08-17 09:23:58",1052.6,2,soulemaneisissifou
3796,16770785,Brahim,"2026-09-08 09:20:24",1052.2,2,brahimdriss
3797,16739298,"ricardo assaad","2026-08-18 19:03:22",1052.1,2,ricardoassaad
3798,16675088,"Andrei Chulkov","2026-08-15 19:43:12",1051.9,2,andreichulkov
3799,16677945,"Quân Trần","2026-08-25 06:43:39",1051.4,2,wuntrn
3800,16634238,SoWwe,"2026-08-29 18:17:46",1051.2,2,sowwe4
3801,16908326,"Cristiano M Martins","2026-09-18 12:25:53",1050.8,2,cristianommartins
3802,16807038,mitsuki,"2026-09-12 01:22:28",1050.6,2,mk00000
3803,16744043,Take,"2026-08-23 14:17:27",1050.6,2,takeuchidaisuke2001
3804,16664860,ANUJPUROHIT18,"2026-09-01 05:03:07",1050.3,2,anujpurohit05
3805,16657803,"Arya Mazloomi","2026-08-14 00:17:11",1050.1,2,aryamazloomi
3806,16667787,"Daryl Brach","2026-08-17 09:41:51",1050.0,2,dbrach
3807,16748421,lulzx,"2026-08-20 17:52:11",1049.5,2,lulzxy
3808,16699745,"Norbert Szolnoki","2026-08-18 11:39:55",1049.4,2,norbertszolnoki
3809,16661509,JSON_Voorhees,"2026-09-03 00:14:35",1049.0,2,michaelgreenhut
3810,16667734,SuroRitch,"2026-08-15 16:23:52",1048.9,2,suroritch
3811,16721947,groots,"2026-08-16 06:32:40",1048.5,2,muhammadismail433
3812,16672199,Vachan,"2026-08-20 07:33:48",1048.0,2,vachanpadival
3813,16717792,han10086,"2026-08-13 15:05:21",1047.8,2,han10086
3814,16708624,"Aboubacar HEMA","2026-08-19 14:24:02",1047.8,2,"aboubacarhema,marcmare,wilfredkouadjo"
3815,16698214,Juandix,"2026-08-18 03:35:51",1047.3,2,juandix
3816,16653890,YUKRUB,"2026-09-11 08:55:14",1047.2,2,yukrub
3817,16651088,ych~sun,"2026-09-11 13:06:05",1047.0,2,ychsun
3818,16703300,"Fahd EL ANSARI","2026-08-15 23:47:17",1046.4,2,fahdelansari
3819,16659715,masb,"2026-09-17 07:40:20",1046.3,2,affansaied
3820,16713155,AdarshAleti,"2026-08-18 05:39:57",1045.7,2,adarsh1077
3821,16727379,"Nicholas Chua","2026-08-20 16:28:44",1044.4,2,nickckb
3822,16726064,"sana slama","2026-08-15 17:01:13",1044.4,1,sanaslamamm
3823,16702547,Dean0016,"2026-08-13 17:56:10",1044.0,2,dean0016
3824,16623370,kenmatsu4,"2026-08-14 09:03:08",1043.7,2,kenmatsu4
3825,16715024,"Ömer Özbek","2026-08-22 13:50:34",1043.6,2,omerozb
3826,16668069,jackhsia,"2026-08-23 15:56:13",1043.1,2,jackhsia
3827,16674447,"Nathan Thor","2026-09-18 11:07:56",1042.8,2,devofpie
3828,16654381,"Dmitry Belan","2026-08-30 17:16:29",1042.8,2,dimong4
3829,16786603,"Shutong Hou","2026-09-18 09:20:53",1042.6,2,praxel123
3830,16785505,"Rishiraj Acharya","2026-09-08 04:26:42",1042.1,2,rishirajacharya
3831,16697936,"Sami Cakiral","2026-08-15 19:43:40",1041.9,2,samicakiral
3832,16705499,byncpy,"2026-08-17 17:18:47",1041.9,1,jinliangbi
3833,16685850,K,"2026-08-14 06:37:41",1041.9,2,kolci017
3834,16750344,Vaasu0501,"2026-08-28 16:49:39",1040.3,2,vaasu0501
3835,16719002,Astraeus,"2026-09-14 15:53:57",1040.3,2,astraeusdotdev
3836,16691524,"Martim Nascimento","2026-09-05 15:54:47",1039.3,2,martimnascimento
3837,16631595,CuteClaw,"2026-08-14 01:25:52",1038.9,2,bloodmoonwq
3838,16707598,Kamazarashi,"2026-08-18 05:40:15",1038.8,2,kamazarashi
3839,16712459,松原琉喜,"2026-08-14 14:54:47",1038.1,2,ryuki12kyo
3840,16860813,hirayuki,"2026-09-18 09:03:01",1037.9,2,hirayukis
3841,16649313,"Jiajun HAN","2026-08-14 07:13:57",1037.4,2,jiajun1
3842,16705176,"Ruslan Raupov","2026-08-20 09:10:24",1037.2,2,ruslanraupoff
3843,16688368,"Lam Vo","2026-08-15 16:39:23",1037.0,2,nhatlam
3844,16664759,OrGanAIc,"2026-08-14 22:58:18",1036.5,2,arghyaranjandas
3845,16656519,"Chris Laska","2026-08-25 19:45:39",1036.3,2,chrislaska
3846,16729421,Oblivix,"2026-09-02 04:16:25",1036.2,2,"aradhyatiwariii,oblivix"
3847,16670755,"Amine zeDDouk","2026-08-18 09:37:41",1036.1,2,aminezeddouk
3848,16756415,"Mihai Balan","2026-08-31 06:39:25",1035.9,2,mihaibalan
3849,16722902,"Grigorii IU","2026-08-22 01:54:09",1035.6,2,grigorii220
3850,16695093,"Ryota Murai","2026-08-27 15:28:04",1035.3,2,rmuraix
3851,16665596,chunhu666,"2026-08-30 07:05:40",1035.0,2,chunhu666
3852,16665125,"David Schindler15","2026-08-14 04:58:39",1035.0,2,"davidschindler15,mz3207"
3853,16726232,"sayed rafi","2026-08-18 21:13:00",1034.4,2,sayedrafi
3854,16687596,AjPrem,"2026-09-14 02:49:09",1034.4,2,"ajprem,jefferysingh,neelcasula"
3855,16750477,"Tapabrata Biswas","2026-08-25 13:11:13",1034.1,2,"dumbakaash,ishanhira"
3856,16655335,Justus,"2026-08-19 14:18:38",1033.9,2,justus0
3857,16749347,Shibungi,"2026-09-01 06:52:21",1033.8,2,shibungi
3858,16638823,YDDDDDD999,"2026-09-06 18:22:40",1033.7,2,ydddddd999
3859,16624896,"Akmal Azzam o'g'li","2026-08-18 06:03:51",1033.5,1,akmalmir
3860,16696208,"kazwzn S","2026-09-18 09:54:28",1033.0,2,kazwzns
3861,16719006,bouiboui,"2026-08-20 18:55:02",1032.5,2,bouiboui
3862,16750317,"ELhamdaoui AM","2026-08-30 19:29:43",1032.0,2,elhamdaouiabdelmajid
3863,16690113,m0chi1216,"2026-08-16 15:07:24",1031.8,2,m0chi1216
3864,16691702,kss,"2026-08-13 19:30:20",1031.8,2,l0glikelihood
3865,16691987,0xalgos,"2026-08-17 09:35:28",1031.2,2,anandvashishtha5362
3866,16634650,UnfriendlyAI,"2026-08-24 11:44:47",1031.0,2,unfriendlyai
3867,16696631,"saya akan lawan!","2026-08-21 18:42:23",1030.8,2,nurhadibudhy
3868,16714902,HunterBlue,"2026-08-13 18:54:47",1030.7,2,marianacodebase
3869,16680931,"Rattan Singh","2026-08-16 04:23:37",1030.5,2,rattans
3870,16719100,"Abhiraj Singh","2026-08-14 12:02:33",1030.4,2,cyberdrago
3871,16672653,Cultuurstelsel,"2026-08-13 16:59:47",1030.3,2,ryuorlandotamin
3872,16728723,"Ronith Rashmikara","2026-08-18 03:28:52",1029.1,2,ronithrr
3873,16655179,"I Need an Internship","2026-08-15 02:39:23",1028.8,2,dimasibnumuthi
3874,16698256,Mint,"2026-08-17 18:39:08",1028.3,2,rorandangerous
3875,16710421,SZ_00_zyz,"2026-08-20 02:54:53",1027.8,2,sz00zyz
3876,16725642,"Arav Sharma","2026-08-17 03:51:14",1027.5,2,aravsharma26
3877,16713178,Funno,"2026-08-19 17:32:54",1027.5,2,yes711
3878,16640368,"Nkosi Ndwandwe","2026-09-06 05:03:26",1027.2,2,nkosindwandwe
3879,16658081,ando,"2026-08-20 01:52:23",1027.0,2,andoshunsuke
3880,16692548,"Rockstar Farmer","2026-08-19 05:15:37",1026.9,2,yuhaili
3881,16719238,"Rômulo Siqueira","2026-08-20 00:15:16",1026.7,2,romulosiqueira
3882,16672243,"Fazil Putra","2026-08-14 01:24:17",1026.5,2,fazilputra
3883,16671694,evananann,"2026-08-19 07:46:36",1026.1,2,evananann
3884,16634143,"manual player","2026-08-14 00:41:13",1025.3,2,prospal
3885,16749618,Fon1as,"2026-08-21 09:36:42",1025.1,2,fon1as
3886,16628295,qwertykeypadapple,"2026-08-13 19:05:04",1025.1,2,qwertykeypadapple
3887,16691830,"Nikita Lugovoy","2026-08-15 03:39:17",1025.1,2,nikital7
3888,16636909,"wking edewd","2026-08-21 11:21:57",1025.1,1,wkingedewd
3889,16770648,"Yoshitaka Nozaki","2026-08-26 00:38:06",1024.6,1,yoshitakanozaki
3890,16674479,"Alan Rosston","2026-08-14 08:20:49",1024.4,2,alanrosston
3891,16840694,"cory cozy","2026-09-06 11:48:38",1024.2,2,corycozy
3892,16841176,"Bruce Cole","2026-09-09 00:39:28",1023.6,2,brucecole
3893,16728272,"Daris Dzakwan Hoesien","2026-08-16 10:48:22",1023.5,1,darisdzakwanhoesien2
3894,16697689,"Pavel Pakhmutov","2026-08-12 23:11:23",1023.3,2,pavelpakhmutov
3895,16634691,bot-farmer,"2026-08-19 06:16:19",1023.0,2,shauryam25
3896,16793535,Pink,"2026-09-15 08:44:32",1022.7,2,farjanaafrinswarna
3897,16821267,1417,"2026-09-11 13:14:32",1022.6,2,"dongyuhao,liuyihang026,yejialin"
3898,16745294,"Ahmed Ehab Fathi","2026-09-05 01:27:13",1021.9,2,ahmedehabfathi
3899,16623226,"Hafida Belayd","2026-09-05 17:12:33",1021.3,2,hafidabelayd
3900,16856021,PSI,"2026-09-08 19:26:40",1021.2,1,vinayak121
3901,16679443,albu,"2026-08-15 19:22:12",1020.9,2,albuslaev
3902,16766905,Antigone_duckduck,"2026-08-24 16:38:37",1020.8,2,antigonexzh
3903,16729488,"Bala vighnesh Reddy","2026-09-08 07:38:03",1020.8,2,balavighneshreddy
3904,16803651,gyujinst,"2026-09-05 01:44:38",1020.7,2,gyujinst
3905,16830837,"Damilare Olayemi","2026-09-08 08:35:23",1020.3,2,damilareolayemi
3906,16729828,spunkrock,"2026-08-16 20:08:06",1019.9,1,spunkrock
3907,16839110,0x3f,"2026-09-16 12:47:20",1019.4,2,zhangbowen1005
3908,16842806,"Yan Tao Tang","2026-09-07 10:41:41",1019.3,2,yantaotang
3909,16710587,durgasai,"2026-09-01 13:14:36",1018.5,2,dsainvg
3910,16700737,HechtJP,"2026-08-13 11:12:06",1018.3,2,hechtjp
3911,16732428,"Darren Amadeus Martin","2026-08-19 00:48:02",1018.3,2,darrenamadeusmartin
3912,16701759,xycai,"2026-08-14 17:23:35",1017.9,2,xycaipku
3913,16805171,Mario,"2026-09-18 16:02:25",1017.6,2,mwalkiew
3914,16663229,kakuteki,"2026-08-28 04:08:43",1017.3,2,kakuteki
3915,16731751,"Nikita Pudovkin","2026-08-17 09:15:54",1016.2,1,nickpudovkin
3916,16732754,ikeuchy,"2026-08-29 04:10:41",1016.0,2,ikeuchy
3917,16772993,"dirty farmers","2026-08-26 06:33:12",1015.7,2,jamesgui2007
3918,16700995,"Maram Ali","2026-08-15 09:13:15",1015.4,2,msama01
3919,16724795,yangqi1234,"2026-08-23 08:26:23",1014.9,2,yangqi1234
3920,16721259,Qsj,"2026-08-28 09:20:10",1014.6,2,qiaoshiji
3921,16738825,RishabhSpark,"2026-08-28 05:11:27",1014.4,2,rishabhspark
3922,16718947,"Dani Ortega","2026-08-25 07:07:35",1014.2,2,daniortega99
3923,16710094,winwinwin,"2026-09-03 13:22:51",1013.8,2,"ouyangruize,teecemackenieo"
3924,16726115,helloworld311,"2026-08-17 05:52:20",1013.5,2,helloworld311
3925,16729874,"Shane Schisler","2026-09-15 20:11:48",1013.5,2,seschis
3926,16766840,"Andrey ","2026-08-24 14:27:38",1013.4,1,anti1111
3927,16765065,"Rohith T R","2026-08-26 13:28:38",1013.3,2,rohithtrgod
3928,16723132,Bridgeport,"2026-08-21 20:25:32",1013.1,2,bridgeport
3929,16666884,"Antonio Stanciu","2026-08-15 14:33:52",1013.0,2,stanciuantonio
3930,16697223,"Azizii Gill","2026-09-09 21:27:12",1013.0,2,aziziigill
3931,16763978,"Swayam Gode","2026-09-07 16:15:33",1012.9,2,swayamgode2
3932,16701969,旧楚狂人,"2026-08-15 14:20:59",1011.2,2,jiuchukuangren
3933,16695691,neural-canvas,"2026-08-12 20:46:37",1010.8,2,mrsanap
3934,16713771,bndang,"2026-09-18 15:50:17",1010.6,2,bndang
3935,16735238,DHKim0324,"2026-08-25 08:49:34",1010.6,2,dhkim0324
3936,16634824,yuki16,"2026-08-27 02:55:04",1010.5,2,yuki16
3937,16759864,exaucedossou,"2026-08-22 17:56:40",1010.4,2,exaucdossou
3938,16781516,"Hongbin Guokaggle","2026-08-29 04:16:00",1010.4,2,hongbinguokaggle
3939,16729484,"Sankalp Nagineni","2026-08-16 17:35:31",1010.3,2,sankalpnagineni
3940,16785100,5386,"2026-09-10 11:08:04",1010.1,2,"ismktkaggle,rairai314,satosis"
3941,16622939,"Kamal Das","2026-08-27 12:47:13",1009.4,2,kmldas
3942,16655305,"Junior Sohou","2026-08-14 00:15:42",1008.7,2,juniorsohou
3943,16666018,"H vv sathwik","2026-08-26 06:49:10",1007.9,2,hvvsathwik
3944,16650372,Greed,"2026-08-12 17:18:47",1007.9,2,greedshen
3945,16669897,"Tahsan Ferdous","2026-08-14 19:30:09",1007.3,2,tahsanferdous
3946,16704589,"Lobato MBA IA Big Data","2026-09-16 00:02:11",1007.1,2,lobatombaiabigdata
3947,16740320,NguyenAn27,"2026-08-20 00:46:32",1006.9,2,nguyenan27
3948,16725242,chinchilla,"2026-08-19 10:53:07",1006.7,2,tgwstr
3949,16697024,"Jiri Prudky","2026-09-06 06:00:57",1006.4,2,jiprud
3950,16663694,"Dimitri ZABRE","2026-08-12 21:00:12",1006.1,2,dimitrizabre
3951,16663969,"Aarush Kute","2026-08-19 22:06:48",1005.5,2,aarushkute
3952,16775386,kaggler,"2026-08-31 09:29:41",1005.1,1,deepkim
3953,16677832,"Maryam Tahir","2026-08-25 15:07:42",1005.1,2,maryamtahir09
3954,16630315,janson,"2026-08-19 10:54:37",1004.8,2,johnjanson
3955,16696983,"JKM Ventures","2026-08-17 22:58:03",1004.6,2,jeffreydrew
3956,16773559,"Abhishek Mahto","2026-08-26 06:40:07",1004.6,1,abhishek3115
3957,16641288,nakagawaren0805,"2026-09-12 10:35:10",1004.5,2,nakagawaren0805
3958,16689447,"Ivan Berrutto","2026-08-13 04:14:38",1004.3,2,ivanberrutto
3959,16698439,"Pournami Prakash","2026-09-12 20:17:14",1003.6,2,pprakas
3960,16725354,"Swaroop piduguralla","2026-08-19 14:23:28",1003.6,2,pnsaimanitejaswaroop
3961,16651052,lty,"2026-08-18 02:33:01",1003.4,2,linwei9
3962,16675831,"Thayaparan Kumarakuru","2026-09-15 09:17:55",1003.3,2,"kavishkasubashana,mrkala,thayaparankumarakuru"
3963,16756399,"old Ryne Mac had a farm","2026-08-21 19:44:11",1003.2,1,rynemac
3964,16803602,ihiratch,"2026-09-06 15:57:56",1002.7,2,ihiratch
3965,16711910,"Artem Zapara","2026-08-18 16:48:51",1002.7,2,artemzapara
3966,16894541,"Deepak Mahajan","2026-09-17 05:27:59",1002.0,2,xdipzz
3967,16690020,shantaitichu,"2026-08-17 09:40:30",1001.9,2,shantaitichu
3968,16770282,colt,"2026-08-25 09:55:29",1001.6,1,xiaomaguo
3969,16668788,ConnieCodes,"2026-08-17 13:40:25",1001.6,2,conniecodes
3970,16775412,"moo moo","2026-09-08 15:54:28",1001.1,2,"amrof122,yassinamr11"
3971,16663584,"Deployable LLMs","2026-09-18 05:35:18",1000.9,2,"lucasveronese,planetoidleser,sinhakprat"
3972,16679688,"Sathwik Chinthakayala","2026-09-15 13:53:57",1000.1,2,sathwikchinthakayala
3973,16629292,"Syed Saad Hasan Emad","2026-08-17 06:14:38",1000.0,1,syedsaadhasanemad
3974,16623020,Muhandro,"2026-08-20 16:29:57",1000.0,2,muhandro
3975,16735102,"Zhiqi Liu","2026-08-31 02:57:12",999.8,2,crazyqiqi
3976,16743737,"Joanna C.","2026-08-20 23:07:09",999.3,2,joannaciesielski
3977,16633709,"kitory Yeah やきとり","2026-08-15 22:30:08",999.3,2,kitoryyeah
3978,16851557,SunaoCool,"2026-09-11 04:15:13",999.3,2,yoshikinishita
3979,16727219,"Chukka Venugopalam","2026-09-18 17:28:22",999.2,2,chukkavenugopalam
3980,16718937,62326368,"2026-09-11 22:58:43",999.1,2,mooniim
3981,16743741,Arooran,"2026-08-24 13:37:47",998.6,2,arooransivakarunai
3982,16655632,"Dmitry Kozlov","2026-08-28 10:06:54",998.1,2,dkozlov
3983,16774228,"Anggit Maulana Abdi","2026-08-28 14:37:01",997.8,2,anggitmaulanaabdi
3984,16691012,"Sanzhar Almasuly","2026-08-29 07:28:34",997.5,2,sanzharalmasuly
3985,16717630,Amer,"2026-08-13 21:23:41",997.5,2,amerhu
3986,16656990,"NALLA SUMANG","2026-08-30 03:15:46",996.8,2,sumangnalla
3987,16712888,Vux,"2026-08-20 14:32:16",996.7,2,weiyu85
3988,16659314,Sandeep063,"2026-08-25 12:44:22",996.2,2,sandeep063
3989,16709462,"KK #2","2026-08-14 09:06:37",996.0,2,kk2909
3990,16768022,"Miles Oberting","2026-08-31 23:48:39",996.0,2,milesoberting
3991,16632444,"Issac “Izreal” Davis","2026-08-13 20:42:03",995.7,2,issacizrealdavis
3992,16769866,"Suzuki Riki","2026-08-25 12:11:09",995.3,2,suzukiriki
3993,16682879,"Ace Team","2026-09-18 19:06:17",995.1,2,drpatrickchan
3994,16635418,ocean240812,"2026-09-17 04:17:55",995.0,2,ocean240812
3995,16768647,vaultguard,"2026-09-14 21:08:32",994.9,2,vaultguard
3996,16765526,"Kotala Kishan Reddy","2026-08-24 08:56:22",994.3,1,kotalakishanreddy
3997,16722487,Zotar,"2026-09-18 07:31:00",994.3,2,chunhinma
3998,16716468,"Sakhawat Hossen","2026-08-15 03:28:07",994.1,2,sakhawathossen
3999,16639230,Rylan,"2026-08-15 13:15:45",994.0,2,"liuruihan333,wangxiaodundun"
4000,16665919,"Labmem Tang","2026-08-31 03:06:37",993.9,2,labmemtang
4001,16715187,maker2026,"2026-09-09 00:38:59",993.8,2,maker2026
4002,16738461,monnosuke,"2026-09-18 07:50:21",993.7,2,shiomi1012
4003,16764850,"cy zhang","2026-08-27 11:08:45",993.4,2,zcy20051117
4004,16656807,Yoganjaneyulu,"2026-08-13 09:20:17",993.1,2,yoganjaneyulu
4005,16622251,"Moroz Roman","2026-08-20 06:22:05",993.1,2,crissyro
4006,16732462,"Aji Samudra","2026-08-24 09:05:21",992.7,2,ajisamudra
4007,16878026,yamazaking,"2026-09-18 13:22:17",991.9,2,zacky21
4008,16740103,Adjakou,"2026-08-24 07:31:02",991.7,2,adjakou
4009,16914676,"Luon may Man","2026-09-18 09:08:56",991.7,2,luonmayman
4010,16663284,"Aman Prakash","2026-08-12 20:58:28",991.6,2,amanprakash777
4011,16755278,Kaz,"2026-09-04 15:27:28",991.4,2,kazuyago
4012,16655559,"Fajri Yanuar Shiddiq Juanda","2026-08-13 01:40:20",991.3,2,fajriyanuar
4013,16766982,"Sir Dona ","2026-08-25 15:54:46",991.3,2,sirdona
4014,16748524,TongY26,"2026-08-21 08:33:16",991.3,2,tongy26
4015,16655688,"Ryan Shan","2026-08-13 02:43:38",991.1,2,codegold
4016,16623791,rakumo,"2026-08-19 23:46:04",991.0,2,sirakumo
4017,16740700,"Vyas Senthilkumar","2026-08-19 04:26:42",991.0,2,vyassenthilkumar
4018,16763383,"Alexandru Sitaru","2026-08-25 07:05:06",990.9,2,sitaru
4019,16640552,"rupsa roy","2026-09-05 06:45:34",990.8,2,rupsarroy
4020,16733547,"Mark Grayson","2026-08-17 18:53:21",990.5,2,flyingsinclair
4021,16770832,"Harish Yadav","2026-08-27 06:18:09",990.0,2,harishyadav0506
4022,16658803,"Rahul Jiwane","2026-08-21 06:19:57",990.0,2,rahuljiwane
4023,16679245,"Krzysztof Gonia","2026-09-17 07:39:55",989.7,2,krzysztofgonia
4024,16735125,mtskggle,"2026-08-22 04:50:43",989.0,2,matsusakaggle
4025,16772450,"Muneeba Badar","2026-08-25 21:19:13",988.9,2,muneebabadar
4026,16624682,FrederikZ,"2026-09-02 10:17:51",988.7,1,zkirederf
4027,16649108,"Steve AVOMO","2026-08-17 03:12:41",988.7,2,aurelsteve77
4028,16727745,auouer,"2026-08-16 08:20:31",988.5,2,"auouer,guriken,hkamna,insightfulthinking"
4029,16729227,Marjao,"2026-08-16 16:49:12",988.4,2,muniburrehman2020
4030,16662615,"Anurag irawit","2026-09-01 14:16:49",988.0,2,anuragirawit
4031,16657610,"H Bharath","2026-08-31 18:54:57",987.4,2,hbharath
4032,16662023,"Vikas Kumar","2026-09-08 17:17:57",987.3,2,vikshit104
4033,16714059,Yentür,"2026-08-12 18:47:44",987.2,1,meryentr
4034,16773266,newbyy,"2026-08-26 05:21:47",987.1,1,newbyy
4035,16696561,"Ali Ramazanov","2026-09-09 06:53:42",986.9,2,aliramazanov
4036,16770952,"Satyajeet Kumar","2026-08-25 20:42:40",986.9,2,m4rcuseryx
4037,16664334,"Satishvaran Ragu","2026-08-28 03:07:19",986.4,2,satishvaranragu
4038,16726512,shash,"2026-08-15 19:41:18",986.3,1,zshashz
4039,16761849,viber3221,"2026-08-24 13:38:59",986.0,2,viber3221
4040,16698069,k_4821,"2026-09-08 15:11:16",985.6,2,edgarondoodevilclub
4041,16661423,"Rishavendra Sharma","2026-08-31 08:38:23",985.5,2,rishavendrasharma
4042,16653955,"tanmay singhal","2026-08-29 12:00:53",985.4,2,anexperiencedidiot
4043,16789587,"José Luis","2026-09-08 06:49:13",985.2,2,joseluissz
4044,16666853,"Bisola Olasehinde","2026-08-31 13:08:21",985.0,1,bizzyvinci
4045,16632788,"Bright O.H.","2026-08-23 03:45:36",984.8,2,brightoh
4046,16634654,unknown,"2026-08-13 02:11:22",984.4,2,abdullahshafi2021
4047,16809122,"federico battello","2026-09-10 15:05:02",984.3,2,federicobattello
4048,16734450,"Ian Teigen","2026-08-18 00:04:38",984.0,2,ianteigen
4049,16710661,"Pengyi Peng1","2026-09-03 05:48:27",984.0,2,pengyipeng1
4050,16748717,mt,"2026-08-20 13:09:12",983.9,1,mtanakaslgfreak
4051,16744658,Shree85,"2026-09-16 21:16:48",983.7,2,shree85
4052,16734578,"Pascal Andreas","2026-08-26 17:42:14",983.2,2,pascalandreas
4053,16625611,"Karl Smile","2026-08-28 16:42:46",982.8,2,karlsmile
4054,16624651,"Zihao Zeng","2026-09-04 12:46:45",982.7,2,zihaozeng0021
4055,16663992,小陈同学,"2026-08-18 07:26:54",981.6,1,czastu
4056,16709793,"Victor Hotz","2026-08-13 18:48:06",981.5,2,victorhotz
4057,16671821,donglee,"2026-08-13 09:13:09",981.0,1,dongleeovo
4058,16624645,"Closed Loop","2026-09-17 22:56:08",980.8,2,hobbisttech
4059,16699610,"Sneha ","2026-08-17 01:00:34",980.6,2,kharya3
4060,16624824,GoofyGenius,"2026-09-09 16:05:59",980.2,2,goofygenius
4061,16731243,"[Deleted] dab36be1-9992-4710-95f4-39a9f7a2cd3c","2026-08-24 15:13:27",979.4,2,del=fd92954ed0c92f1a
4062,16910041,"Gorgulu Fried Chicken Wings","2026-09-18 18:58:55",979.2,2,"jingshixu,ooorangecatt"
4063,16753985,"Narenthira Balaji","2026-08-21 10:54:17",979.2,1,narenthirabalaji
4064,16714980,Chenaters,"2026-08-16 08:41:10",979.2,2,chenaters
4065,16889392,Prit_44421,"2026-09-14 11:29:09",979.0,2,prit44421
4066,16714058,"Ahmet Erdem Pamuk","2026-08-12 18:59:18",978.9,2,ahmeterdempamuk
4067,16751267,Guojun1,"2026-08-21 01:57:23",978.8,1,guojun1
4068,16747161,wqlun06,"2026-09-07 06:55:24",978.6,2,wqlun06
4069,16722619,vlavlalva,"2026-09-04 21:48:26",978.6,2,cppcph
4070,16675780,susutem,"2026-08-21 04:03:32",978.3,2,susutem
4071,16688153,"Panchajanya Banerjee (Pancham)","2026-08-16 20:28:27",978.0,2,delayedkarma
4072,16689952,"Lazarus Ogero","2026-08-11 16:44:08",977.8,2,lazarusogero
4073,16685626,"Livingstone Selassie","2026-08-16 00:26:50",977.6,2,"hackerx019,livingstoneselassie"
4074,16663352,"Avnish Sharma","2026-08-31 14:42:23",977.2,2,kewlaz
4075,16633580,Vinymo,"2026-08-23 15:32:23",976.6,2,vinymo
4076,16693058,"Yuvraj singh","2026-09-18 11:41:37",975.6,2,yuvrajsingh789
4077,16697249,"Sudharsana Rajasekaran","2026-08-13 06:25:58",974.3,2,sudhan03
4078,16683441,Eura73,"2026-08-21 08:07:47",974.2,2,eura73
4079,16730903,noynkmr,"2026-08-25 05:47:01",973.8,1,noynkmr
4080,16763120,"Shivam Singh #2","2026-08-23 16:56:35",973.7,1,shivamsingh17072001
4081,16665838,wenbodai,"2026-09-01 12:41:51",973.5,2,wenbodai
4082,16797045,"Carl Pang","2026-09-17 00:21:46",972.9,2,carlpang
4083,16667839,Viet-Tien,"2026-08-22 19:46:21",972.8,2,tiena2cva
4084,16714162,MarvinTMB,"2026-09-13 23:07:41",971.0,2,marvintmb
4085,16849778,"Kim Minh","2026-09-18 17:55:43",970.8,2,hanming14
4086,16699722,Dicere,"2026-08-13 08:00:17",969.9,2,thedark735
4087,16633414,"sagar tripathy","2026-08-13 15:57:56",969.6,2,sagar8trip
4088,16696887,kt-Kitayama,"2026-09-01 13:23:49",969.5,2,ktkitayama
4089,16778206,yuanlao153,"2026-08-28 15:00:04",969.2,2,yuanlao153
4090,16749251,HawkOsm,"2026-09-03 16:33:13",967.4,2,hawkosm
4091,16724533,"Yusei Ito","2026-08-22 19:18:19",967.3,2,yuseiito
4092,16693962,"Changyuan Chen","2026-08-17 14:18:21",966.6,2,changyuanchenmit
4093,16623753,HZM,"2026-09-11 04:34:07",964.8,2,leehann
4094,16726870,"Svanik Kolli","2026-08-16 00:11:14",964.6,1,svanikkolli
4095,16668049,"Masayoshi Kurihara","2026-08-14 06:20:21",964.3,2,masayoshikurihara
4096,16844343,"Gotovtsev Artyom","2026-09-18 18:54:59",963.2,2,artemgotovtsev
4097,16803913,"SUJIB BARMAN","2026-09-01 16:42:07",963.0,1,cardata
4098,16770302,stardxx,"2026-08-26 02:21:35",962.9,2,stardxx
4099,16748330,Okan,"2026-08-21 11:15:17",962.8,2,okanzkaya
4100,16662568,RaghavMundhra1,"2026-09-18 16:58:47",962.5,2,raghavmundhra1
4101,16728460,oh-Artistburger-AHA-TastyMeat!,"2026-08-16 11:54:46",961.7,1,akikukeo1
4102,16703099,GansPiro,"2026-08-13 18:34:26",960.9,2,ganspiro
4103,16657494,Trex,"2026-08-12 14:00:14",960.8,2,trexzone
4104,16667729,"Daniel Wu","2026-08-15 14:35:27",960.1,2,danielwuu
4105,16679767,Salut!,"2026-08-12 21:56:55",959.2,2,denismekhanikov
4106,16664217,Shushantw,"2026-09-09 03:07:56",958.9,2,shushantw
4107,16658097,Sujay,"2026-09-17 06:08:01",957.7,2,sujayprodduturi
4108,16831372,"Hazel caviar","2026-09-05 08:07:40",957.4,2,hazelcaviar
4109,16693159,"Zonglin Han","2026-08-13 17:10:08",957.1,2,zonglinhan
4110,16689389,Chukunder,"2026-09-15 17:24:45",956.8,2,"farbricated,sarikajivrajika"
4111,16738467,EnriFermi,"2026-08-26 23:51:18",956.1,2,enrifermi
4112,16660711,ricardo,"2026-08-15 22:34:26",956.1,2,magania
4113,16682936,"Latifa Riziki","2026-08-12 09:38:13",955.9,2,latifariziki
4114,16889423,ShinChua,"2026-09-14 12:50:22",955.7,1,shinchua
4115,16662846,"Kerem Ercin","2026-08-27 05:44:23",955.2,2,keremercin
4116,16691714,"Wesley Juraschek","2026-08-19 06:07:37",955.1,2,wesleyjuraschek1
4117,16645712,"Changye Li","2026-08-24 06:23:33",955.1,2,antoinegg1
4118,16857894,"Ludwig Agurto Contador","2026-09-12 22:35:55",954.8,2,ludwigagurtocontador
4119,16621735,VN-Orion,"2026-08-21 11:42:27",954.6,2,fastthanh78
4120,16751899,peggy,"2026-09-18 07:48:16",954.1,2,refrigerator21
4121,16665050,"Praneeth Palugula","2026-08-14 06:28:56",953.8,2,praneethpalugula
4122,16635600,"Divyansh Kumar","2026-09-18 10:56:06",953.4,2,"divyanshkumar3,vivekjeetpatel"
4123,16761728,"Vybhav Nath C A","2026-08-30 12:19:48",951.6,2,shadowfax2000
4124,16627995,"Fire Bird","2026-08-11 20:36:45",951.4,2,xuanleekaggle
4125,16663241,"Kris Adamatzky","2026-08-13 09:49:19",951.4,2,krisadamatzky
4126,16655128,"Somasundar V","2026-09-08 20:24:00",950.9,2,somasundarv
4127,16749153,"Arnav Mishra","2026-09-12 05:10:43",950.7,2,arnavmishra02
4128,16732690,なーでぃー牧場,"2026-09-17 04:38:27",950.5,2,nadyresearcher
4129,16701573,"Haggai Musoda","2026-08-17 20:04:00",949.8,2,haggismusoda
4130,16656948,"alexander kern","2026-08-24 18:02:17",949.6,2,alexanderkern
4131,16695376,Garv88,"2026-08-13 12:19:20",949.2,2,garv88
4132,16622034,"Aryan Yadav","2026-08-15 18:49:17",948.9,2,simplexcomplex
4133,16695964,"JiMing Feng","2026-08-17 10:56:45",948.5,2,jimingfeng
4134,16657857,hust_xll,"2026-08-12 05:38:12",948.3,2,hustxll
4135,16700314,Giallar,"2026-08-14 16:45:53",947.8,2,andreykrotkikh
4136,16692090,sans,"2026-08-12 03:14:55",947.8,2,sans6262q
4137,16681749,"rohith vinice","2026-08-11 23:55:16",947.5,2,rohithvinice
4138,16914198,yama,"2026-09-17 18:28:07",946.0,2,y4matt
4139,16687724,Yijue1,"2026-08-11 02:15:05",945.0,2,yijue1
4140,16699659,"Dimas Pasha Akrilian","2026-09-01 01:59:59",945.0,2,dimaspashaakrilian
4141,16655715,Chin,"2026-08-12 06:20:32",945.0,2,qinyukun
4142,16697675,"Isaac Grossman","2026-08-30 23:21:35",944.8,2,kingisaac
4143,16656731,"Muhammad Ali","2026-08-14 06:47:06",944.4,2,sardaralimaqsood
4144,16632146,Haker_Sam,"2026-08-27 10:45:31",944.3,1,hakersam
4145,16676356,"Wander waal","2026-08-11 02:48:56",943.9,2,wanderwaal
4146,16698942,"PRADHAN RS","2026-08-13 18:06:58",943.9,2,pradhanrs
4147,16688436,Zuu3scode,"2026-08-12 15:19:16",943.8,2,zuu3scode
4148,16724779,"Gavin Cao","2026-08-16 09:00:53",943.4,2,gavinxgcao
4149,16697021,Vaishnavi22052006,"2026-08-11 18:43:08",942.6,2,vaishnavi22052006
4150,16781276,"Nikita Greben","2026-09-07 10:55:01",942.5,2,justnik77
4151,16808914,slfmmm,"2026-09-02 11:50:26",942.0,1,slfmmm
4152,16692164,Abdulrahman.su10,"2026-08-11 20:35:39",942.0,1,abdulrahmansu10
4153,16709744,"Emre Bayram","2026-08-14 09:04:57",941.5,2,emrebayram
4154,16665702,"Aman Gupta","2026-09-08 16:26:19",941.3,2,amangupta0014
4155,16635973,"Code by Nadiia","2026-08-31 13:09:44",941.1,2,codebynadiia
4156,16729650,"Tapiwa Makandigona - Zimbabwe21","2026-08-31 11:36:48",940.8,2,mukanya1994
4157,16667052,"Dandan Li","2026-08-15 18:07:17",940.1,2,clcll532x
4158,16673110,"Sri Jayavel K","2026-08-20 08:18:31",939.8,2,srijayavelk
4159,16875777,YinboLiu,"2026-09-17 11:11:46",939.6,2,yinboliu
4160,16705441,CooperJiang,"2026-08-13 06:57:44",939.3,2,gingersna
4161,16663387,Ju,"2026-09-18 19:11:17",939.3,2,juziddd
4162,16811576,Zi,"2026-09-03 01:52:15",939.3,1,kaigaokaigao
4163,16737113,"Sergei Myshianov","2026-08-20 03:24:23",939.2,2,sergeimyshianov
4164,16692138,"Bishwa Thakur","2026-09-05 09:15:47",937.8,2,bishwathakur
4165,16700116,Goldian,"2026-08-21 16:13:40",937.5,2,goldian
4166,16660371,"José Luis Gómezz","2026-08-13 01:37:42",937.3,2,josluisgmezz
4167,16692457,t2better,"2026-08-12 11:56:41",936.8,2,t2better
4168,16655826,KKY,"2026-09-15 01:12:26",936.5,2,evilpsycho42
4169,16896283,"WENBO ZHANG","2026-09-16 08:18:39",935.4,1,wenbozhang2026
4170,16695608,"Elie Elias","2026-09-12 11:11:33",935.2,2,elieelias
4171,16709300,炫酷的小克里斯,"2026-08-19 15:54:28",934.4,2,tinfufans
4172,16745092,zakihiro,"2026-08-21 07:59:39",934.3,2,zakihiro
4173,16655952,"Tianfu Wang (王天夫)","2026-08-12 15:08:12",933.8,2,wangtf96
4174,16774700,たたたた,"2026-09-16 05:24:29",933.6,2,tatatata1111
4175,16693886,spellstriker,"2026-08-12 22:03:20",933.4,2,spellstriker
4176,16708333,"Phạm Vương","2026-08-11 16:17:10",933.1,2,vuongphamqq
4177,16659692,"Hùng Nguyễn Huy (Hiirooo)","2026-08-11 03:47:45",932.9,2,hngnguynhuy
4178,16767528,"Umut Toygar Göz","2026-08-30 13:01:54",932.9,2,umuttoygargoz
4179,16695176,"Zakaria Settar","2026-08-16 21:52:31",932.7,2,zakariasettar
4180,16705584,"Adil Munawar","2026-08-29 21:18:33",932.7,2,adilmunawar
4181,16674649,寿!,"2026-08-12 06:45:37",932.3,1,taka3776toshi
4182,16651331,"Mohamed Saeed","2026-08-11 18:58:08",932.3,2,m0sm71
4183,16640058,"Justin CH123","2026-08-11 09:15:28",932.2,2,justinch123
4184,16690567,"Falih Kaleel","2026-09-13 12:54:08",932.0,2,alphajet185
4185,16663313,onlysmrtsumx,"2026-08-12 01:29:30",932.0,2,onlysmrtsumx
4186,16663919,hnhyhj,"2026-08-13 04:05:56",931.9,2,hnhyhj
4187,16805763,"Masaya Kawamata","2026-09-04 03:39:48",931.4,2,masayakawamata
4188,16662166,duy,"2026-08-31 08:50:51",931.1,2,hduynguyen
4189,16710672,"Yasemin Koç","2026-08-14 05:52:52",930.8,2,yaseminmkoc
4190,16635280,"Narendra Sirvi","2026-08-12 06:43:07",930.6,2,narendras78
4191,16706283,haogood666,"2026-08-11 08:25:40",930.4,1,haogood666
4192,16756925,"Dread Development","2026-09-05 11:38:51",929.2,2,"dreaddevelopment,seanornberg"
4193,16695137,"Samantha Nicole Bracamonte","2026-08-12 00:35:56",929.1,2,snrbracamonte
4194,16696769,"maximo lorenzo y losada","2026-08-12 13:07:35",928.9,2,maximolorenzoylosada
4195,16726948,Stitch,"2026-09-17 11:10:50",928.7,2,mitsuaccessjam
4196,16687594,"Andrew Markley","2026-08-13 01:19:04",928.6,2,andrewmarkley1
4197,16738705,"Atilla Y","2026-09-12 06:51:34",928.0,2,atillay
4198,16689770,"Abdillah Sagif","2026-08-11 10:11:23",928.0,2,abdillahsagif
4199,16670433,"Mohammad Osamah Atif","2026-08-19 08:46:32",927.7,2,osamatif
4200,16692103,HaniJezo,"2026-08-11 20:32:40",927.5,1,hanijezo
4201,16658014,Bharath,"2026-09-18 11:14:12",927.5,2,pes2ug23cs121
4202,16652741,"Sergi Bas","2026-09-18 15:11:30",927.1,2,sergibas
4203,16666733,"Alberto MV","2026-08-10 23:06:33",926.9,2,albertomv
4204,16823736,"Logan Seitz","2026-09-09 15:07:29",926.8,2,loganseitz26
4205,16767164,"yuhan wu","2026-08-26 09:37:53",926.7,2,yuhanwu487
4206,16660333,"Deanos Crew","2026-08-11 13:10:19",926.1,2,jamescole0101
4207,16706004,Divyansh,"2026-08-25 16:38:00",925.7,2,sehgaldivyansh
4208,16691591,"Dheeraj Kumar #3","2026-08-12 04:05:32",925.7,2,kdheeraz
4209,16678638,Loshtradz,"2026-08-26 18:40:35",925.5,2,loshtradz
4210,16684012,ceh,"2026-08-16 04:58:18",925.4,2,emilhessman
4211,16767431,Nine1Eight,"2026-08-24 16:51:12",925.3,1,wethepeople918
4212,16697142,Kujaomega,"2026-08-10 22:13:02",925.1,1,kujaomega
4213,16708573,Benser,"2026-08-15 14:41:24",925.1,2,benser
4214,16669643,"Athenix Kaggriculture","2026-08-24 18:23:54",925.1,2,sdafdsfsdfgdsg
4215,16684075,"Tianfang Li","2026-08-13 14:20:13",925.0,2,tianfangli1
4216,16912040,YUYAN457,"2026-09-18 08:13:27",924.9,2,yuyan457
4217,16660331,A.K.NITHIN,"2026-08-12 12:07:32",924.7,2,aknithin
4218,16704027,"Alan Cai","2026-08-10 22:36:40",924.4,1,alancai27
4219,16627400,"Krasnov Daniil","2026-08-11 06:04:48",922.6,2,daniilkrasnovvv
4220,16676154,"Tuan Tran","2026-08-10 16:29:40",922.5,2,thtuan
4221,16659803,nRuaif,"2026-08-22 02:47:10",922.4,2,phngdoan
4222,16633006,Kaiser,"2026-09-01 06:36:38",922.3,1,kaiserm
4223,16681275,"CUG HeQiao","2026-08-12 09:06:14",922.2,2,cugheqiao
4224,16671666,showtree,"2026-09-02 01:53:55",920.9,2,showtree
4225,16687935,"Sardak Pavel","2026-08-24 11:51:58",920.7,1,bebra3222
4226,16743165,"Chiachii Liang","2026-09-18 17:11:13",920.2,2,chiachiiliang
4227,16668334,Suavemango,"2026-08-12 05:18:03",920.0,2,suavemango
4228,16625615,"Mobeen Fatima","2026-08-28 16:47:17",919.7,2,mobeenfatimah
4229,16701221,"Othman Istaiteh","2026-08-10 13:25:38",919.7,2,istatieh
4230,16680690,MYOUCER,"2026-09-01 01:20:04",919.2,2,myoucer
4231,16681620,wanwanuil,"2026-08-13 12:43:19",919.0,2,wanwanuil
4232,16705370,TS2333,"2026-08-11 03:40:40",919.0,2,ts2333
4233,16733121,saturnliu,"2026-09-10 17:20:24",918.5,2,saturnliu
4234,16672374,"kelly waldeck","2026-08-11 21:07:30",917.9,2,kellywaldeck
4235,16660037,shehai.lrs,"2026-08-11 13:37:32",917.8,2,shehailrs
4236,16631777,KiKi,"2026-09-03 04:27:02",917.5,2,kingkiller2164
4237,16702774,FilipJ,"2026-08-16 18:34:05",917.4,2,filipjarmua
4238,16636004,"Ragunath Ravi","2026-08-11 10:59:07",917.4,2,ragunathravi
4239,16650485,nasu726,"2026-08-13 13:51:20",916.5,2,nasu726
4240,16828106,AG,"2026-09-16 08:23:59",915.8,2,lacroix7771
4241,16661983,"Victor's Team","2026-08-12 12:05:19",915.3,2,"dlordsjustified,jezrealmomoh,joludare,victorokpe"
4242,16684947,Hoaquason,"2026-09-04 08:54:54",915.1,2,"datnguyen0102,mibombaclat"
4243,16767932,"Mark #3","2026-09-18 18:27:26",915.0,2,markdjadchenko
4244,16684163,MohamedFD,"2026-08-13 12:32:47",914.9,2,mohamedfd
4245,16679371,ΛYMΞNRH,"2026-08-11 06:43:55",914.3,2,aymnrh
4246,16809277,"Shuntaro Tanaka","2026-09-11 01:01:20",914.2,2,shuntarotanaka
4247,16692490,"Enes Coşkun","2026-08-11 05:37:38",914.1,2,enscskn
4248,16804961,explise,"2026-09-02 08:13:03",913.9,2,explise
4249,16695501,brocade,"2026-08-15 00:01:12",913.8,2,brocade
4250,16681848,Haraguchi-T,"2026-09-01 09:03:21",913.3,2,haraguchit
4251,16709069,"James Mcquay","2026-08-14 18:05:40",913.2,2,jamesmcquay
4252,16704622,ray,"2026-08-11 16:30:13",912.9,2,rayenezanned
4253,16665058,"Llin Ding","2026-09-01 05:38:32",912.9,2,llinding
4254,16666282,"Bang sion","2026-08-22 10:06:06",912.4,2,bangsioni
4255,16780558,hxrdxk,"2026-08-29 18:36:48",911.5,2,hxrdxk
4256,16659890,"Cu Spoon","2026-08-25 22:02:11",911.5,2,cuspoon
4257,16656316,"Richard Tang","2026-08-11 01:09:34",910.9,2,richardgtang
4258,16633886,mudesteven,"2026-08-16 02:54:25",910.6,2,fastlight2007
4259,16675582,DavidX,"2026-08-11 06:05:18",910.3,2,davidasx
4260,16707993,"Sangita Bannore","2026-08-11 14:33:47",910.1,1,sangitabannore
4261,16666410,"Binil George","2026-08-12 10:40:43",910.1,2,binilg
4262,16728955,"Chris Murphy","2026-09-07 23:33:26",909.8,2,mur418
4263,16644891,yankang_XZK,"2026-09-02 18:29:53",909.6,2,yankang233
4264,16632675,"Baran Kucuk","2026-08-11 15:09:58",909.0,2,barankucuk
4265,16676043,"Tejash Rai","2026-08-14 07:16:01",908.8,2,tejashrai
4266,16677723,"Trip Meiners","2026-08-11 19:26:55",908.6,2,tripmeiners
4267,16687824,"André Dkw","2026-08-10 17:17:25",908.5,2,andrdkw
4268,16682303,"Kapadiya Nirav Kumar","2026-08-18 06:24:30",908.0,2,kapadiyaniravkumar
4269,16770777,"Oscar Legoupil","2026-09-09 15:43:18",907.9,2,oscarlegoupil
4270,16667233,EdGy2k,"2026-08-10 10:41:12",907.8,2,edgy2k
4271,16729863,Monkeyzl,"2026-08-22 20:02:21",907.4,2,monkeyzl
4272,16817309,"TeddyDog Lovely","2026-09-03 10:44:15",907.4,2,teddydoglovely
4273,16688136,"Armanzhan Ayan","2026-08-11 16:49:36",907.1,2,armanzhanayan
4274,16691275,"Muhiminul Islam   Mahim","2026-08-12 10:04:35",907.0,2,muhiminulislammahim
4275,16745059,mekduy,"2026-08-29 11:42:07",906.9,2,mekduy
4276,16700630,apoyusiken,"2026-08-12 06:10:52",906.7,2,umutarpay
4277,16652904,TonightIsOver,"2026-09-07 04:41:27",906.0,2,tonightisover
4278,16632579,ZZfancy,"2026-08-11 12:04:42",905.7,2,zzfancy
4279,16656691,"Sahaj Deep Singh","2026-08-12 01:39:36",905.5,2,sahajdeepsingh9877
4280,16712651,riicon,"2026-09-13 14:18:39",905.3,2,risakashiwabara
4281,16663649,"Akhil Chinta","2026-09-18 01:00:42",905.2,2,akhilchinta1505
4282,16659662,MOHSIN525,"2026-09-01 15:43:49",905.2,2,mohsin525
4283,16707584,sadatch,"2026-08-13 05:18:28",905.0,2,sadatch
4284,16692110,"Ahmed Khudair","2026-08-11 22:33:06",904.5,1,ahmedkhudair121
4285,16639476,耶✌,"2026-08-30 19:52:36",904.3,1,qifeihhh666
4286,16688265,"Kyle #2","2026-08-11 01:51:35",904.2,2,georgeturbo
4287,16679519,"Петьо Лазаров","2026-08-10 22:30:35",903.9,2,pesosz
4288,16656709,"Anh-Vu Mai-Nguyen","2026-09-18 18:53:17",903.8,2,mainguyenanhvu
4289,16736816,LLE,"2026-08-22 16:50:40",903.7,2,"rajaditya01,saiash"
4290,16657091,raw2clean,"2026-08-12 08:12:12",903.4,2,raw2clean
4291,16702482,"Carlos Navarro","2026-08-14 05:26:26",903.1,2,navarr0
4292,16624088,Pomiro,"2026-08-11 04:41:24",903.0,2,pomiro
4293,16806886,dreamtear,"2026-09-02 05:55:56",903.0,1,mohanzeng
4294,16730449,"Shinichiro Yoshida","2026-09-08 00:32:56",902.8,2,sysd00
4295,16793275,"Biao Cao","2026-08-30 13:44:48",901.3,1,biaocao398
4296,16701466,"HELIOS reasonning","2026-08-11 22:38:55",901.1,2,heliosreasonning
4297,16790115,Starumi,"2026-08-31 00:39:22",900.8,2,starumi
4298,16664481,"Siddhu Jaykay","2026-08-12 14:02:29",900.6,2,siddhujaykay
4299,16658487,radozaprazny,"2026-09-12 14:09:06",900.5,2,radozaprazny
4300,16706315,"Desert Fox88","2026-08-11 12:02:03",900.4,2,desertfox88
4301,16709473,"Selahattin Günter","2026-08-23 14:07:42",900.4,2,selahattingnter
4302,16786082,"Noberto Frota","2026-08-29 00:40:42",900.4,1,nobertofrota
4303,16672579,"Udbhaw Anand","2026-08-22 13:15:18",900.2,2,udbhawanand
4304,16830784,栀蓝thy,"2026-09-15 10:03:44",900.2,2,tianhaoyuan86
4305,16654122,"Peter Thompson","2026-08-10 17:59:36",899.8,2,mightytreefolk
4306,16726422,"Praveen Kumar","2026-08-29 11:25:55",899.7,2,pankajrepswal
4307,16624625,"Harsha Vardhan","2026-08-10 07:33:35",899.5,2,harshacode101
4308,16656181,Vishwa,"2026-08-11 05:46:58",899.3,2,rv1922
4309,16839972,"Yusuf Lee","2026-09-05 15:16:20",899.3,1,yusuflee
4310,16719551,JamesYip7,"2026-08-20 10:24:50",899.2,2,jamesyip7
4311,16667124,"Chaotic Era","2026-08-12 01:26:13",899.1,2,sani84
4312,16635238,"Tai Tien Ta","2026-09-03 03:25:55",898.8,2,tittin
4313,16669494,"Abdullah Razi","2026-09-03 18:39:36",898.6,2,abdullahroninrazi
4314,16793134,sawasawasawa,"2026-09-07 09:06:57",898.0,2,yukisawamura
4315,16705192,"John Ogah","2026-08-16 03:54:21",897.5,2,johnogah
4316,16663820,taka,"2026-09-16 22:06:10",897.0,2,takaakiishi
4317,16661754,edwinis,"2026-09-18 10:41:06",896.6,2,edwinis
4318,16688808,"Niranjan Nakkala","2026-08-11 12:26:14",896.5,1,niranjanmudhiraj
4319,16695903,cerensukaramese,"2026-08-14 09:18:05",896.3,2,cerensukaramese
4320,16737482,Lindicaphxag,"2026-08-27 03:41:59",895.5,2,oblivicore
4321,16696608,beanbamboozled,"2026-08-10 10:45:19",895.5,2,beanbamboozled
4322,16662213,"Yang Zong-Yu phD","2026-09-04 17:15:32",895.2,2,yangzongyuphd
4323,16655693,DePie,"2026-08-10 08:01:37",894.6,2,phucthaiv02
4324,16653153,Gbining,"2026-08-09 12:21:06",894.5,2,gbining
4325,16768644,Momoko,"2026-08-25 03:22:50",894.3,1,yangmengyuanmomoko
4326,16729800,"Alchemical Retard.","2026-08-20 07:28:07",894.1,2,alchemicalretard
4327,16643233,"Marco DG","2026-08-11 06:20:14",893.9,2,marcodg
4328,16760247,kriskur123,"2026-09-15 14:23:38",893.5,2,kriskur123
4329,16850522,WayneCheng,"2026-09-08 08:07:59",893.3,2,taffy1883
4330,16737702,"kaneko takafumi","2026-09-17 15:06:58",891.5,2,kanekotakafumi
4331,16762837,Nagamatsur,"2026-09-17 12:24:55",891.0,2,rihitonagamatsu
4332,16698735,Larfii,"2026-08-21 18:01:02",890.8,2,larfii
4333,16639496,"Sai Teja Bandaru","2026-08-11 14:51:49",890.7,2,saitejabandaruin
4334,16655686,Kyle,"2026-09-17 12:35:44",890.6,2,kylezhouzhou
4335,16724233,"Rafal Porwol","2026-09-16 16:48:33",890.3,2,rafalporwol
4336,16667731,"Agent 33","2026-08-28 13:20:28",890.0,2,agent33
4337,16711204,"harden james","2026-08-12 08:00:14",889.7,1,ffusername
4338,16696644,"Franklin T","2026-09-13 07:17:43",889.5,2,franklin0410
4339,16732140,Miaa1526,"2026-08-24 08:58:42",889.3,2,miaa1526
4340,16658044,"Roshan Singh","2026-08-22 08:47:57",889.3,2,roshanavadheshsingh
4341,16657429,"xiao cat q","2026-08-12 01:41:13",889.2,2,xiaocatq
4342,16713031,"Nahid Hossain Redom","2026-08-13 15:38:30",888.6,2,nahidhossainredom
4343,16758244,yumizu,"2026-09-15 00:47:05",888.5,2,yumizzzz
4344,16692678,Nerozud,"2026-09-10 07:36:41",888.1,2,"lorerubiano22,nerozud"
4345,16736429,Rudra278,"2026-08-18 12:07:42",887.8,1,rudra278
4346,16673097,"Sonu Kushwaha","2026-09-01 11:10:15",887.8,2,sonukushwaha124
4347,16808116,WWAWW,"2026-09-15 03:47:37",887.5,2,masatowaragai
4348,16640869,taijunhao,"2026-08-12 10:26:30",887.3,2,taijunhao
4349,16669778,UknesIruka,"2026-09-18 18:30:56",886.9,2,uknesiruka
4350,16667994,"Zhian Wei","2026-09-11 06:57:54",886.5,2,zh1anwe1
4351,16731924,CuddleYokai,"2026-08-19 10:57:11",886.5,2,cuddleyokai
4352,16662653,"Jordan Schaeffer","2026-09-09 01:49:11",886.3,2,jordanmschaeffer
4353,16661093,"INDRAJIT SWAIN","2026-08-15 13:23:37",886.2,2,indrajitswain
4354,16892314,"Akshay #3","2026-09-18 17:45:19",886.2,2,akshay1301
4355,16623461,MightyK,"2026-08-09 05:36:23",885.6,2,anhhkhoi
4356,16652849,Hejunhui,"2026-08-16 14:15:29",885.3,2,website98
4357,16784719,"Ayush Shekhar","2026-09-07 13:23:45",884.8,2,ayushshekhar56
4358,16660911,"Animesh Ratna","2026-08-23 22:01:35",884.6,2,animeshratna
4359,16644378,"hicham bedrani","2026-08-28 11:33:17",884.3,2,hichambedrani
4360,16662712,"Roman Stupin","2026-08-27 23:52:01",882.4,2,rcnegby
4361,16658746,marinxbt,"2026-09-11 14:18:24",882.2,2,marinxbt
4362,16660479,"Lakhindar Pal","2026-08-31 13:26:49",881.9,1,lakhindarpal
4363,16672075,"Kameron Green","2026-08-11 05:49:32",881.5,2,hgenix20
4364,16638998,"khalid harouach","2026-09-17 13:32:02",880.4,2,khalidharouach
4365,16684639,Bru3ll,"2026-08-09 15:50:45",879.3,2,bru3ll
4366,16674744,"Burhan Ul Tayyab","2026-08-10 10:55:43",878.9,2,babychick
4367,16688579,"Long Hu","2026-08-09 09:41:04",878.9,1,longhul
4368,16660594,XIAODOUZI,"2026-08-17 12:06:50",877.4,2,xiaodouzi666
4369,16671837,"Ronald K Wilson ","2026-08-28 13:09:38",877.1,2,ronaldkwilson
4370,16654322,"Debatreya Biswas","2026-08-10 02:02:38",875.8,2,debatreyabiswas
4371,16653262,"tianwen zhang1","2026-08-08 16:21:18",875.5,2,tianwenzhang1
4372,16709905,Rospel,"2026-09-15 04:52:59",875.4,2,rospel
4373,16639236,"Dhavan Shah","2026-08-12 18:20:38",874.9,2,dhavanshah99
4374,16696852,MYGEMER,"2026-08-09 15:43:13",874.5,1,mygemer
4375,16695799,Vaycheslav,"2026-09-13 14:04:41",874.5,2,vaycheslav
4376,16780967,"black hole sun","2026-09-01 02:25:21",874.5,2,danielefiorino
4377,16676275,Scorpi,"2026-08-12 01:34:25",873.9,2,scorpi
4378,16754552,Touyu,"2026-09-18 10:38:15",873.7,2,yutoaoki
4379,16670202,"Elizabeth Park","2026-08-09 20:33:17",873.5,2,elizabethpark
4380,16659610,gareeb,"2026-08-10 15:46:50",873.1,2,"arjund29,saqlainsqx,yashawl194"
4381,16675305,"Justin Sabu Sebastian","2026-08-22 23:19:57",873.0,2,justinsabusebastian
4382,16725680,henri66,"2026-08-15 21:09:47",872.6,2,henri665
4383,16815105,"Saurav Chaudhari","2026-09-03 08:46:53",872.5,2,saur3x
4384,16657598,"Arun Mallikarjuna","2026-08-10 04:29:14",872.5,2,arunmallikarjuna
4385,16761975,lixiuqixiaoke,"2026-08-26 09:59:11",872.2,2,lixiuqixiaoke
4386,16685743,"Alex Oranov","2026-08-28 19:30:54",871.9,2,aoranov
4387,16659585,"Anas Riaz","2026-08-08 20:20:23",871.8,2,anasriaz
4388,16689471,wenjinyang,"2026-08-11 13:32:09",871.6,2,wenjinyang
4389,16724895,russ,"2026-08-19 08:55:30",871.1,2,mdevian
4390,16672371,Loren-wen,"2026-08-09 13:23:49",870.9,2,wofusituerte
4391,16699784,nianyu,"2026-08-10 09:46:32",870.8,2,nianyuc
4392,16845514,"Long Fang","2026-09-17 08:02:56",870.6,2,fanglong
4393,16749776,DataLover,"2026-08-20 16:34:37",870.5,1,paulknidler
4394,16676025,"Csaba József","2026-08-31 19:31:00",869.9,2,"jcsaba,peterkiss4"
4395,16848546,"TaoMark Tao","2026-09-18 15:38:43",869.8,2,taomarktao
4396,16644150,"J.M.Mubasshir Rahman","2026-08-09 17:15:01",868.9,2,jmmubasshirrahman
4397,16622487,"Sam kramer_1028","2026-08-18 09:40:58",868.8,2,samkramer1028
4398,16674353,"Lakshmanan R","2026-09-02 06:32:53",868.6,2,lakshmanankumar02
4399,16870350,praneethb7,"2026-09-11 08:50:53",868.4,1,praneethbudati
4400,16668758,"Aman Vishwakarma","2026-08-09 17:33:00",867.9,2,amanvishwakarma01
4401,16904681,yzhaolabs,"2026-09-17 16:08:59",867.5,1,zhaoyuanzhen
4402,16675752,"Simon Rüba","2026-08-10 14:23:16",867.2,2,simonrba
4403,16726173,"Aman Bihari","2026-08-23 12:51:05",866.5,2,amanbihari
4404,16732679,argon,"2026-08-19 08:32:47",866.3,2,argonlabs
4405,16663780,"Hamza Kanice","2026-08-09 00:08:11",865.8,2,hamzakanice
4406,16664179,animelonerboy,"2026-08-09 15:52:55",865.7,2,adambasa5
4407,16674881,"Saisree Dhanasekaran","2026-08-20 08:09:07",865.5,2,saisreedhanasekaran
4408,16914530,"zhaorui chen","2026-09-18 02:30:07",864.9,2,zhaoruichen
4409,16763706,断罪の孤高の神・大宇宙草莓覇皇,"2026-09-18 19:17:36",864.9,2,qilejiang76
4410,16631101,"Muneeb ul Hassan","2026-08-10 09:56:41",864.8,2,muneeb2405
4411,16655323,roma,"2026-08-09 19:49:51",864.8,2,mnroma
4412,16663668,"╰┈➤ˎˊ˗ www.sleepyai.org","2026-08-08 23:49:32",864.7,2,tahsinarafat
4413,16665500,"Madan kumar","2026-08-13 17:31:57",863.9,2,winklemad
4414,16891579,"chengxuan yang","2026-09-18 07:43:19",863.9,2,chengxuanyang
4415,16694065,zhangwei02,"2026-08-30 09:29:12",863.6,2,zhangwei02
4416,16663928,Auxileon,"2026-08-09 16:20:13",863.2,2,auxileon
4417,16692469,neoistheone,"2026-08-08 18:38:13",862.8,1,neoistheone
4418,16666632,to1_10i,"2026-08-19 20:27:42",862.8,2,to110i
4419,16694744,XiaoZhiren,"2026-08-10 13:03:56",862.7,2,"ruikangan,xiaozhiren"
4420,16702909,SG4265,"2026-09-07 21:14:54",862.3,2,sg4265
4421,16904566,Athnnna,"2026-09-17 03:04:04",861.8,2,athnnna
4422,16683982,Kenny,"2026-08-16 19:43:13",861.7,2,kmonar
4423,16762494,西松大祐,"2026-09-16 02:57:48",861.3,2,wep212
4424,16722500,"Mike Murunov","2026-08-16 15:18:17",861.2,2,mikhailmurunov
4425,16658173,Tamizharuvi,"2026-09-18 18:13:55",861.0,2,tamizh1
4426,16656296,Fususu,"2026-09-05 04:32:44",860.3,2,phuongncn
4427,16684852,後藤将斗,"2026-08-24 14:51:20",860.1,2,masato09
4428,16756592,"Abdalrahman Eissa","2026-08-23 23:43:11",859.1,2,abdalrahmaneissa
4429,16672660,"Straw Hat","2026-08-11 06:14:47",858.9,2,"anuragugargol,tanishafagare114"
4430,16645078,"A Aswanth Raj","2026-08-09 08:57:36",858.8,2,aaswanthraj
4431,16847456,waHAHA,"2026-09-07 09:53:07",858.7,1,wangshen1994
4432,16658875,"Noah Bishop","2026-08-10 09:56:34",858.7,2,noahbishop1
4433,16623034,"Vlad Kochetov","2026-08-10 21:43:51",858.3,2,vladkochetov07
4434,16705440,Lannuo,"2026-09-18 08:02:04",858.3,2,lannuo
4435,16661899,AAI,"2026-08-09 14:23:08",858.3,2,aiolapo
4436,16660395,ljx59141421,"2026-08-12 01:27:08",857.4,2,ljx59141421
4437,16772977,mr_agent_rrr,"2026-09-17 18:20:08",856.0,2,mragentrrr
4438,16879949,"Du Yutong","2026-09-18 04:22:36",855.7,2,duyutong6
4439,16734498,kazuhiro3381,"2026-09-12 14:08:42",855.7,2,kazuhiro3381
4440,16905921,关注塔菲喵,"2026-09-16 16:11:46",855.7,2,zuberi05
4441,16655210,Amon,"2026-08-16 06:09:04",855.5,2,kingaemon
4442,16635518,"ROFIQUL ALAM SHEHAB","2026-08-09 11:49:00",855.4,2,rofiqulalamshehab
4443,16890073,risottoolive,"2026-09-18 13:12:40",855.4,2,risottoolive
4444,16665976,"Daksh Goyal","2026-08-08 20:36:06",855.3,2,dakshgoyal387
4445,16683036,"Ritesh Thawkar","2026-08-14 08:34:08",855.2,2,riteshthawkar
4446,16662718,xlnt,"2026-08-22 12:37:49",854.7,2,"princebisht,xlnt404"
4447,16811703,"Han Wang","2026-09-17 03:09:40",854.1,2,hanwang666
4448,16807134,"Chaowei Liang","2026-09-09 01:53:25",854.1,2,chaoweiliang
4449,16692883,coolguy,"2026-08-08 20:56:21",853.9,1,vihangpagare334
4450,16692970,LakoMoor,"2026-08-09 17:43:25",852.4,2,lakomoor
4451,16845420,"Terrance Luangrath","2026-09-08 05:41:53",852.2,2,tksluangrath
4452,16713590,"Александр Арутюнян","2026-08-13 05:20:18",851.7,2,alexarut17
4453,16920167,"Jack Deng","2026-09-18 10:40:21",851.3,2,jackdeng123
4454,16660653,kanchana's,"2026-09-15 17:34:54",850.4,2,"saikanchana,yuvarajkanchana"
4455,16693374,"Henfry De Los Santos","2026-08-12 11:43:51",850.3,2,henfrydelossantos
4456,16652827,"Rob C","2026-08-14 03:04:30",850.0,2,robertcheah
4457,16695182,"Ali Haydar Özdağ","2026-08-10 14:29:59",849.9,2,ahoirg
4458,16661249,Yaohui,"2026-08-26 14:59:02",849.6,2,yaohui85
4459,16904529,"Zhihao Weng","2026-09-17 16:05:23",849.4,2,zhihaoweng
4460,16878695,"Yang Lv","2026-09-15 13:56:56",848.7,2,lvyang199888
4461,16854347,"Arul Gandhi","2026-09-12 10:19:13",848.5,2,arulgandhi
4462,16664409,"Kathi Munishwar","2026-08-09 03:37:05",848.3,1,kathimunishwar
4463,16734490,Tomeiser,"2026-09-15 23:43:23",847.8,2,tomeiser
4464,16623485,XtraLearning,"2026-08-09 17:10:36",847.3,2,xcessivesmash
4465,16672980,"Thomas Prinz","2026-08-09 13:57:51",847.3,2,xardiphotography
4466,16910441,"Guanchao Sun","2026-09-18 02:28:49",847.1,2,guanchaosun
4467,16623189,"Aditya Mishra","2026-08-09 03:42:06",846.9,2,adityamishranika
4468,16685116,huanghaoyu7280,"2026-09-11 10:00:17",846.9,2,huanghaoyu7280
4469,16679347,"Youssef EL MSIYAH","2026-08-09 12:07:55",846.3,2,youssefelmsiyah
4470,16630372,Q.qlmmm,"2026-08-24 18:25:02",846.3,2,qlammi
4471,16915820,CjzmFeng,"2026-09-17 16:08:19",846.3,2,cjzmfeng
4472,16746592,Harvester,"2026-08-21 13:57:05",845.7,2,yudhis16
4473,16811685,benhur0905,"2026-09-18 11:55:19",845.2,2,benhur0905
4474,16635330,tekatoncat,"2026-08-16 23:42:10",845.1,2,tekatoncat
4475,16728633,draven,"2026-09-12 07:35:01",845.1,2,ustchx
4476,16685828,Ztr0,"2026-08-09 05:53:10",845.0,2,y1amadeus
4477,16841868,彭文龙,"2026-09-14 02:41:28",844.5,2,pengwenlong
4478,16760101,"Big Moo","2026-08-25 00:52:06",844.4,2,abdullahramadan1
4479,16660430,"Hassaan Ibrahim","2026-08-10 12:45:55",844.1,2,hassaanibrahim
4480,16653984,"Howard Lyu","2026-08-08 18:35:00",844.1,2,howardlyu
4481,16676038,"Adyanth M","2026-08-09 05:12:40",843.9,2,adyanthm
4482,16672247,"Movie Watch2022","2026-08-18 19:48:12",843.8,2,moviewatch2022
4483,16799997,Yitao111,"2026-09-18 03:23:08",843.7,2,yitao111
4484,16624485,"Nishant Dahal","2026-08-10 02:24:42",843.5,2,nishantdahal
4485,16659618,"Jeevan Jolly","2026-08-13 13:51:52",843.4,2,jeevanjolly
4486,16833052,"we lose some 🏆","2026-09-10 16:11:54",842.9,2,sayangoswami
4487,16845557,lh123463,"2026-09-17 03:16:15",842.8,2,lh123463
4488,16888071,lawjkj,"2026-09-18 02:09:35",842.7,2,lawjkj
4489,16660101,Zarathustra,"2026-08-12 02:48:18",842.5,2,rezkyadytama
4490,16711725,meatori-nu,"2026-09-05 13:40:48",842.3,2,meatorinu
4491,16680646,Naym0425,"2026-08-14 04:20:36",841.3,2,naym0425
4492,16698071,nixotrix,"2026-09-07 21:16:50",840.9,2,nixotrix
4493,16661707,"Rudolf HOUNLETE","2026-08-09 11:41:08",840.8,2,queystanle
4494,16698467,"Ra'uf Fauzan Rambe","2026-08-10 04:29:13",840.7,2,rauffauzanrambe
4495,16789865,AgroByte-dev,"2026-09-02 14:39:25",840.6,2,ylyasyylkybayev
4496,16655567,Heisnotanimposter,"2026-09-04 07:23:21",839.8,2,test013
4497,16840819,clammpon,"2026-09-15 15:09:27",839.5,2,clammpon
4498,16670545,"Mouad AIT HA","2026-08-18 20:03:55",839.3,2,mo0103
4499,16641535,Tutti,"2026-09-06 15:16:23",839.2,2,malk271828
4500,16885336,"Hanya Zhang","2026-09-16 04:43:29",838.3,2,hanyazhang
4501,16891841,thx123456121,"2026-09-18 14:34:26",838.1,2,thx123456121
4502,16857505,"DL Loz","2026-09-11 00:43:18",837.9,2,dllogic
4503,16847663,Kanny912,"2026-09-13 02:43:55",837.5,2,kanny912
4504,16662161,"Touhidul Alam Seyam","2026-08-10 12:39:51",837.5,2,seyamalam
4505,16795676,cold_star,"2026-09-04 03:54:22",837.5,1,a406161167
4506,16904592,YuanQinYi,"2026-09-17 03:04:45",837.4,2,yuanqinyi
4507,16890366,lachesism,"2026-09-18 15:10:02",837.4,2,lachesism
4508,16639645,RamenBoy,"2026-09-08 14:38:35",837.1,2,ramenboyjapan
4509,16659958,brainpick,"2026-08-24 21:54:50",837.1,2,prathvirajpalekar
4510,16921259,Gongshuai,"2026-09-18 14:54:40",836.9,2,dorags
4511,16904394,Sylvia47,"2026-09-18 04:16:08",836.8,2,sylvia47
4512,16667219,"Komil Parmar","2026-08-08 10:00:55",835.7,2,komilparmar
4513,16671174,Alexandre008,"2026-08-09 12:29:49",835.7,2,alexandre008
4514,16662592,"Vladislav Yushkevich","2026-08-09 14:54:24",835.6,2,"crazyflyingsheep,vladislavyushkevich"
4515,16661100,"Muhammad Junaid","2026-09-06 21:24:50",835.6,2,junaid512
4516,16655497,cszf_first,"2026-08-09 02:06:46",835.5,2,cszffirst
4517,16694317,"PRITIKA SA","2026-08-09 07:17:19",835.2,2,pritikasa
4518,16667245,"KAIWALYA RAUT","2026-08-09 09:04:25",834.7,2,kaiwalyaatulraut
4519,16671844,I2nfinit3y,"2026-08-07 02:27:10",834.5,2,i2nfinit3y
4520,16830079,"Quan Vu","2026-09-04 11:35:57",833.0,2,quan0095
4521,16664283,"Nguyễn Hữu Công","2026-08-07 05:24:48",833.0,2,nguynhucng
4522,16884751,PSTE,"2026-09-16 04:26:04",832.2,2,"idcode,pychat,regularl2,tokenrank"
4523,16857636,"Adura Sia","2026-09-13 02:24:43",832.1,2,"bitsmini,corebase,llmrun,opsneo"
4524,16667091,"Nico Feiler","2026-08-07 14:27:47",831.8,2,nicofeiler
4525,16857723,"Denise Mo","2026-09-13 02:30:07",831.2,2,"clipcode,daskrank,maskgen,nnmerge,opscfg"
4526,16683909,"Krzysztof ""Chris"" Karaszewski","2026-08-14 08:41:11",830.6,2,futureofworkchannel
4527,16840254,"Alexander Liu","2026-09-17 21:15:31",830.5,2,alexanderzhiyuanliu
4528,16732008,"Phoebe Lin","2026-09-05 01:05:06",830.2,2,phoebe0511
4529,16679683,Aberrchan,"2026-08-08 17:44:32",830.2,2,aberrchan
4530,16658278,"Malcolm Durosaye","2026-09-17 12:31:05",829.5,2,malcolm95
4531,16663457,Furqan102102,"2026-08-09 12:02:35",829.3,2,furqan102102
4532,16857685,"waves wang","2026-09-13 02:25:51",829.3,2,"cliwave,cyberpsi,hyperacc"
4533,16919136,"Xinye Li","2026-09-18 07:39:29",829.0,2,lxinye09
4534,16847300,"Lam PayGi","2026-09-08 02:02:17",828.9,2,lampaygi
4535,16857488,THFuller,"2026-09-10 03:13:42",828.8,2,neoist
4536,16665935,eternitywinner,"2026-08-08 14:41:53",828.6,2,eternitywinner
4537,16658789,Zhanpeng.W,"2026-08-08 10:05:26",827.6,2,zhanpengw
4538,16917996,huzhenyi,"2026-09-18 03:08:53",827.4,2,huzhenyi
4539,16773448,"Qamar usman","2026-09-18 17:12:30",827.4,2,qamarmath
4540,16688898,"Sanskar Omar","2026-08-09 11:10:44",827.3,2,sanskaromar7
4541,16857621,"yunwen shen","2026-09-12 01:24:42",827.2,2,"cudastack,dlbyte,dsbeta"
4542,16857762,zetaex,"2026-09-13 02:32:06",827.1,2,"cvcost,fluxdev,lossvis,zetaex"
4543,16904666,"Feng ZhouQi","2026-09-18 15:33:18",826.8,2,fengzq777
4544,16660613,今日洗澡明日香,"2026-08-07 09:58:49",826.8,2,"jasperkag,ryjiang,timmengzh,yningc"
4545,16675753,Khafidin,"2026-08-12 05:16:26",826.7,2,khafidin
4546,16639583,typeIIIfairy,"2026-09-10 10:11:22",826.5,2,typeiiifairy
4547,16643193,"Shoroogh Ahmadi","2026-08-13 10:36:43",826.5,2,shorooghahmadi
4548,16660259,Marcus,"2026-08-08 17:23:34",826.2,2,marcuseno
4549,16694751,im_justmatthew,"2026-08-10 11:27:00",825.8,2,imjustmatthew
4550,16671314,"Robot Farm","2026-08-29 16:54:23",825.0,2,codearranger
4551,16670361,"Saud Saudesen","2026-08-15 22:16:42",824.9,2,saudsaudesen
4552,16690897,"Ashok Kumar Garain","2026-08-08 13:26:11",824.5,1,ashokkumargarain
4553,16854523,"Mingsi Guo","2026-09-16 12:01:04",824.3,2,mingsiguo
4554,16760841,KIsXcl,"2026-08-24 14:34:11",824.1,2,kisxcl
4555,16660120,gktdgktdgktd,"2026-08-07 07:50:45",824.0,2,gktdgktdgktd
4556,16835621,"Atharv Santosh","2026-09-05 02:49:27",823.6,1,atharvsantosh
4557,16660385,"Jose Santiago Echevarria","2026-08-25 12:02:45",823.0,2,jmsechevarria
4558,16866974,"Haoyang David Dong","2026-09-15 02:51:03",822.4,2,haoyangdaviddong
4559,16670406,"jessica jennifer","2026-08-20 15:55:41",822.2,2,jessicajennifer
4560,16671403,"Alex Karpowicz","2026-08-08 18:36:52",822.1,2,alexkarpowicz
4561,16630249,"Aymar Avohoueme","2026-08-20 10:22:33",821.7,2,aymaravohoueme
4562,16669930,"Ilya Klimanov","2026-08-25 13:30:13",821.6,2,ilyaklimanov
4563,16866155,gomamonaka,"2026-09-12 10:10:10",821.1,2,gomamonaka
4564,16854059,"Gökmen KÜÇÜKAYDIN","2026-09-17 12:13:40",820.8,2,gkmenkkaydin
4565,16661739,"Spandan Mhapsekar","2026-08-08 10:39:41",820.6,2,spandanmhapsekar
4566,16624003,weedfarmer,"2026-08-08 05:34:16",820.6,2,aleksanderhan
4567,16655156,"Pranjal Ranjan","2026-08-06 23:58:43",820.1,2,pranjalranjan299
4568,16731259,"Manvik singh rathore","2026-08-30 17:18:55",818.6,2,manviksinghrathore
4569,16639125,"Caio Coelho","2026-08-09 15:38:12",818.3,2,caio41
4570,16667479,"Leon Christians","2026-09-13 17:12:37",818.0,2,leonchristians
4571,16633043,"Ryan Adams","2026-09-08 23:48:54",817.8,2,ryanadamsai
4572,16884814,"Stcey Cong","2026-09-16 04:30:33",817.6,2,"loopide,mapmicro,modelkit"
4573,16677399,lyts,"2026-09-13 19:17:03",816.9,2,lytsyyds
4574,16664242,"Alex Lee","2026-08-11 03:43:12",816.6,2,aiexanderr
4575,16644552,Keanan,"2026-08-08 11:35:17",816.5,2,citerne
4576,16680075,I_luv_magick,"2026-08-07 09:50:30",816.3,2,iluvmagick
4577,16792989,ALKRIS,"2026-08-31 14:35:26",816.0,2,wasimjbuh
4578,16690889,"B A S E L #","2026-08-08 14:47:22",815.9,2,basselll
4579,16908623,42,"2026-09-18 19:02:57",815.2,2,"ffy208,kefeiyan"
4580,16634174,phibkro,"2026-08-07 03:10:52",815.2,2,phibkro
4581,16684568,"[ODS] waniz","2026-08-08 11:04:42",815.2,1,wanizz
4582,16665230,"Jack Burley","2026-09-04 21:01:15",814.5,2,jackburley
4583,16657989,"vishnu gopal P","2026-08-08 12:27:56",814.3,2,vishnugp
4584,16661132,"Jia Chen","2026-09-10 20:04:02",814.3,2,jiachenjasper
4585,16881928,"Saad Khan","2026-09-18 07:00:00",813.5,2,saadlohani
4586,16681226,"tingting shen","2026-08-10 09:24:23",813.5,2,tingtingshen99
4587,16673179,"Muhammad Faraz Aftab","2026-08-09 10:18:58",813.3,2,muhammadfarazaftab
4588,16639606,Peach2587,"2026-08-12 03:19:13",813.1,2,momokayoshioka
4589,16653208,FabienDaniel,"2026-08-07 10:17:38",813.0,2,fabiendaniel
4590,16672629,"Alex Boyd","2026-09-06 15:37:19",813.0,2,alexrayboyd
4591,16692677,"Ashish Dubey","2026-08-10 06:17:34",812.9,2,ashish124536
4592,16663569,XYZ,"2026-09-06 00:11:35",812.2,2,h249748fkv7lyhik897
4593,16720234,Aditya109,"2026-09-08 05:20:00",812.1,2,"aditya109,tathagattyger"
4594,16736559,"Team Rot-Weiß","2026-08-19 13:22:35",811.6,2,moritzpaal
4595,16666358,"GAYATHRI SALINI","2026-08-07 07:55:26",811.4,2,gayathrisalini09
4596,16654626,bgsszsa,"2026-08-07 12:01:33",811.2,2,bgsszsa
4597,16640332,"ning gu","2026-08-21 00:01:22",811.0,2,morninggu
4598,16670221,fle3n,"2026-08-08 19:48:37",810.8,2,fleongg
4599,16679848,Nikola010,"2026-08-13 16:29:19",810.7,2,nikola010
4600,16670058,"Dahoui Alex Armel ","2026-08-07 01:02:07",810.4,2,dahouialexarmel
4601,16653117,"li jiaqi77","2026-08-07 05:32:06",809.5,2,lijiaqi77
4602,16664666,"Rheal Thomas","2026-08-21 19:29:44",809.4,2,rhealthomas
4603,16684762,X-xuhui,"2026-08-08 10:07:58",809.4,2,xxuhui
4604,16722341,"Pham Huu Bao Chung","2026-09-16 08:57:18",809.1,2,phamhuubaochung
4605,16668034,ggggalaxy,"2026-08-28 04:56:40",808.9,2,ggggalaxy
4606,16669608,"Jesy Lu","2026-08-13 16:21:53",808.8,2,jesylu
4607,16654623,"Asher Goldstein","2026-08-09 17:54:27",808.5,2,ashergoldsteincd21
4608,16869317,Pikachuexeallen,"2026-09-12 19:46:36",808.3,2,pikachuexeallen
4609,16664827,"Jose Miguel Diez de la Lastra","2026-08-07 16:08:49",807.8,2,josemigueldiez
4610,16758431,"Mathews Jere","2026-08-26 18:10:25",807.5,2,mathewjere
4611,16854074,yudai_000111,"2026-09-18 11:04:39",807.4,2,yudai000111
4612,16665529,Venneth,"2026-08-08 12:32:20",807.3,2,venneth
4613,16907268,"Ilya Fedorov","2026-09-18 14:58:00",807.2,2,sorrow321
4614,16671372,"Meet Sabhaya","2026-08-08 06:02:13",806.4,2,meetsabhaya
4615,16686843,"Juraj Zelman","2026-08-09 08:40:09",806.2,2,jurajzelman
4616,16742442,"Anton Dugin","2026-08-21 09:51:07",806.2,2,antondugin
4617,16685990,VictorAndrew,"2026-09-05 22:20:04",806.2,2,vicktvr
4618,16666946,pwxc00,"2026-09-08 20:49:33",805.7,2,alert04
4619,16678506,SireeshLimbu,"2026-08-08 08:39:43",805.5,2,sireesh
4620,16729165,コーラ,"2026-08-23 07:30:40",805.4,2,cola0912
4621,16670117,"Raj Aryan","2026-08-07 18:15:04",805.4,2,rajaryan2503
4622,16673002,xubenzheng,"2026-08-07 15:40:31",805.4,2,xubenzheng
4623,16720913,Candidates,"2026-08-23 17:18:05",805.2,2,"ulyanovmmm,vladimirarchipov"
4624,16634468,"Kun Zhang","2026-09-01 11:38:47",804.8,2,beicicc
4625,16838800,"LEE Dailun","2026-09-09 13:59:27",804.7,2,peterccll
4626,16656118,Mutte1904,"2026-08-07 05:03:56",804.2,2,mutte1904
4627,16656347,OctahedronBB,"2026-08-07 00:52:27",804.2,2,octahedronbb
4628,16678930,"Just a moroccan","2026-08-09 13:45:12",803.9,2,zbidaamine
4629,16880045,"Underground Farmers","2026-09-13 13:04:19",803.8,2,xavierwi
4630,16832686,DongShangYu,"2026-09-16 04:56:40",803.8,2,dongshangyu
4631,16690829,JeremyH43,"2026-08-16 00:06:30",803.6,2,jeremyh43
4632,16732667,Doug,"2026-08-26 23:26:49",803.2,2,dougsgrott
4633,16705242,"Chonghao Peng","2026-09-04 21:45:52",802.2,2,chonghaopeng
4634,16662730,Operator-X,"2026-08-08 10:06:04",802.0,2,"jpexee,lavlinjaisonme23b250"
4635,16665015,"laiba razzaq10","2026-08-07 14:21:49",802.0,2,laibarazzaq10
4636,16669518,Galagala,"2026-08-07 18:35:59",801.5,2,b12705059
4637,16666625,"Nguyen Ngoc Thien","2026-08-07 16:12:04",801.3,2,ngocthienai
4638,16625472,"luna is free！","2026-08-29 16:39:51",801.3,2,simingtan
4639,16669491,"Parakh Sharma","2026-08-06 10:59:33",801.1,2,parakh20
4640,16660537,Furina,"2026-08-08 13:52:01",800.6,2,cjlcjlcjl
4641,16633276,"Nolan Liang","2026-08-09 03:26:47",800.5,2,iamlkn
4642,16683852,"Abhiram Anil","2026-08-08 06:26:11",800.4,2,abhiramanil
4643,16676677,"Clark Stéphane","2026-08-07 18:58:45",800.4,2,clarkstphane
4644,16919615,"Aditya Murugesh","2026-09-18 13:00:38",800.0,2,adityamurugesh
4645,16667714,ZhexinJiang,"2026-08-06 11:26:30",800.0,1,zhexinjiang
4646,16683439,Goober,"2026-08-10 19:46:41",800.0,2,kongzhisyuen
4647,16658717,"Aditya Kapadia","2026-08-06 14:32:16",799.7,2,adityakapadia2003
4648,16669273,Parag,"2026-08-07 02:10:29",799.5,2,paragkale
4649,16630441,"yjhv buddies","2026-08-07 09:50:05",798.6,2,bender1123123
4650,16630758,"Keshav Joshi","2026-08-20 18:53:37",798.0,2,keshavjoshi22
4651,16668995,"MD.Firoj Khondokar","2026-08-06 11:05:13",797.7,2,mdfirojkhondokar
4652,16668029,Timbo615,"2026-08-07 11:56:21",797.5,2,timbo615
4653,16663369,csteeve,"2026-08-07 18:44:37",797.2,2,csteeve
4654,16735488,"arhaan rai","2026-09-01 19:18:46",797.0,2,arhaanrai
4655,16687463,"Manolo Chow","2026-08-09 22:56:20",796.9,2,manolochow
4656,16659000,xjlgg123,"2026-08-08 12:35:10",796.6,2,xjlgg123
4657,16652900,cjen07,"2026-08-07 23:33:05",796.4,2,cjen07
4658,16670807,mannogun,"2026-09-04 23:15:49",796.3,2,arcanejumper
4659,16882077,telep,"2026-09-17 15:37:13",796.2,2,vitaliypyvovar1
4660,16827859,"Ishraq Tanvir","2026-09-04 08:38:08",796.2,2,ishraqtanvir
4661,16663052,gh,"2026-09-13 21:30:08",796.1,2,grzegorz
4662,16680408,mochogo,"2026-08-07 05:42:33",796.0,1,mochogo
4663,16666826,"Simone di costanzo","2026-08-07 19:38:11",795.8,2,simonedicostanzo
4664,16665256,zhoujqi,"2026-08-06 18:31:31",795.6,2,zhoujqi
4665,16896810,Xcution,"2026-09-16 18:23:35",795.5,2,gghhjjkk
4666,16656393,"Faris Abqari","2026-08-07 00:15:25",795.2,2,farisabqari11
4667,16665353,Sakshamm2587,"2026-08-17 16:50:43",795.1,2,sakshamm2587
4668,16664890,ideal_m99,"2026-09-14 04:48:27",794.5,2,idealm99
4669,16670040,galaxyhunter,"2026-08-17 19:22:06",794.2,2,pkharkwal
4670,16658499,Grifun,"2026-08-09 03:24:51",794.2,2,msingatullin
4671,16637919,NoOneAhead,"2026-08-07 05:12:50",794.2,2,jerrlu
4672,16658384,UwU,"2026-08-10 04:20:44",793.7,2,claudesewitz
4673,16659820,Accayo14,"2026-08-06 14:20:30",793.7,2,accayo14
4674,16753850,"Ahmad Ali","2026-09-09 17:58:10",793.4,2,ahmadali1243534
4675,16742806,"Oğuz Karabulut","2026-09-11 07:47:41",793.2,2,ouzkarabulut
4676,16678288,"Speedrun retirement","2026-08-30 18:59:23",792.7,2,"josephkimanikamau,nanducode"
4677,16655763,"Diogo Sena","2026-08-22 17:08:45",792.7,2,diogodmsena
4678,16681986,"Chirantan Bhardwaj","2026-08-07 10:07:52",792.6,1,chirantanbhardwaj
4679,16867277,"Oriol Hinojo","2026-09-18 10:21:29",792.4,2,oriolhinojocomellas
4680,16669971,"Luka Philip","2026-08-08 16:09:32",792.2,2,lukaphilip
4681,16841816,JasonDTao,"2026-09-14 06:38:01",791.3,2,jasondtao
4682,16640582,Attension_Seeker,"2026-08-10 06:57:51",791.2,2,aisipu
4683,16655076,"Tita Kongolo","2026-08-08 09:08:57",791.0,2,titakongolo
4684,16665561,LuoXingda,"2026-08-07 08:22:42",790.9,2,luoxingda
4685,16642579,"Desyat IO","2026-08-09 17:31:59",790.7,2,desyatio
4686,16622788,Fitzcarraldo,"2026-08-07 14:17:24",790.6,2,ivankuc
4687,16635612,Julian,"2026-09-13 07:06:19",790.4,2,mob404
4688,16664819,"SUBHASRI  S","2026-09-17 14:56:19",790.1,2,subhasri2007
4689,16744809,"Ruben Romero Fernández-Monge","2026-08-25 18:00:39",789.5,2,salieri7
4690,16683764,bf01,"2026-08-21 21:19:05",789.1,2,jalperov
4691,16682336,"Çınar Efe Yetişen (Student)","2026-08-19 08:29:20",789.1,2,narefeyetienstudent
4692,16719793,dhuruvapriyan,"2026-08-14 16:06:42",789.0,2,dhuruvapriyan
4693,16879185,"xuhang ren","2026-09-18 02:45:03",788.9,2,xuhangren
4694,16681065,SYC,"2026-08-07 03:22:25",788.9,1,yichengs
4695,16670378,"Ari Carter","2026-08-08 23:18:02",788.8,2,aricarter
4696,16670065,"Artyom Sayapin","2026-08-18 23:40:18",788.7,2,spielmeister
4697,16655364,AmirElite,"2026-09-17 23:10:55",788.7,2,amirelite
4698,16673604,"Jiman Kwon","2026-08-21 17:23:47",788.3,2,jimankwon
4699,16758174,REBEL_K,"2026-08-27 18:30:45",788.2,2,rebelk
4700,16638909,mbscgi,"2026-08-04 22:48:03",788.2,2,mbscgi
4701,16681480,"Kevin Nguyen","2026-08-14 18:16:29",787.8,2,haidangnguyen1802
4702,16652986,"Justin Kimlim","2026-08-26 03:12:37",787.6,2,justinkimlim
4703,16656941,"Winter Lamb","2026-09-09 08:07:56",787.6,2,fabiansyahcahyo
4704,16671407,JBro13,"2026-08-07 02:29:02",786.5,2,jbro13
4705,16676280,agniii,"2026-08-06 17:05:08",786.2,2,agniii
4706,16876275,"JOP OK","2026-09-18 18:09:43",786.1,2,fuveo24
4707,16663591,"Joseph Franck","2026-08-25 10:07:56",786.0,2,josephfranck
4708,16753826,"Jai Mata Di","2026-08-31 10:09:11",785.7,2,mrigshira
4709,16745450,GusNicho,"2026-08-24 03:30:55",785.4,2,pineapplepencil
4710,16659525,"Dang Khoa Nguyen","2026-08-17 09:51:16",785.1,2,khoadangnguye
4711,16653939,"Amr Yasser","2026-08-06 17:56:07",784.9,2,amryasswe
4712,16689084,Tam1m,"2026-08-29 09:56:39",784.3,2,booleanwolf
4713,16742239,"Benny Joseph","2026-09-17 13:06:06",784.0,2,pbennyjoseph
4714,16653855,"Klgv Klgv","2026-08-06 11:54:38",783.9,2,klgvklgv
4715,16635890,Poojan,"2026-08-06 09:44:47",783.7,2,poojankumartandel
4716,16654832,mohit,"2026-08-07 00:01:08",783.2,2,mohitvarred
4717,16655353,"Pablo Montenegro","2026-08-09 02:13:47",783.2,2,pablomontalb
4718,16665169,"Rahul Barakoti ITM","2026-08-07 10:58:30",783.0,2,rahulbarakotiitm
4719,16668668,"George Byne","2026-08-25 10:10:36",782.6,2,georgebyne
4720,16848841,Spacejam,"2026-09-07 16:15:52",782.5,1,spacejam1221
4721,16674550,"Jebastin Nadar","2026-08-06 10:09:16",782.5,2,samfc10
4722,16659727,shuaiqiyang,"2026-09-16 01:16:36",782.4,2,shuaiqiyang
4723,16676283,jnurik,"2026-08-07 17:24:01",782.4,2,nurdauletmoldik
4724,16684470,"Soumi Ghosh","2026-08-11 10:59:07",782.3,2,soumighosh911
4725,16670671,"TAUIL Abd Elilah","2026-08-11 01:17:39",781.9,2,tauilabdelilah
4726,16663178,Sm00thiecodes,"2026-08-07 11:00:29",781.8,2,sm00thiecodes
4727,16639280,"Faruk Çiftler","2026-08-09 11:27:46",781.6,2,abdullahfaruk
4728,16666686,yolo,"2026-08-08 12:08:38",781.3,2,avin55
4729,16747839,"Ich Schmid","2026-09-17 18:20:57",781.1,2,ichschmid
4730,16668545,Ronty00,"2026-08-06 08:24:07",781.0,2,ronty00
4731,16623236,"Yonatan Nemtsov","2026-08-06 00:28:01",780.7,2,yonatannemtsov
4732,16675203,HK,"2026-08-06 11:38:05",780.4,1,hizurukonishi
4733,16664368,"Ujjwal Reddy","2026-08-10 19:43:26",780.4,2,ujjwalreddyks
4734,16677675,"Roman Mironov","2026-08-06 17:30:28",780.4,1,helloromiro
4735,16635781,wacata,"2026-08-19 14:53:05",780.2,2,wacata
4736,16664360,"Rohan L","2026-09-17 00:08:57",780.1,2,rohanlopes
4737,16732722,Kusanagi,"2026-08-24 21:52:54",779.9,1,kusanagiap
4738,16654081,"Aleksei Ponomarev","2026-08-06 00:43:57",779.6,2,alekseiponomarev
4739,16764419,"Leo #2","2026-08-30 08:17:12",779.5,1,nanlihao
4740,16623798,RuiKimura4,"2026-08-27 00:30:45",779.5,2,ruikimura4
4741,16658025,"Dennis Gioche","2026-08-06 09:08:34",779.5,2,dennisgioche
4742,16792568,李秉叡（ntumlnoob）,"2026-09-13 19:19:44",779.4,2,ntumlnoob
4743,16665431,"Monojit Nandy","2026-08-06 11:50:38",779.4,2,vedarthmn
4744,16668357,"B.Pardha Manoj Reddy","2026-08-24 16:57:25",778.9,2,pardhamanojreddy
4745,16677965,felipe9695,"2026-08-12 21:23:05",778.9,1,felipe9695
4746,16657942,"Gokul Prasath","2026-08-04 23:38:18",778.9,2,beastgokul
4747,16672520,"Nah I'd win","2026-08-07 08:09:12",778.8,2,asutriy
4748,16665898,chengsongtao,"2026-08-23 00:12:59",778.7,2,cheng618
4749,16677240,"Jeevan Malla","2026-08-07 07:37:46",778.1,2,jeevanmalla
4750,16894622,"Matthew B","2026-09-18 18:44:06",777.9,2,mcb68945
4751,16654726,"James Mancillas","2026-08-07 15:46:12",777.9,2,jamesmancillas
4752,16916213,"Arjun Hans","2026-09-18 02:13:40",777.9,2,arjunhans
4753,16841747,"Carlos Bósquez","2026-09-18 18:37:43",777.7,2,carlosbsquez
4754,16624977,Avikumar93801,"2026-08-11 05:55:19",777.7,2,avikumar93801
4755,16875632,HexTex,"2026-09-12 04:34:49",777.6,2,hexlab
4756,16666301,"James Felipe","2026-09-03 05:42:24",777.2,2,jamesfelipe
4757,16657957,"Mounika Kommireddy","2026-08-08 07:57:32",777.1,2,mounikakommireddy
4758,16659761,cheng-han,"2026-08-06 08:16:10",777.0,2,neoshie
4759,16698538,"Haozhe Wang 2022","2026-08-24 00:50:02",776.9,2,haozhewang2022
4760,16631665,"jatan sanghvi","2026-09-07 14:03:17",776.6,2,jatansanghvi
4761,16660819,nya654nya,"2026-09-14 08:30:21",776.6,2,nya654nya
4762,16658670,EveryJust,"2026-08-07 08:33:35",776.3,2,"everyjust,zfc666wsnd"
4763,16624600,ariacat,"2026-08-06 07:16:44",776.0,2,ariacat
4764,16667547,"miaoqing long","2026-08-06 03:31:43",776.0,2,miaoqinglong
4765,16839782,"mou chen111","2026-09-05 15:00:04",775.9,2,mouchen111
4766,16658709,"Kaggler Albafica","2026-08-06 10:05:39",775.7,2,kaggleralan
4767,16782792,"[Deleted] bdc3c175-811b-438f-9c3a-c2d9c80c106a","2026-08-29 07:16:45",775.5,2,del=e8b93c44cf962f9e
4768,16770912,IsonaEi,"2026-08-26 12:48:48",775.4,1,isonaei
4769,16677188,Nicooni,"2026-08-06 16:35:01",775.3,1,nicooni
4770,16802695,"Taras Sam","2026-09-07 17:36:00",775.3,2,tarassam
4771,16660091,bcTiann,"2026-08-06 05:55:54",775.1,2,bctiann
4772,16753820,sbite0138,"2026-09-10 14:12:17",775.0,2,sbite0138
4773,16712577,"nattapon nakakong","2026-09-18 16:04:18",774.8,2,nattaponnakakhong
4774,16627023,Farrmer,"2026-08-05 08:02:35",774.4,2,noahfarr
4775,16632446,"Abdul Wahab Khan","2026-08-06 04:53:37",774.2,1,abdulwahab2321
4776,16886420,infoproje,"2026-09-13 12:58:25",774.2,2,infoproje
4777,16660555,"Nguyễn Nhật Thanh","2026-08-07 03:45:29",774.0,2,nguynnhtthanhhhhh
4778,16659565,Tekin24,"2026-08-13 21:25:21",773.8,2,tekin24
4779,16823948,"Alexey Stepanov","2026-09-04 21:57:25",773.7,2,alexey0508
4780,16734312,truebelief,"2026-09-09 00:11:41",773.5,2,truebelief
4781,16698489,"JIUZHOU CHAN","2026-09-18 00:58:35",773.5,2,jiuzhouchan
4782,16732022,Mosamosa,"2026-09-03 00:42:06",773.4,1,mosamosa
4783,16702796,Yavuz.YILMAZ,"2026-09-07 12:22:45",773.4,2,yvztpe
4784,16660376,"Ahmed Sedky 0100","2026-08-06 20:56:37",773.3,1,ahmedsedky0100
4785,16783131,Hawkeye,"2026-09-03 07:15:17",773.2,2,pragneshbagary
4786,16621802,fgwiebfaoish,"2026-08-13 12:21:54",773.0,2,fgwiebfaoish
4787,16794125,"Xero Scythe","2026-09-02 18:57:39",772.9,2,xeroscythe
4788,16635679,WUHAOZHE618,"2026-08-15 04:08:45",772.8,2,wuhaozhe618
4789,16663213,"Takahiro Someya","2026-08-10 22:03:09",772.6,2,takahirosomeya
4790,16745264,wpang,"2026-09-18 19:08:18",772.5,2,wangshu
4791,16693164,nuggettttt,"2026-08-09 02:14:22",772.1,2,nuggettttt
4792,16858849,"Mark Diamond","2026-09-13 22:11:38",771.8,2,ponkle
4793,16679155,jeziorop,"2026-08-06 20:34:53",771.7,1,jeziorop
4794,16662872,"Artem Garbart","2026-08-05 09:41:29",771.4,2,artyomgarbart
4795,16641326,IY,"2026-08-05 19:27:31",771.1,2,irotrader
4796,16655534,"Charles Mills","2026-08-06 16:40:27",771.0,2,charlesqmills
4797,16663099,"Md. Abdullah Al Mamun","2026-08-05 02:16:43",770.8,2,mamun18
4798,16658723,"Waleed Alkhateeb","2026-08-05 13:31:44",770.7,2,waleedalkhateeb
4799,16664400,Boruiyang21,"2026-08-05 14:56:03",770.6,2,boruiyang21
4800,16659217,Dynamic_fire07,"2026-08-05 18:51:51",770.4,2,"dynamicfire07,tryingmybest123"
4801,16687135,"Kavya Bhandari","2026-08-22 17:20:43",770.3,2,kavyabhandari1998
4802,16668329,HakimTaoufik,"2026-08-18 13:06:18",770.2,2,hakimtaoufik
4803,16762722,"Bruno Romero García","2026-08-31 20:24:32",770.1,2,brunoromerogarca
4804,16664170,SpookyHippo,"2026-08-06 02:44:29",769.8,2,spookyhippo
4805,16668039,NotEnoughTokens,"2026-08-06 13:04:52",769.4,2,"adofai,jonghyun7777,taglink"
4806,16726025,"Yanrun Chen","2026-09-07 12:15:23",768.8,2,yrchen98
4807,16790145,"Casper du Jardin Kejser","2026-09-04 09:12:34",768.8,2,casperdujardinkejser
4808,16698045,"Vikhas S G","2026-09-07 06:12:25",768.7,2,vikhassg
4809,16734672,"Artom  Wade","2026-09-18 19:01:18",768.7,2,artomwade
4810,16729472,"Boris Pletenev","2026-08-16 17:23:56",768.7,1,borispletenev
4811,16660470,"Oğuz Kaan Mavice","2026-08-28 09:39:58",768.6,2,oguzkaanmavice
4812,16666242,"Lalwani Palash","2026-08-08 07:45:46",768.1,2,lalwanipalash
4813,16675027,namanbnsl,"2026-08-06 13:02:52",768.1,2,namanbnsl
4814,16664300,"swajay nandanwade","2026-08-05 04:57:10",767.9,2,swajaynandanwade
4815,16669400,"Martin Konôpka","2026-08-06 12:16:13",767.9,2,rumburakk
4816,16668060,"Spiros Skarmoutsos","2026-08-08 12:48:07",767.3,2,spirosskarmoutsos
4817,16673155,"Babar Khilji","2026-08-06 15:55:26",767.2,2,babarkhilji
4818,16825081,huohuaya,"2026-09-09 06:09:50",766.8,2,huohuaya
4819,16630524,"Omprakash Patra","2026-09-18 18:24:26",766.7,2,omprakashpy
4820,16806251,"Seok Jun Kim","2026-09-08 07:51:16",766.7,2,sjk1225
4821,16796145,Qian,"2026-09-01 15:04:00",766.6,2,"aurelianz,qianyuchaoni"
4822,16699080,"Karthikeya Thatipamula","2026-09-12 04:52:19",766.4,2,karthikeya18
4823,16914287,"Vinzi Leo","2026-09-17 13:04:42",766.2,2,vinzileo
4824,16666163,"Muthuraman Raman 7","2026-08-06 05:25:09",766.2,2,muthuramanraman7
4825,16667606,Manifolds1,"2026-08-06 16:36:46",765.8,2,ptrakuldit
4826,16677774,"Abdulatif Mahgoub","2026-08-28 13:26:27",765.6,2,abdulatifmahgoub
4827,16657861,"Liao Zixu","2026-08-25 04:28:34",765.6,2,liaozixu
4828,16849443,"Abhishek Kumar Gupta","2026-09-08 17:27:49",765.5,2,guptabhishekumar
4829,16898165,"Mahmoud Nasser","2026-09-17 17:37:56",765.5,2,lomnafsk
4830,16655493,TheDigitalCK,"2026-08-07 12:31:58",765.4,2,thedigitalck
4831,16642154,Burkina_team_mate,"2026-08-06 15:30:54",765.2,2,"belemkalilou,tedjosegregorybere"
4832,16847548,"Abhinav Sai Podugu","2026-09-10 06:59:09",765.1,2,abhinavsaipodugu
4833,16650396,RaymondZhao0304,"2026-08-04 00:39:30",765.1,2,raymondzhao0304
4834,16730045,渡邊征央,"2026-09-18 05:49:15",765.1,2,undertaker3409
4835,16661019,lmq,"2026-08-04 14:47:23",765.0,2,lmminhquang
4836,16659045,Rai1,"2026-08-08 11:53:28",764.9,2,rai2003
4837,16666245,"Cagatay Morcicek","2026-08-13 06:53:40",764.8,2,thisismylabs
4838,16699699,rudykane,"2026-08-11 16:06:34",764.8,2,rudykane
4839,16664775,DoubleZs,"2026-08-06 02:55:02",764.7,2,zhang051018
4840,16730288,matsurih,"2026-09-17 08:34:06",764.6,2,matsurihime
4841,16656009,"Steven Liu","2026-08-31 06:25:02",764.4,2,thornkey
4842,16797785,"Vivek Verma","2026-08-31 20:36:45",764.3,2,cosmicescape
4843,16661685,"Lê Ngọc Lâm","2026-08-13 15:29:40",764.1,2,lengoclam
4844,16811628,"Roger Yang","2026-09-08 03:12:08",764.0,2,rogerjyang
4845,16793461,"Muhammad Hokimiyon","2026-09-13 14:49:54",763.6,2,muhammadhokimiyon
4846,16757741,"Malte Bories","2026-08-25 20:08:35",763.3,2,maltebories
4847,16678250,"RMS Danaraj","2026-09-08 19:52:43",763.3,2,salorajan
4848,16666609,"visit palja.co","2026-08-15 03:34:49",763.1,2,sselrats
4849,16670765,"tensor choko","2026-08-05 23:03:23",763.0,1,tensorchoko
4850,16695556,"Prajwal Dongre","2026-08-12 08:53:42",762.8,2,prajwaldongre
4851,16742362,"AMANI DD","2026-08-23 08:02:47",762.7,2,dkonan
4852,16631016,木下陽平,"2026-08-06 14:52:20",762.1,2,yoheikaggle
4853,16662946,uzair,"2026-08-04 18:40:46",762.0,2,quantumcurator
4854,16654486,alijs,"2026-08-06 14:27:22",761.9,2,alijs1
4855,16657294,"Ragul M","2026-08-04 07:08:51",761.9,2,ragul7002
4856,16669282,sky233,"2026-08-06 17:06:04",761.3,2,sky233
4857,16661010,"Dante Dyches-Chandler","2026-08-05 04:36:09",761.3,2,dantedycheschandler
4858,16664291,"William Dennis","2026-08-11 07:57:27",761.2,2,williamdennis
4859,16654209,"Nirav Mehta 1612","2026-08-10 15:41:47",761.0,2,niravmehta1612
4860,16643095,ckyasb,"2026-08-05 14:39:42",760.7,2,ckyasb
4861,16748741,"pt ptao","2026-08-26 12:50:45",760.6,2,ptptao
4862,16669542,Agzam,"2026-08-06 05:09:43",760.6,2,mazgag
4863,16644390,"Manan Gupta","2026-08-05 17:08:32",760.2,2,obirdy
4864,16625013,sash,"2026-08-05 01:00:10",760.1,2,sash2104
4865,16667503,Yuzuki,"2026-08-05 12:19:45",760.1,1,yuzukiohya
4866,16632250,"Mesut Gözdemir","2026-08-05 17:54:14",760.0,2,gfkfu123
4867,16632138,kaggle_bbgg,"2026-08-05 11:59:35",759.7,2,kagglebbgg
4868,16670099,"Jon Snyder","2026-08-06 00:27:21",759.4,2,snyderj1515
4869,16917732,qianqiuwushang,"2026-09-18 06:42:57",759.4,1,qianqiuwushang
4870,16751999,"Poorna Sai Dumpa","2026-08-25 01:03:04",759.4,2,poornasaidumpa
4871,16639043,"saroj bono","2026-08-28 18:42:55",759.4,2,sarojbono197
4872,16637519,Temprao,"2026-08-03 12:16:43",759.3,1,maruimono928
4873,16718916,"ROBERT SSEBAMBULIDDE","2026-08-14 19:21:24",759.2,2,robertssebambulidde
4874,16661410,tmxdlr,"2026-08-05 12:40:54",759.1,2,tmxdlr
4875,16762634,"Clement Ling","2026-09-11 08:49:26",759.1,2,clementling
4876,16802341,"Yousef Turk","2026-09-08 04:00:16",759.0,2,yousefturk
4877,16658684,"Takayuki Michishita","2026-09-13 11:00:03",758.9,2,takayukimichishita
4878,16662749,Jordan,"2026-09-17 00:11:22",758.8,2,extergeist
4879,16632686,strike,"2026-08-06 06:21:38",758.8,2,nicolia
4880,16841445,Challo,"2026-09-16 17:47:15",758.8,2,germantardioperez
4881,16767453,IterumVici,"2026-09-06 19:28:10",758.4,2,iterumvici
4882,16652560,"Ahmed Samir","2026-08-03 12:15:01",758.4,2,ahmedsamir1598
4883,16694399,"Sujith Kumar Sashikanth","2026-08-10 00:01:32",758.2,2,sujithsashi
4884,16729564,"Eirik Tveiten","2026-08-19 13:04:02",757.9,2,eiriktveiten
4885,16744640,"Marcin Skalski","2026-09-01 18:25:08",757.5,2,marcinskalski
4886,16711556,"Avvy Lavoienne","2026-08-18 04:44:16",757.4,2,avvylavoienne
4887,16764081,"Demir Durbakayım","2026-08-29 21:21:56",757.1,2,sixcode
4888,16657094,irynavs,"2026-08-13 13:23:56",757.0,2,irynavs
4889,16679237,"Danilo Sepúlveda","2026-08-06 21:26:28",756.2,1,daniloseplveda
4890,16658213,"Ahmet Abdullah Gültekin","2026-09-18 00:20:03",756.1,2,abdullahgultekin
4891,16655294,Mobzya,"2026-08-26 23:11:15",756.1,2,mobzya
4892,16673682,MJ.LIU.T,"2026-08-06 08:14:05",756.0,1,mjliut
4893,16656420,"Aditya Raj #2","2026-08-18 16:37:49",755.5,2,optimus2005
4894,16652896,"R^2 negative","2026-08-04 23:14:38",755.4,2,rktqwe
4895,16656345,sunchang71,"2026-08-05 14:05:13",755.4,2,sunchang71
4896,16717448,getalife();,"2026-09-03 06:03:38",755.2,2,"byteknight28,dhairyapandya24,rounakagrwl"
4897,16624073,SoftRL,"2026-09-15 12:22:42",755.1,2,"maruichi01,ppocharl,puws06,tatsukisato,unikina"
4898,16653958,seowoohyeon,"2026-08-06 11:48:06",754.7,2,seowoohyeon
4899,16630760,dkzmn,"2026-09-04 08:59:03",754.7,2,dmkzmn
4900,16672264,iiTz_AK,"2026-08-15 12:18:44",754.6,2,iitzak
4901,16656503,"Thiago Munhoz da Nóbrega","2026-08-04 20:47:37",754.4,2,thiagommtmn
4902,16688868,AlbanMaurel7,"2026-08-14 01:34:07",754.3,2,albanmaurel7
4903,16678965,MrGS,"2026-08-09 01:18:09",754.3,2,gabrielsderhll
4904,16659676,Light,"2026-08-05 03:07:39",754.2,2,aadarshashrestha007
4905,16660361,"Abhishek Sharma","2026-08-26 10:21:10",754.1,2,abhisheksharma425
4906,16806635,digimagi,"2026-09-02 05:47:57",753.8,1,digimagi
4907,16667205,"Andrew Lee","2026-08-06 11:16:52",753.8,1,andrewlee23023
4908,16658261,"Manan Khanna","2026-08-04 07:41:27",753.7,1,manankhanna0
4909,16644861,"kanzaler ensemble","2026-08-11 14:30:36",753.3,2,kanzalerensemble
4910,16622760,yunus_bayram_kagle,"2026-08-04 07:49:00",753.2,2,yunusbayramkagle
4911,16644185,"Mimic Mohsin","2026-08-02 18:38:46",753.1,1,mimicmohsin
4912,16663273,"Mason Frias","2026-08-06 22:57:08",753.0,2,masonfrias
4913,16653085,"haoran huang430","2026-08-06 02:37:22",752.8,2,haoranhuang430
4914,16679144,つるげーねふ,"2026-09-14 13:59:04",752.8,2,atom7666
4915,16729515,"Emmanuel Tolani","2026-08-29 15:03:36",752.6,2,emmanueltolani
4916,16634752,"Praise the SHOVEL","2026-08-03 16:16:28",752.6,2,barnobarno
4917,16772626,"Dr. Mikholae Hutchinson","2026-09-05 19:48:53",751.9,2,drmikholaehutchinson
4918,16655530,AlivRick,"2026-08-05 16:18:54",751.9,2,alivrick
4919,16807575,Rf28,"2026-09-03 10:29:55",751.8,2,rehyyy
4920,16656171,ishu,"2026-08-04 03:27:45",751.7,2,ishhverma
4921,16664565,"Wayne Chou","2026-08-05 12:30:14",751.5,2,ambientz
4922,16686707,"Sébastien henry","2026-09-17 14:36:54",751.2,2,sebmontreal
4923,16807875,meghana,"2026-09-10 23:44:54",751.1,2,meghana284
4924,16670384,"Gordeev Max","2026-09-18 18:49:32",751.0,2,gordeevmax
4925,16631261,Monster,"2026-08-04 15:46:32",750.8,2,tmtngtrng
4926,16654271,"Sophie and Yanna","2026-08-19 17:08:47",750.7,2,"morty3500,sophanie"
4927,16636148,SanggeunParrk,"2026-08-05 04:04:32",750.6,2,sanggeunparrk
4928,16660824,"Stitch Clarity","2026-08-04 15:27:53",750.6,2,stevenanctil
4929,16650018,EiMengLove,"2026-08-05 10:27:31",750.6,2,konicty
4930,16862461,"Guilherme Volpe","2026-09-18 03:34:17",750.3,2,guivolpe
4931,16663096,Agola_dasacic,"2026-08-04 20:07:50",750.0,2,mnu303
4932,16894603,"Riyan Ahasan Araf","2026-09-16 02:11:59",749.9,2,riyanahasanaraf
4933,16727696,Milkman,"2026-08-19 15:05:17",749.8,2,talhasahi
4934,16637797,"Xiangchen Li","2026-08-04 09:47:59",749.7,2,xiangchenli07
4935,16632694,8ct10nz,"2026-08-04 12:02:49",749.5,2,act10nz
4936,16622940,"Enrico Ambrosio","2026-08-06 19:56:30",749.4,2,enricoambrosio
4937,16658616,"Amitesh Chaudhary","2026-08-11 10:04:02",749.3,2,amiteshchaudhary
4938,16639471,CaminoLSY,"2026-08-05 01:22:09",749.1,2,lsy37521
4939,16665399,"Shivam Shrivastava","2026-08-13 15:32:37",748.7,2,shivamshrivastava180
4940,16700265,Reesav,"2026-08-10 14:15:06",748.6,2,reez08
4941,16881685,"Vladislav Mlechko","2026-09-12 16:41:48",748.2,1,vladislavmlechko
4942,16797134,Yooho0,"2026-09-07 16:25:05",748.1,2,yooho0
4943,16623540,TheDuck,"2026-08-22 15:50:49",747.8,2,jaxroth
4944,16662496,KhalidKhan,"2026-08-05 05:31:07",747.6,2,feedfeed
4945,16656304,"Gururaj Athani","2026-09-12 02:26:55",747.5,2,gururajathani
4946,16641093,"Satish ","2026-08-20 04:18:42",747.4,2,satishkommanaboina
4947,16802675,manishcs076,"2026-09-16 21:13:06",747.3,2,manishcs076
4948,16830531,"Nikos Chatzinikolaou","2026-09-16 09:35:52",747.2,2,nikoschatzinikolaou
4949,16664221,Anish,"2026-08-14 00:53:48",747.2,2,anishmunje
4950,16661376,"YERMES AMINE","2026-08-04 14:13:45",747.2,1,yermes
4951,16663899,"Abdelrahman Aboegela","2026-08-05 13:54:26",747.1,2,abdelrahmanaboegela
4952,16654419,kreiack,"2026-08-09 23:47:00",747.1,2,kreiack
4953,16765743,page0526,"2026-08-26 02:08:11",747.0,2,page0526
4954,16623665,Giba,"2026-08-05 22:44:41",746.8,2,titericz
4955,16634078,"yoho kumedayo","2026-08-15 12:48:29",746.7,2,dorachinyastyle
4956,16644882,"SAMOILOV MIKHAIL","2026-08-03 02:10:04",746.7,1,samoilovmikhail
4957,16706993,Celibistrial,"2026-09-03 20:28:20",746.3,2,celibistrial
4958,16666147,"Khalid Bin Hethlain","2026-09-15 20:43:36",746.0,2,khalidbinhethlain
4959,16786115,"Andy Phan","2026-09-07 01:10:28",745.9,2,andyphan
4960,16654946,AliLucky,"2026-08-05 15:07:59",745.7,2,alilucky
4961,16661229,Gena,"2026-08-04 15:18:42",745.7,2,gdonchyts
4962,16690050,PersistentLife,"2026-08-08 17:16:17",745.7,2,persistentlife
4963,16885059,"Bhaskar #2","2026-09-14 19:08:31",745.5,2,itikelabhaskar
4964,16633808,mmath2,"2026-08-07 10:52:38",745.4,2,mmath2
4965,16832844,aliREZA,"2026-09-17 23:55:15",745.2,2,afazlik1
4966,16866109,AAA-建材批发旭哥,"2026-09-12 03:44:40",744.7,2,aaawenxu
4967,16738506,"Rok Sechs","2026-09-16 21:43:58",744.2,2,rokshimiz
4968,16659874,"ding yumeng","2026-08-26 11:59:06",744.0,2,dingyumeng
4969,16907246,VROPEXT,"2026-09-16 18:46:53",743.9,2,vropext
4970,16770724,Louras,"2026-08-26 09:49:05",743.9,2,louras
4971,16644221,"Guzha Panashe H","2026-08-22 15:34:41",743.7,2,guzhapanasheh
4972,16655596,Bela,"2026-08-04 01:18:06",743.6,1,istribaik
4973,16632055,Bugra0,"2026-08-03 22:44:42",743.4,2,bugra0
4974,16698822,JJN8825,"2026-09-18 06:02:52",743.2,2,jjn8825
4975,16635818,F.A.Nina,"2026-09-18 19:20:54",743.1,2,nina2025
4976,16663187,"Teddy McBride","2026-08-07 03:59:53",743.0,2,tedcr100
4977,16792155,abc,"2026-09-03 06:45:13",742.8,2,"datqg0,quangnguyn132"
4978,16659033,"Farzana Shaju","2026-08-05 07:18:29",742.6,2,"farzanashaju,shaikhharisjamal"
4979,16658264,XiweiZhou,"2026-09-06 23:35:58",742.6,2,xiweizhou
4980,16621709,smlcr,"2026-08-04 19:35:19",742.5,2,simulacri
4981,16819277,"Enshi Zhang","2026-09-05 16:26:29",742.5,2,enshizhang31
4982,16716522,"Lavanya Bacche","2026-08-17 08:43:40",742.0,1,lavanyabacche
4983,16672672,Koiiiiiopen,"2026-08-08 06:25:21",742.0,2,koiiiiiopen
4984,16628727,dominyellow,"2026-08-04 11:44:21",741.6,2,dominyellow
4985,16622482,"Veniamin Nelin","2026-08-04 19:40:18",741.4,2,veniaminnelin
4986,16806003,"Hazqeel Afyq","2026-09-18 12:22:57",741.1,2,hazqeelafyqathaillah
4987,16659435,Zerabyte_X,"2026-08-04 09:52:16",740.9,1,zerabytex
4988,16670304,"Daniel Tomaro1","2026-08-09 03:03:06",740.9,2,danieltomaro1
4989,16629983,Amundsen,"2026-08-05 06:51:46",740.7,2,amundsen
4990,16635055,chch,"2026-09-17 06:37:30",740.7,2,chchentw
4991,16654235,"Mwanza Wambua","2026-08-06 10:16:13",740.4,2,mwanzawambua
4992,16695555,S4K50M,"2026-08-12 14:39:41",740.4,2,setiasaksham
4993,16671622,"Isaac Diaz Lopez","2026-09-15 04:59:43",739.9,2,isaacdiazlopez
4994,16630964,LEEKANG,"2026-08-03 14:10:21",739.9,2,poby7722
4995,16665994,Rakhansyah,"2026-08-25 13:08:20",739.9,2,rakhansyah
4996,16643922,Konstantin03,"2026-09-07 17:03:30",739.7,2,konstantin03
4997,16779063,"Yendrew Y","2026-09-18 13:02:42",739.6,2,yendrewy
4998,16660853,"lxh unbound","2026-08-05 00:02:02",739.1,2,lxhunbound
4999,16651180,yangyefd,"2026-08-03 08:42:57",739.0,1,yangyefd
5000,16623448,HoJoonYun,"2026-08-09 13:43:43",739.0,2,hojoonyun
5001,16657817,"rohith sai midigudla","2026-08-05 12:36:40",738.7,2,rohithsaimidigudla
5002,16702509,KošičanSVK,"2026-08-17 18:04:22",738.6,2,ryanstoner
5003,16679861,Pandabueno,"2026-08-12 15:51:48",738.3,2,ronaldomonzn
5004,16688884,"As Wasti","2026-08-14 01:34:26",738.2,2,aswasti
5005,16818086,wwewwt,"2026-09-08 05:44:07",738.2,2,wwewwt
5006,16734321,SubratP85,"2026-08-25 21:03:35",738.0,2,subratp85
5007,16775250,Junrong,"2026-08-30 00:00:13",737.9,2,fjhgjf
5008,16656444,"christopher athans crow","2026-08-05 00:08:13",737.8,2,cchrisaa
5009,16657077,_LT_zyc,"2026-08-05 01:01:42",737.7,1,zyczyc
5010,16623732,A.S.TENSHU,"2026-08-17 16:25:35",737.6,2,kirvk013
5011,16658571,"Yusuke Sato","2026-08-27 03:06:42",737.3,2,wanko123
5012,16740633,zhangtingyu11,"2026-08-20 04:34:32",737.3,2,zhangtingyu11
5013,16653122,Wei_Chance,"2026-08-23 10:25:14",737.3,2,bystanderq
5014,16677752,"Senya Ka","2026-08-08 19:16:00",736.7,2,m1greatcool
5015,16655828,ack07,"2026-08-06 04:52:07",736.3,2,its07amit10
5016,16664439,"Tony T","2026-09-10 12:16:04",736.1,2,thekke
5017,16654006,"Harish Dhanarajan","2026-08-03 17:23:50",736.1,1,harishdhanarajan
5018,16623646,"Minal kharat123","2026-09-16 04:54:01",736.0,2,minalkharat123
5019,16656170,"Chakrabhuana V  Deva","2026-08-05 06:54:50",735.8,2,chakrabhuanavdeva
5020,16634213,kkunizaw,"2026-08-03 20:47:58",735.6,2,kkunizaw
5021,16644774,lungjyuanz,"2026-08-07 01:03:20",735.5,2,lungjyuanz
5022,16676054,"Vladislav Konstantinov","2026-08-08 09:33:35",735.4,2,vladkonstantinov
5023,16658562,mashBrian254,"2026-08-04 10:48:33",735.3,2,mash1990
5024,16669227,"Tom Dufresne","2026-08-07 11:17:39",735.1,2,tadufre
5025,16747914,"Token's Expired","2026-08-22 16:25:39",734.8,2,"adeebshekh,akratisingh0101,shaankapoor21"
5026,16639241,"Alissa King","2026-08-04 05:05:30",734.7,2,alissaking
5027,16625663,sota1111,"2026-09-03 01:43:41",734.6,2,sota1111
5028,16823938,"Santanu Banerjee","2026-09-13 07:05:31",734.5,2,santanubanerjee9
5029,16713463,"Dillen Perumal","2026-08-29 16:39:37",734.1,2,dxllen
5030,16660939,"Quenux Studio","2026-09-03 17:07:26",733.9,2,dieguis1976
5031,16663407,Denis,"2026-08-11 17:42:21",733.7,2,matsiusheuski
5032,16632536,"Aleksander Sachuk","2026-08-02 21:33:27",733.7,2,alexsssachuk
5033,16630111,jannchie,"2026-08-04 19:09:17",733.6,2,jannchie
5034,16678370,"Chenhao Wang","2026-08-07 06:37:46",733.6,1,wangles
5035,16763829,"Shane Thivaharraja","2026-09-18 03:19:09",733.4,2,shanethivaharraja
5036,16715255,"xiaocai liu","2026-09-13 19:19:43",733.3,2,xiaocailiu
5037,16622015,"Ioannis M","2026-08-06 08:12:21",733.1,2,imeintanis
5038,16641489,suminshim,"2026-08-03 06:24:39",733.1,2,suminshim
5039,16866097,"Pradeep Kumar Mahato","2026-09-16 14:21:29",732.8,2,pradeepkr12
5040,16651613,"Devin Zhou","2026-08-05 02:27:36",732.8,2,devinzhou
5041,16655603,"Veeranuch Leelalai","2026-08-11 12:55:29",732.4,2,veeranuchleelalai
5042,16642207,"Nerijus Areska","2026-08-04 00:01:32",732.0,2,nerijusareska
5043,16655712,"Smart Manoj","2026-08-04 01:55:13",731.8,2,smartmanoj
5044,16658265,kraken,"2026-09-05 15:23:26",731.7,2,krn0209
5045,16662904,Bharathms1902,"2026-08-08 11:41:54",731.7,2,bharathms1902
5046,16656308,"Srishanth Sriramula","2026-08-08 09:02:13",731.7,2,srishanthsriramula
5047,16789903,"Netanel Keidar","2026-09-18 16:52:32",731.6,2,netanelkeidar
5048,16876706,"zijun zhang","2026-09-11 17:47:11",731.4,1,kongmu0503
5049,16623542,Stardrop,"2026-09-04 05:44:53",731.3,1,wscmisx
5050,16665764,"izh yng","2026-08-21 06:16:21",731.0,2,izhyng
5051,16680239,"Marinto Richee J","2026-08-12 08:21:02",730.9,2,marintoricheej
5052,16640811,cyberia,"2026-08-02 09:12:23",730.6,1,cyberia
5053,16736314,"wuret henr","2026-08-20 09:10:48",730.6,2,wurethenr
5054,16634022,"Cihan Atak","2026-08-02 16:00:43",730.5,2,cihanatak
5055,16774787,wpk1122,"2026-08-29 01:54:49",730.4,2,wpk1122
5056,16818689,Takashi,"2026-09-12 10:43:09",730.0,2,takashi1
5057,16654705,"Abu Saleh","2026-09-09 17:01:47",729.8,2,salehjunior
5058,16668633,peien5,"2026-08-06 14:44:47",729.8,2,peien5
5059,16662094,"moncef elm","2026-09-05 21:39:39",729.3,2,moncefelm
5060,16663515,HamsterSashka,"2026-08-20 14:40:55",728.9,2,hamstersashka
5061,16650701,"Oliver Wang","2026-08-03 16:17:36",728.7,2,oliverwang15
5062,16659883,"Ahmad Hfdx5","2026-08-05 03:33:48",728.1,2,ahmadhfdx5
5063,16635159,Abdulsamad,"2026-08-06 11:48:04",728.0,2,abdulsamadjod1234
5064,16805598,"I'm just trying out here QQ","2026-09-02 22:31:17",728.0,2,zadatt
5065,16631978,"batuhan kalem","2026-08-02 22:12:00",727.6,2,batuhankalem
5066,16758889,bomboclat,"2026-08-30 08:52:08",727.5,2,sstprk
5067,16654153,"Mateus Cruz, Msc.","2026-08-03 17:44:02",727.5,1,matteuscruz
5068,16665293,"ADITYA BEECHA","2026-08-10 05:16:38",727.5,2,bechaaditya
5069,16739551,arao,"2026-08-28 21:24:55",727.2,2,anjanarao
5070,16639567,YassY_The_AlchemYst,"2026-08-11 15:07:03",727.2,2,yassineelhallaoui
5071,16664653,Adir,"2026-08-26 00:49:46",726.8,2,adiradam
5072,16633083,bsenst,"2026-08-07 12:38:47",726.7,2,bnzn261029
5073,16806142,"junjie zhou","2026-09-17 12:50:24",726.2,2,junjiezhou5100
5074,16730199,kawanot,"2026-08-24 09:15:18",726.1,2,kawano
5075,16721639,"Ankit Sain","2026-08-25 01:14:02",725.9,2,thisankitsain
5076,16655588,"The Devil's World 678","2026-08-07 10:39:23",725.5,2,thedevilsworld678
5077,16637489,"Gopal Krishna Gundumalla","2026-08-02 12:39:17",724.9,2,gopalkrishnag
5078,16916717,Rubén,"2026-09-18 18:44:49",724.8,2,rucamaba
5079,16658852,"Chhaya Awasthi","2026-08-04 09:37:05",724.5,2,chhayaawasthi
5080,16763865,SydneyC666,"2026-08-26 08:50:40",724.5,2,sydneyc666
5081,16770454,"Nawaf Almutairi","2026-09-12 19:23:12",724.4,2,nawafbalmutairi
5082,16652339,"Mohamed Amine Rebhi","2026-08-03 16:03:07",723.9,2,mohamedaminerebhi
5083,16623389,"Mominul Islam Hemal","2026-08-02 11:23:03",723.2,2,mominulislamhemal
5084,16774682,"Tatsuhito Yoshikawa","2026-09-04 02:14:45",723.0,2,tatsuhitoyoshikawa
5085,16634036,"Emanuel Lázaro","2026-08-02 14:55:30",722.8,2,emanuellcs
5086,16666900,sooflee,"2026-08-12 14:19:50",722.2,2,sooflee
5087,16659996,Schwifty,"2026-08-12 20:01:01",722.1,2,schwiftyc137
5088,16644566,"Guangjian Dong","2026-08-02 23:59:18",721.7,1,guangjiandong
5089,16914950,"Alessio Mezzina","2026-09-18 11:05:02",721.5,2,alessiomezzinaaa
5090,16635680,starclan,"2026-08-14 17:50:55",721.5,2,starclan
5091,16667730,"Surya Vijjeswarapu","2026-09-03 18:49:07",721.4,2,suryavijjeswarapu
5092,16709800,nubx,"2026-08-20 17:12:04",721.2,2,manrajjitsidhu
5093,16769419,dylanaki,"2026-09-05 15:08:18",720.6,2,dylanaki
5094,16748462,"Jiwon Lee","2026-09-17 22:16:25",720.6,2,jibong7600
5095,16875907,"Yash Mathur","2026-09-18 16:13:00",720.3,2,yashmathur03102001
5096,16749524,zzholo,"2026-09-06 00:16:17",719.8,1,zzholo
5097,16891179,feng222666888,"2026-09-15 02:59:51",719.5,2,feng222666888
5098,16843436,ktaery,"2026-09-13 11:24:48",719.4,2,ktaery
5099,16846490,MazharShaikh,"2026-09-12 04:53:27",719.3,2,mazharshaikh
5100,16667058,"Lê Quốc Duy","2026-08-08 01:03:08",719.2,2,lqucduy
5101,16661532,"Fedor Baart","2026-08-05 12:34:21",719.2,1,fedorbaart
5102,16798334,"Gabriel othávio","2026-09-02 22:08:55",719.1,2,gabrielothvio
5103,16655396,Tesla1AC,"2026-08-08 08:18:09",718.7,2,mathornton
5104,16623932,"Axel Ahmer","2026-09-07 15:54:12",717.9,2,blondie1
5105,16835371,"Eli Ziv","2026-09-06 00:11:52",717.9,2,eliziv027
5106,16658252,"Krishnan CS","2026-08-20 05:28:14",717.5,2,krishnanchathadi
5107,16652334,"Aldibek [dsmlkz]","2026-08-27 19:33:18",717.4,2,aldibek
5108,16876448,"Max Harvestappen","2026-09-15 16:35:36",717.3,2,ryosukefujita
5109,16639473,"Jeff Borschowa","2026-08-02 00:39:11",717.2,2,jeffborschowa
5110,16693903,"Alief Randiansyah","2026-08-09 09:37:39",717.2,1,"aliefrandiansyah,salsaaghnia"
5111,16709136,ryanocm,"2026-08-13 15:08:49",716.9,2,ryanong
5112,16730180,zshandy,"2026-09-08 04:57:54",716.7,2,zshandy
5113,16667516,Rosastella,"2026-08-05 16:00:48",716.5,2,rosastella
5114,16668361,NinhNguyen,"2026-09-12 12:55:39",716.5,2,ninhnt110695
5115,16669052,"Md. Asif Hossain","2026-09-18 05:29:41",716.3,2,sabuktagin
5116,16738239,"Yaseen Shah7897","2026-09-08 05:57:15",716.3,2,yaseenshah7897
5117,16898029,"Leonid Kononenko","2026-09-18 04:47:05",716.2,1,"aleksandraavetisova,leonidkononenko"
5118,16662633,"Shekhar Suman","2026-08-15 19:17:49",715.9,2,shekharvc
5119,16661670,sansm1,"2026-08-04 16:54:59",715.8,2,sansm1
5120,16675452,Vladislav,"2026-08-12 13:58:35",715.7,2,simmeringoverstep
5121,16657419,"Saivedant Hava","2026-08-05 06:36:39",715.6,2,saivedanthava
5122,16661353,mithi,"2026-08-11 20:04:07",715.3,2,singhaleo
5123,16664249,"Rohan Jain","2026-08-17 20:26:14",715.2,2,rohanjain2312
5124,16655339,harmo-miu,"2026-08-23 05:57:37",714.8,2,harmomiu
5125,16850098,"Bob Gerry","2026-09-09 05:35:31",714.8,2,bobgerry
5126,16656167,"Minh Quang Do","2026-09-11 04:05:53",714.8,2,mrfreddy0209
5127,16726769,"Ci Zhu","2026-09-09 04:10:37",714.2,2,zhuci1993
5128,16671980,601918_กิตติพงศ์,"2026-08-08 08:28:12",714.1,2,bluexg5502
5129,16844092,Johana01,"2026-09-15 08:10:42",713.7,2,johana01
5130,16906012,GarbageOoze,"2026-09-17 16:26:43",713.6,2,"garbageooze,luoruihan12"
5131,16668923,"duy tran","2026-08-10 18:38:49",713.2,2,duytran23
5132,16639330,"Dead Signal Works","2026-08-02 12:40:32",713.2,2,brooklynhalmstad
5133,16636105,"Md. Mehedi Hasan","2026-08-01 14:03:03",712.7,2,mehedi052
5134,16640877,Yorix.um,"2026-08-02 13:31:28",711.9,1,yorixum
5135,16622312,"Malak Reda","2026-08-03 09:02:41",711.8,2,malak457
5136,16809515,"Александр Трифонов","2026-09-12 20:13:15",711.8,2,cybrvibe
5137,16643692,Samsay24,"2026-08-02 17:22:45",711.7,1,samsay23
5138,16626217,"Stanislav Chistyakov","2026-08-05 18:52:47",711.6,2,chistyakov
5139,16656934,"Aleks Kolesnik","2026-09-14 19:02:46",711.6,2,aleksandrkolesnik
5140,16644415,Ztrk,"2026-09-03 17:04:24",711.1,2,ztrk123
5141,16798401,"Hunter Mimaroglu","2026-09-02 22:00:37",711.0,2,huntermimaroglu
5142,16726093,CocoTeam,"2026-08-18 14:22:45",710.9,2,"albaasca,ceemeese"
5143,16682908,"Masha Mashallah","2026-09-12 09:32:09",709.8,2,mashamashallah
5144,16896006,jrw208,"2026-09-15 09:37:51",709.5,1,jrw208
5145,16639810,gytdrop,"2026-08-14 12:47:28",709.3,2,"kartikeyrajbhar,shaikaktharali"
5146,16872090,DanielAarhus,"2026-09-17 07:10:37",709.3,1,danielaarhus
5147,16682353,"counter puncher","2026-09-16 13:38:14",709.0,2,ahmadabdoumalickdiop
5148,16663444,Thomas,"2026-08-11 04:21:42",708.6,2,tartieret
5149,16672095,"Friaseus ","2026-09-17 19:17:45",708.5,2,friaseus
5150,16854521,koumiyata,"2026-09-18 01:34:16",708.1,2,koumiyata
5151,16775353,"YK Pan","2026-09-14 11:19:52",708.1,2,vansher
5152,16883264,"João Felipe Aguiar","2026-09-13 15:32:14",707.9,2,joofelipeaguiar
5153,16691481,"Aditi Salvi","2026-08-18 15:24:53",707.1,2,aditisalvi04
5154,16656379,"Jay Gautam","2026-08-12 12:19:40",707.0,2,jaygautam007
5155,16678666,"Rudranarayan Pradhan","2026-08-09 12:28:32",706.6,2,itzrnp
5156,16658569,"Danu A.","2026-08-05 13:12:09",706.5,2,eu1234
5157,16775125,weimean,"2026-09-18 03:32:42",706.1,2,gtwm98
5158,16882072,"Ahmed Isa Zaweel","2026-09-13 09:57:29",705.5,2,ahmedisazaweel
5159,16764445,sukesuke012,"2026-09-03 01:40:16",705.4,2,sukesuke012
5160,16898276,SergioMoras,"2026-09-18 10:49:37",705.3,2,sergiomoras
5161,16669466,"vuppuluri sriramsubhash","2026-08-06 08:42:50",704.9,2,vuppulurisriram
5162,16632571,"nishchal jain","2026-08-03 07:27:14",704.4,2,nishchaljainds
5163,16646360,"Asrith Singampalli","2026-08-03 08:46:59",704.4,2,asrithsingampalli
5164,16697736,"Daniel Correa","2026-09-15 12:55:14",704.4,2,dcorrea1
5165,16716089,wuzixiao,"2026-09-08 03:36:02",704.3,2,wuzixiao
5166,16678044,BJFC,"2026-08-16 09:15:05",704.0,2,"harshithharithsa,svsumanth"
5167,16658048,"Joel jaison 391","2026-08-05 02:31:57",704.0,2,joeljaison391
5168,16911078,Tolgii,"2026-09-18 14:58:00",704.0,2,tolgakiremit
5169,16804094,faheem,"2026-09-18 13:19:13",703.7,2,faheemkhaskheli9
5170,16718579,"Nazariy Karpov","2026-08-18 07:28:29",703.5,2,nazariykarpov
5171,16918421,"Joseph Kosednar","2026-09-18 19:13:59",702.7,2,josephkosednar
5172,16670424,"Josep Audenis","2026-08-11 17:52:07",702.6,2,josepaudenis
5173,16884517,"Fizie Fulumaka","2026-09-14 07:46:31",702.6,2,fiziefulumaka
5174,16659125,"Meet Parekh","2026-08-19 10:31:09",702.4,2,meetparekh1
5175,16663200,BONES,"2026-08-31 06:05:00",702.3,2,tusharkumar23321032
5176,16758383,"Tong Jing Yen","2026-09-03 20:42:50",702.1,2,tongjingyen
5177,16677514,mayoristaNLP,"2026-08-09 16:33:23",702.1,2,mayoristanlp
5178,16880938,nousername22,"2026-09-18 10:21:33",701.6,2,nousername22
5179,16670759,"Lemmes Yad","2026-08-09 04:37:37",701.5,2,"austinsemmel,jonallday"
5180,16654267,maniginam,"2026-09-18 03:00:06",701.5,2,maniginam
5181,16759229,"Samuel Kurabachew","2026-08-28 22:17:20",700.4,2,samuelkurabachew
5182,16730326,atsushi11o7,"2026-09-16 11:24:22",699.9,2,atsushi11o7
5183,16823144,"AARAV JADAV","2026-09-10 03:30:21",699.8,2,aaravjadav
5184,16734511,"Marcin Salaterski","2026-09-16 23:18:31",699.7,2,marcinsalaterski
5185,16638667,"Sarvesh Nikas","2026-08-13 06:50:00",699.3,2,sarveshnikas
5186,16655187,cmxu,"2026-08-05 05:31:07",699.2,2,cmxu77
5187,16698596,ymok,"2026-09-12 02:00:52",698.8,2,iromao
5188,16831074,BiNar,"2026-09-18 19:13:55",698.5,2,durbinar
5189,16670842,Cole,"2026-08-15 19:50:43",698.4,2,colechristensen
5190,16692954,"Adam Nhan","2026-08-16 19:10:48",698.3,2,asnhan
5191,16692569,"Mark Kirwan","2026-08-26 08:05:16",698.0,2,markkirwan1990
5192,16623969,"Akira Imae","2026-09-18 14:12:32",697.8,2,imaeakira
5193,16641068,"Rahul Ray","2026-08-05 14:27:07",697.7,2,rahulray5
5194,16659174,Soulwood,"2026-09-06 04:56:32",697.7,2,soulwood
5195,16762719,"Ahmet Bilginoglu","2026-09-02 20:34:49",697.7,2,ahmetbilginoglu
5196,16767709,"Mike Anderson","2026-09-18 15:25:34",697.5,2,manderson240
5197,16637340,the_vinci_coder,"2026-08-03 16:27:16",697.5,2,lokijt
5198,16703203,"Hamza Shafik ","2026-08-17 23:48:06",697.5,2,hamzashafik12
5199,16793626,"KO LIH HAN","2026-09-11 01:29:18",697.1,2,kolihhan
5200,16823942,"jiajun chi","2026-09-06 04:18:22",696.8,2,jiajunchi
5201,16792512,ckd999,"2026-09-06 19:15:19",696.8,2,ckd999
5202,16718039,Uman_n3l,"2026-08-31 14:40:32",696.4,2,umann3l
5203,16675997,"Rintaro Moriwaki","2026-09-16 16:03:10",696.2,2,rintaromoriwaki
5204,16799024,Becegatto,"2026-09-18 01:36:52",696.0,2,viniciussignorelli
5205,16725150,"Nicolae Drabcinski","2026-09-01 11:45:51",696.0,2,nickdrabcinski
5206,16632426,Santhana,"2026-09-17 17:29:43",695.8,2,santhanalekshmic
5207,16715399,"Julia Chien","2026-09-05 08:21:06",695.6,2,juliachien
5208,16658050,"changwei shi","2026-08-18 02:45:47",694.7,2,changweishi
5209,16661585,"Fully Liquidated","2026-09-01 01:57:16",694.6,2,kriskilgroe
5210,16668748,"Harrison Interactive","2026-09-18 15:22:09",694.4,2,nosiru
5211,16853417,"Aditya Prasetyo Budiarso","2026-09-11 11:59:34",693.8,2,artsodeva
5212,16786485,"Sam Jenkins","2026-09-01 03:50:16",693.8,2,samjenkinsuk
5213,16905608,ChrisVas123,"2026-09-16 09:44:56",693.5,2,chrisvas123
5214,16770972,"Victoria Makarskaia","2026-08-27 12:28:53",692.8,2,victoriamakarskaia
5215,16708369,JairSanchez151270,"2026-08-11 16:30:55",692.7,2,jairsanchez151270
5216,16845284,KD0G22,"2026-09-07 20:07:47",692.7,2,kd0g22
5217,16665301,EricYang03,"2026-08-13 15:49:11",692.4,2,ericyang03
5218,16635127,"Sergey Bryansky","2026-08-26 20:39:37",692.3,2,sggpls
5219,16634876,MakiMakiAi,"2026-08-02 07:52:40",692.1,2,makimakiai
5220,16670365,"Konstantin Alekseev","2026-08-10 10:58:09",692.0,2,alekskst
5221,16719065,"Aldo Rizona","2026-08-17 15:32:26",691.8,2,aldorizona
5222,16666452,"victor souza","2026-08-09 17:07:51",691.8,2,victorcaio
5223,16655062,KKS,"2026-08-08 07:36:03",691.6,2,sachisgod
5224,16654491,"Amedeo Biolatti","2026-09-08 16:50:15",691.5,2,abiolatti
5225,16718202,"Abhi Kumar Agrawal","2026-08-18 09:52:24",691.3,2,abhikumaragrawal
5226,16728204,Meshwa,"2026-09-04 11:17:12",691.2,2,meshwapatel4287
5227,16652984,hxaxd,"2026-08-05 15:09:49",691.1,2,hxaxdcs
5228,16756176,"Unsh Rawal","2026-09-06 20:29:16",690.6,2,unshrawal
5229,16665654,"Anurag H H","2026-09-10 15:05:26",690.4,2,anur4ghh
5230,16663933,AnshV1,"2026-08-06 03:03:35",690.2,2,anshv1
5231,16726617,"Chase Lebarv","2026-08-19 01:07:58",690.2,2,chaselebarv
5232,16674532,"shoaib khan","2026-08-08 01:57:11",690.0,2,manifoldinfo
5233,16775210,"Daniel LPD","2026-09-10 14:44:52",689.6,2,daniellpd
5234,16684710,"Pratik Singh","2026-08-11 11:34:48",689.4,2,pratikks11
5235,16773966,"Ronel Abraham Mathew","2026-08-26 16:05:26",689.4,2,ronelm
5236,16802598,zxcqqe,"2026-09-12 10:56:15",689.3,2,anonimniygeniy
5237,16707034,"Muhammed Ali Kul","2026-09-15 14:52:53",689.1,2,muhammedalikul
5238,16640461,"Shigeru Kondou","2026-09-17 19:12:22",689.0,2,shigerukondou
5239,16708189,Facouse,"2026-08-11 16:09:17",688.7,2,facouse
5240,16662375,"Yunusa Hussein Adeiza","2026-08-14 22:12:49",688.6,2,yunusahusseinadeiza
5241,16663356,Farm-ops,"2026-08-06 23:27:37",688.1,2,"dakotavannauker,tsho01"
5242,16672035,diet1236364,"2026-08-09 23:37:45",688.0,2,kosuke123
5243,16664103,izack2666,"2026-08-07 14:41:10",687.9,2,izack2666
5244,16731990,Karl0106,"2026-09-18 08:35:18",687.8,2,karl0106
5245,16636725,shichi,"2026-08-11 12:47:35",687.8,2,shichi
5246,16719451,"Syed Toubur","2026-09-16 06:33:37",687.8,2,syedtoubur
5247,16688429,"Omrani Rabah","2026-08-11 22:19:21",687.7,2,omranirabah
5248,16663678,"Fabiano Adelino","2026-08-24 23:45:56",687.0,2,fabianoadelino
5249,16719081,数学の山田,"2026-09-15 10:28:05",686.8,2,b612sum1
5250,16798268,KAEOS,"2026-09-06 20:09:49",686.3,2,hitesh221
5251,16639719,JASONSLIMWONG,"2026-08-02 08:11:22",686.2,2,jasonslimwong
5252,16718539,"Divyansh Agrawal","2026-08-14 06:58:46",686.2,2,spartan1925
5253,16849153,"Zackary Loevseth","2026-09-08 06:14:48",685.8,2,zackaryloevseth
5254,16759443,"Ayman machhidan","2026-09-12 22:15:45",685.7,2,aymanmachhidan
5255,16664828,Leon,"2026-08-09 09:00:09",685.6,2,leonmyl
5256,16696267,"yu lesui","2026-08-10 05:41:40",685.3,2,yulesui
5257,16733131,Rad,"2026-09-18 11:36:46",685.2,2,vnt174
5258,16881370,"xianhao Lin6077","2026-09-15 12:39:40",684.8,2,xianhaolin6077
5259,16710621,(´･_･`),"2026-08-16 07:14:53",684.6,2,tanakh
5260,16635049,rooklift,"2026-08-16 06:27:36",684.5,2,rooklift
5261,16724522,"stathis maurog","2026-08-26 07:01:48",684.5,2,stathismaurog
5262,16872204,"Nguyễn Trần Thanh Bình","2026-09-14 07:30:35",684.5,2,nguyntrnthanhbnh
5263,16804027,ceir-ceir,"2026-09-03 19:11:09",684.5,2,ceirceir
5264,16713877,FunnyBishop,"2026-08-16 03:19:24",684.4,2,funnybishop
5265,16755398,takataok_42,"2026-09-16 14:02:03",683.7,2,takataok42
5266,16728069,Taisei7,"2026-09-09 06:27:49",683.5,2,taisei7
5267,16657095,"Prashant Kumar","2026-08-20 12:59:11",683.1,2,praskr
5268,16662138,"Luan He","2026-09-05 21:53:24",683.0,2,luanhe
5269,16758204,kkKaan,"2026-08-24 07:56:58",683.0,2,kkkaan
5270,16767802,"Luis Fernando Faria","2026-08-31 20:57:29",682.6,2,luisfernandofaria
5271,16654193,fvong,"2026-09-04 07:15:22",682.2,2,fvong35963
5272,16684957,"Lucas Ferreira","2026-08-11 18:20:43",682.1,2,lucasdeoferreira
5273,16863492,"Andrew Kalita","2026-09-10 03:32:25",681.7,2,andrewkalita
5274,16663659,"Omer Rehman","2026-09-02 11:05:02",681.5,2,omerrehman97
5275,16698366,Fateyongheng,"2026-08-17 15:08:58",681.5,2,fateyongheng
5276,16702932,kyconf,"2026-09-12 14:10:46",681.5,2,kyconf
5277,16639973,akky,"2026-08-03 15:39:41",681.1,2,tellxxx
5278,16832555,"Yanxi Teng","2026-09-16 18:46:46",680.8,2,yanxiteng
5279,16685069,derek_kuang0213,"2026-08-22 10:33:21",680.6,2,derekkuang0213
5280,16692350,"Emerson Suarez","2026-08-16 05:09:13",680.5,2,jericksystem32
5281,16882001,"Satyam Pote","2026-09-13 00:00:04",680.4,2,satyampote
5282,16757447,soyukke,"2026-09-13 17:38:12",680.4,2,soyukke
5283,16735298,Watary0927,"2026-08-22 23:25:11",680.3,2,watary0927
5284,16666341,"Ege Güvener","2026-09-11 17:20:35",680.3,2,egegvener
5285,16881453,"fahim magsi","2026-09-13 15:18:43",680.2,2,fahimmagsi
5286,16663343,"Abdullah M. Haque","2026-09-13 18:41:14",680.2,2,abdullahmhaque
5287,16624506,zhongtian,"2026-09-17 10:58:10",680.1,2,kmtbang
5288,16838855,"Sze Yu Sim","2026-09-09 01:37:05",679.3,2,szeyusim
5289,16659749,"Kavsik YVS","2026-08-22 19:30:45",679.2,2,kavsiku0512
5290,16634582,"Tarun Chaudhary","2026-08-12 06:36:33",679.1,2,tarunchdev
5291,16759162,sgsuh,"2026-09-13 13:24:02",679.0,2,seukgyo
5292,16688929,"Kangqiao LIU","2026-08-18 07:44:55",678.6,2,kangqiaoliu
5293,16635848,KartoplyanePure,"2026-08-31 20:43:34",678.4,2,"danylotovp,wizardmp"
5294,16667762,KucingGanteng,"2026-09-12 20:04:37",678.4,2,dhiyaussalam
5295,16760087,Slizzle,"2026-08-30 04:37:40",678.3,2,sloan98
5296,16640619,"Sơn Nguyễn","2026-08-28 08:19:19",678.3,2,sonnguyen10
5297,16715251,SoraGinko,"2026-08-28 18:52:17",678.1,2,terrywuu
5298,16822111,hikarimaru,"2026-09-10 14:07:36",678.0,2,hikarimaru
5299,16887820,"Radosław Czajkowski","2026-09-18 14:58:36",677.8,2,radoslaw
5300,16625339,kazusw,"2026-09-17 13:28:52",677.6,2,kazusw
5301,16639223,"SIDHAARTH SHREE","2026-08-19 15:03:55",677.4,2,sidhaarthshree
5302,16716300,"Julian Kerignard","2026-09-07 10:12:31",677.4,2,juliankerignard
5303,16852559,永井こうたろう,"2026-09-09 04:01:11",677.0,2,kotakota914
5304,16661943,"Cow Wizard","2026-08-14 02:14:58",676.9,2,cowwizard321
5305,16623555,yindujuxi,"2026-08-01 10:11:35",676.9,2,yindujuxi123
5306,16763977,"Jong Park","2026-08-26 09:21:40",676.6,2,papercat318
5307,16674543,"Sujal Agarwal2301","2026-08-09 13:37:43",676.6,2,sujalagarwal2301
5308,16863974,suteno,"2026-09-17 10:28:02",676.1,2,sutekikano
5309,16635177,Zacchaeus,"2026-08-07 07:04:15",676.0,2,zacchaeus
5310,16659294,"Muhammad Rafzan","2026-09-05 18:30:44",676.0,2,revianalfariz
5311,16862913,MLEDV,"2026-09-11 18:13:10",676.0,2,edwardvaines
5312,16690852,"Naveen Venu Bagadi","2026-08-30 04:38:13",675.9,2,naveenvenubagadi
5313,16661467,sh_sub97,"2026-08-12 15:20:25",675.6,2,shsub97
5314,16815488,"crothety liu","2026-09-05 06:27:35",675.6,2,crothetyliu
5315,16694269,Aftxb,"2026-08-11 14:58:08",675.5,2,aftxb07
5316,16856888,"Md Mehrab Hossain Opi","2026-09-10 07:16:45",675.3,2,iamopi
5317,16738994,"Hem Viramgama","2026-08-21 00:34:48",675.2,2,hemviramgama
5318,16874388,"Shuqi Zhang","2026-09-18 11:21:30",675.1,2,sasalisa
5319,16698007,"Juanma Serrano","2026-08-23 15:49:31",675.1,2,juanmaserrano
5320,16663238,"Francesco Zaccaria","2026-08-21 07:28:57",675.0,2,francescozaccaria
5321,16658272,"Yash Katiyar","2026-08-08 20:17:05",674.9,2,yashkatiyar409
5322,16846968,kfous,"2026-09-18 08:06:46",674.5,2,kfousekis
5323,16809371,"Aashir Noman","2026-09-18 10:03:45",674.1,2,aashirnoman
5324,16855147,Kao0207,"2026-09-12 12:32:12",673.9,2,kao0207
5325,16669330,"Panagiotis Charalabopoulos","2026-08-26 18:49:46",673.8,2,panagiotischaral
5326,16712321,"Elias Schecke","2026-09-11 15:00:14",673.5,2,eliasschecke
5327,16883641,"Benedek Brandschott","2026-09-15 14:35:05",673.2,1,benedekbrandschott
5328,16624277,"D S S Kumar","2026-08-10 03:22:55",672.7,2,satrusskumar
5329,16663361,protoLabs.studio,"2026-08-06 18:39:50",672.6,2,protolabsstudio
5330,16658602,aldoktvns,"2026-08-04 15:51:08",672.6,2,alrette
5331,16723241,TrinhDung16,"2026-08-15 16:23:32",672.5,2,trinhdung16
5332,16658083,"Gunjan Solanki","2026-09-03 10:39:28",672.5,2,blackhatv1
5333,16662050,HandsOffMyBigMelons,"2026-08-13 22:00:12",672.4,2,scrattle
5334,16694779,JacobKooi,"2026-08-10 09:16:35",672.1,2,jacobkooi
5335,16807281,sansh0u0,"2026-09-04 02:16:09",672.0,2,sansh0u0
5336,16657397,"QSS Technosoft AI Team","2026-08-05 07:47:00",671.8,2,"kunalthedev,nishantkumarabes,prathamydvv,prishagdev,shreyakchakraborty"
5337,16673477,ArtFix,"2026-08-11 00:51:09",671.7,2,artfix
5338,16746380,JKong,"2026-08-22 01:40:01",671.6,2,kmt2001
5339,16633175,"Umut Kıvanç Sipahioğlu","2026-08-04 15:51:56",671.5,2,umutkvansipahiolu
5340,16822523,bvgr,"2026-09-15 19:17:50",671.5,2,vbeeram
5341,16741243,"Yasin Mert Şahin","2026-09-18 07:46:05",671.5,2,ymertsahin
5342,16632950,"Adil Khabibullin","2026-08-04 15:54:11",671.4,2,adilkhabibullin
5343,16660548,"Viraj Bakshi","2026-08-08 18:50:11",671.3,2,virajbakshi
5344,16717414,"Akshit Sivaraman","2026-08-13 14:43:40",671.3,2,akshitsivaraman
5345,16675475,"Andrey Aristov","2026-08-10 22:02:24",670.9,2,andreyaristov
5346,16665816,Vikas1306,"2026-08-10 05:53:19",670.8,2,vikas1306
5347,16659529,"Sanchit Jain","2026-09-17 21:12:09",670.8,2,sanchit1609
5348,16635796,MugaBros,"2026-08-04 05:27:02",670.8,2,"drrocktotpalkonwarh,monjyotid"
5349,16623645,"ayutin tin","2026-08-14 07:48:31",670.7,2,ayutintin
5350,16671217,"Akshay V","2026-08-21 04:01:22",670.6,2,akshayv1001
5351,16652446,"tine.sh agent","2026-09-17 16:53:41",670.4,2,sidcodegg
5352,16656501,"Thái Phạm Công","2026-08-05 03:59:47",670.4,2,thaipc
5353,16736632,Leo,"2026-09-15 02:33:58",670.1,2,huangkx666
5354,16770154,Florian,"2026-09-11 07:52:00",669.8,2,ftusek
5355,16763886,"Jackson Sauls","2026-09-04 22:59:51",669.0,2,jacksonsauls
5356,16668021,"bali rasem","2026-08-07 16:15:13",668.4,2,balirasem
5357,16910680,colum2131,"2026-09-18 14:55:13",668.4,2,columbia2131
5358,16818110,Kactus,"2026-09-16 00:15:43",668.4,2,kactus
5359,16732746,MSG_Encrypted,"2026-09-18 19:11:39",668.3,2,msghais
5360,16668123,B0RN2BL0W0UT,"2026-09-03 12:36:43",667.9,2,kadenmansur
5361,16674324,"luca fregona","2026-08-08 13:37:49",667.7,2,lucafregona
5362,16758298,"Jack p","2026-08-30 07:36:22",667.7,2,jtv199
5363,16888646,tinaztepec,"2026-09-17 01:51:46",667.6,2,tinaztepec
5364,16705345,"DEMON JI","2026-08-14 15:02:11",667.6,2,demonji04
5365,16662338,jaepyeocho,"2026-09-13 11:39:37",667.5,2,jaepyeocho
5366,16664241,payoon,"2026-08-07 08:24:05",667.0,2,payoon1234
5367,16731443,"Arjun Vinod","2026-08-21 01:00:30",667.0,2,arjun0014
5368,16697844,Noobykiller16,"2026-08-15 06:08:27",666.8,2,noobykiller16
5369,16759623,"zhenglu wen","2026-08-26 06:24:09",666.6,2,zhengluwen
5370,16840735,"Heavy Drivers 2.0","2026-09-16 22:40:25",666.6,2,"cranjuice,pgggggggggggg,sudhanvaed25b055"
5371,16797025,"Jonathan Glinton","2026-09-11 17:11:01",666.6,2,jonathanglinton
5372,16669392,cobrapigeon,"2026-08-20 18:43:25",666.4,2,cobrapigeon
5373,16665120,nobody,"2026-08-13 14:48:45",666.0,2,rajesh1729
5374,16666391,"Harshpreet Singh","2026-08-06 10:32:51",665.9,2,harshpreet931
5375,16668868,tawashi,"2026-08-13 06:51:45",665.5,2,tawashi
5376,16662486,"KOTHAPALLI DILEEP","2026-08-10 12:06:14",665.3,2,kothapallidileep
5377,16633923,JackyFan123,"2026-08-01 15:22:04",665.0,2,jackyfan123
5378,16665984,hepialidae,"2026-08-10 16:05:19",664.6,2,hepialidae
5379,16811210,"Matt Dowis","2026-09-04 14:41:36",664.6,2,mattdowis
5380,16755568,KHuShIMaHajan,"2026-08-21 18:55:05",664.5,2,bymista4578
5381,16690988,"Aditya Bharadwaj","2026-08-20 10:02:32",664.3,2,adityabharadwaj26
5382,16888546,"Skskj Sskm","2026-09-16 03:06:12",664.1,2,skskjsskm
5383,16760439,XLX,"2026-09-06 03:20:58",663.9,2,lonelygleaner
5384,16797395,"LCNN JJ","2026-09-17 16:38:59",663.8,2,supremebeast08
5385,16664149,"Bushel Seed","2026-08-12 17:10:56",663.4,2,"dmyung,nicholasmschwartz"
5386,16780969,"Ewa Suknarowska","2026-08-30 15:53:25",663.2,2,ewasuknarowska
5387,16719745,"Masih Pemula Beneran","2026-08-31 02:14:53",663.1,2,mikhaeldhika
5388,16743617,Dancing_Chaos,"2026-08-31 15:42:35",662.8,2,"bailynlove4ever,ripplecddc"
5389,16660955,"Nihal l.suvarna","2026-09-17 14:24:23",662.7,2,nihallsuvarna
5390,16739640,TeamBanzaiSL,"2026-08-27 17:13:26",662.7,2,teambanzaisl
5391,16641141,"Yuri Barbashov","2026-09-15 20:20:49",662.6,2,yuribarbashov
5392,16777222,"José Daniel Ara","2026-08-27 00:12:53",662.1,2,josdanielara
5393,16755681,nic001,"2026-08-28 08:06:19",661.8,2,mimamura
5394,16672103,"fred mahinay","2026-08-24 23:34:48",661.8,2,fredmahinay
5395,16684436,Simon-the-sorcerer,"2026-09-17 19:44:09",661.7,2,simonwiller
5396,16676308,DC,"2026-08-19 17:34:02",661.6,2,choudahchiun
5397,16655217,"Jiawei Zhao","2026-09-18 12:32:13",661.4,2,c789a123
5398,16851573,NaNomin,"2026-09-08 01:55:42",661.4,1,nanomin
5399,16741892,astro,"2026-08-20 20:49:49",661.0,2,mayursamrutwar
5400,16655142,"Stanislav Kuznetsov","2026-09-03 12:58:20",660.7,2,drtduck
5401,16641348,wata,"2026-09-17 03:32:14",660.1,2,iwatahiroki
5402,16729859,wintermute,"2026-09-02 19:15:07",659.8,2,siraev
5403,16798478,"Vinicius Pupin","2026-09-02 21:29:51",659.6,2,viniciuspupin
5404,16888900,"Koh Endru","2026-09-15 10:02:13",659.6,2,kohendru
5405,16892727,Pi,"2026-09-18 12:37:53",659.5,2,liemdt
5406,16631090,yoikoarmor,"2026-08-09 07:01:44",659.3,2,yoikoarmor
5407,16675661,June_mk,"2026-09-06 00:08:47",659.3,2,jungoto
5408,16657646,mountainbob,"2026-09-14 06:30:19",659.3,2,shongpakmanoon
5409,16857130,"Joao Araujo","2026-09-09 01:11:50",659.2,2,jhcaextra
5410,16670214,"Louis @ tradeInsight.ai","2026-08-21 15:18:11",659.2,2,louisquart
5411,16655744,"Ademola Arigbabuwo","2026-09-03 21:44:49",659.2,2,princedemo
5412,16860088,Lockers,"2026-09-09 11:32:59",659.2,1,lockers123
5413,16759351,"Shinsaku Haruta","2026-09-12 23:43:26",659.1,2,shinsakuharuta
5414,16679079,"cedric stephan ","2026-08-25 20:39:15",658.4,2,cedricstephan
5415,16678246,"Mark Holloway","2026-09-05 22:23:35",658.3,2,markholloway
5416,16635421,"Lennart Haupts","2026-09-18 13:01:48",658.2,2,lennarthaupts
5417,16635004,"jacob OKOTH O","2026-08-02 05:57:05",658.1,1,jacobokotho
5418,16668298,"Riki Garcia","2026-08-26 15:36:14",658.1,2,rikigarcia
5419,16665517,"RUEI-HSIANG. CHANG","2026-08-17 15:23:55",657.8,2,rueihsiangchang
5420,16695822,"Ahmad Elawady","2026-08-18 20:06:59",657.2,2,aielawady
5421,16734712,"Jamshid Ganiev","2026-08-19 06:03:31",656.9,2,jamshidganiev
5422,16664024,"Juan David Bolanos","2026-08-13 17:06:00",656.7,2,juandavidbolanos
5423,16758316,"Roy Lo TW","2026-09-18 11:53:05",656.5,2,roylotw
5424,16688108,Special_octo20,"2026-09-14 19:16:13",656.4,2,specialocto20
5425,16670420,"Mihir Argulkar","2026-08-07 20:03:15",656.3,2,mihirargulkar
5426,16839427,kooooozh,"2026-09-16 11:35:57",656.3,1,grigoriykozhemyakin
5427,16673346,gabrielep09,"2026-08-11 01:52:41",656.2,2,gabrielep09
5428,16702270,"Jonas Jaku","2026-09-09 06:37:15",656.2,2,jonasjaku
5429,16666833,DenisKoronchik,"2026-09-14 21:19:27",656.1,2,deniskoronchik
5430,16859900,ZZZ234234234,"2026-09-18 13:14:30",655.9,2,zzz234234234
5431,16660310,KOLONEX.NET,"2026-08-10 12:40:46",655.9,2,danielandresmiranda
5432,16658377,Masaya,"2026-09-04 15:10:14",655.4,2,irrohas
5433,16630519,"Mehmet Özer","2026-08-01 16:51:55",655.4,2,ozermehmet
5434,16657547,"Pranav Thota","2026-09-17 09:55:16",655.3,2,pranavthota
5435,16696724,arkmid,"2026-09-09 13:11:46",655.2,2,arkmid
5436,16740404,BarrelAged,"2026-09-13 11:27:04",655.2,2,johnhosack
5437,16694575,"Aloise Mutune","2026-09-17 13:48:22",655.1,2,aloisemutune
5438,16841397,"Petro Tarnavskyi","2026-09-06 12:36:05",655.0,2,petrotarnavskyi
5439,16799014,"Vaibhav singh kaira","2026-09-12 04:49:54",654.9,2,vaibhavsinghkaira
5440,16678773,"Steve Probst","2026-09-09 01:51:39",654.8,2,steveprobst
5441,16712567,PatWid,"2026-08-18 17:17:20",654.8,2,patwid
5442,16636454,epigene,"2026-08-02 10:14:52",654.6,2,nadhu59648
5443,16669856,StrugglerK,"2026-09-17 21:34:10",654.5,2,muhammedkaanlker
5444,16654743,"Jaume Batlle i Ferrer","2026-09-17 15:50:43",654.3,2,jaumebatlleiferrer
5445,16687808,GorillaGhost,"2026-08-13 23:23:10",654.2,2,gorillaghost
5446,16662128,BenPalmer59,"2026-08-11 19:16:24",653.4,2,benpalmer59
5447,16747390,SawadaTsurumai,"2026-08-24 09:48:07",653.3,2,sawadatsurumai
5448,16750175,"Quentin Pr","2026-08-27 18:08:14",653.0,2,quentinpr
5449,16677402,"Hıdır Demir","2026-09-10 22:35:54",652.9,2,hdrdmr
5450,16810807,Cordiz,"2026-09-03 22:42:51",652.8,2,cordiz
5451,16664154,dwdwdwsdedwd,"2026-08-11 06:29:24",652.7,2,dwdwdwsdedwd
5452,16679295,Mk26,"2026-09-04 13:52:05",652.7,2,"manishk26,mans31"
5453,16656274,googunmo,"2026-08-08 01:13:58",652.4,2,googunmo
5454,16875690,jwboost,"2026-09-16 04:31:31",652.2,2,kiritocui
5455,16623886,onepunch999,"2026-08-01 07:30:37",651.7,2,onepunch999
5456,16667874,Vidushiii,"2026-08-10 12:25:42",651.5,2,vidushianand09
5457,16630741,mrk,"2026-08-05 09:49:44",651.3,2,matsubaratakuji
5458,16709481,"Gerbilles Saucières","2026-08-22 10:38:44",651.3,2,"benjaminhrt30,volbox1902"
5459,16670834,romin_123,"2026-08-14 01:25:19",651.3,2,romin123
5460,16687883,CherylStoned,"2026-08-11 22:53:28",651.1,2,cherylstoned
5461,16662191,"Daniele Rufo","2026-09-18 08:53:09",651.0,2,danielerufo
5462,16664219,JosephGuhlin,"2026-08-10 08:46:16",650.9,2,jguhlin
5463,16630559,khan,"2026-08-02 12:18:56",650.6,2,khansolov
5464,16695662,"Ollie Lowe2","2026-08-16 16:47:01",650.6,2,ollielowe2
5465,16916387,Nathan,"2026-09-18 14:01:04",650.6,2,nathanpradostapia
5466,16663784,Aniketh2k7,"2026-08-10 06:02:02",650.6,2,aniketh2k7
5467,16658043,"Tran Huy Hoang1312","2026-08-05 01:58:39",650.5,2,tranhuyhoang1312
5468,16665942,"Satvik R Shetty","2026-08-09 03:59:52",650.5,2,satvikrshetty
5469,16656072,Vespidae,"2026-08-14 03:30:03",650.4,2,ianapis
5470,16693137,"Ich Benavides","2026-09-06 18:24:52",650.3,2,jabeichbenavides123
5471,16639679,"Felix Allistar","2026-09-10 22:59:01",649.8,2,felixallistar
5472,16701036,"Tiandong Wang","2026-08-19 11:45:32",649.7,1,condone
5473,16631353,"Shivam Shinde","2026-08-01 15:29:24",649.7,2,shindeshivam
5474,16650160,nori8774,"2026-08-10 06:26:21",649.6,2,norimasayamamoto
5475,16637898,"Marek Nurzynski","2026-08-01 16:06:46",649.4,1,marek3000
5476,16639492,"Vishnu R Mohan","2026-08-08 20:36:19",649.4,2,vishnurmohan
5477,16633928,ghostiee11,"2026-08-01 01:33:25",649.2,1,ghostiee11
5478,16738538,ZHANG_WuHua,"2026-08-18 16:21:19",649.1,2,zhangwuhua
5479,16741660,Dhruv_Goyal990,"2026-09-03 16:20:31",649.1,2,"dhruvgoyal990,prathameshbelavagi"
5480,16784960,i-yuki23,"2026-08-30 01:13:11",649.1,2,iyuki23
5481,16741188,"Adarsh Samanu","2026-08-20 00:01:33",649.0,2,adarshsamanu
5482,16659974,"anthony sinchi","2026-08-18 00:01:08",648.8,2,anthonysinchi
5483,16665395,"bachi idriss","2026-08-10 15:23:30",648.7,2,bachiidriss
5484,16746151,"Nicolas Gomasjaya","2026-08-26 16:57:08",648.5,2,nicolasgomasjaya
5485,16912690,"Tegh Bindra","2026-09-18 17:33:35",648.5,2,teghbindra
5486,16657570,"Guruprasad Parasnis","2026-08-10 12:04:57",648.3,2,guruprasadparasnis
5487,16668089,Goller,"2026-08-26 15:05:53",648.3,2,goller
5488,16808242,keowpwpwkeo,"2026-09-07 18:23:50",648.2,2,keowpwpwkeo
5489,16847275,"Giovanni Marco Dall'Olio","2026-09-09 20:43:20",648.2,2,dalloliogm
5490,16669561,"Nikunj Pahwa","2026-08-15 20:04:36",647.9,2,nikunjpahwa
5491,16699578,kakanekoka,"2026-09-04 17:45:15",647.7,2,kakanekoka
5492,16772673,"Alejandro Rendon B.","2026-09-09 23:15:52",647.3,2,alejandrorendonblan
5493,16705348,"Howard lin","2026-08-20 23:01:36",647.2,2,howardlin007
5494,16780019,"hamza khokhar890","2026-09-07 18:49:09",647.1,2,hamzakhokhar890
5495,16724002,Yahia717,"2026-08-20 20:48:31",646.9,2,yahia717
5496,16668168,"Ashutosh Ghodasara","2026-08-10 12:23:21",646.9,2,"asce09,attiraina,hashlord"
5497,16707037,"Cedoque BAGBONON","2026-09-18 17:48:41",646.8,2,cedbag
5498,16656460,dlutwzh,"2026-08-08 06:48:33",646.7,2,dlutwzh
5499,16631573,uesi,"2026-08-01 12:04:04",646.6,1,uemura687
5500,16823204,"Adilson Eduardo Tostes Carmo","2026-09-17 03:52:50",646.6,2,eduardotostess
5501,16666204,"David Nana Kofi Ofosu-Arko","2026-08-05 11:04:42",646.0,2,davidnanak
5502,16777746,"Daniel Bandy","2026-08-29 02:04:01",646.0,2,goddangitboby
5503,16738805,"Sergey Panasenko","2026-08-31 23:14:50",645.4,2,spanasenko
5504,16899024,"Whoopie Wanja","2026-09-18 17:11:06",645.3,2,"nickazaria,woupyie"
5505,16809762,"Ryan Wong","2026-09-04 14:47:39",645.3,2,taggatle
5506,16876021,"Jeff Law #2","2026-09-17 23:31:28",645.1,2,jlaw99
5507,16630501,"Haris Ahmed","2026-08-14 10:08:51",644.6,2,harisahmedgenai
5508,16819872,"Shi Van","2026-09-03 16:50:46",644.4,1,shivanufo
5509,16904651,chenpengyu603,"2026-09-18 03:26:29",644.2,2,chenpengyu603
5510,16750036,"Kiệt Lưu","2026-09-05 03:41:19",644.2,2,jaxyss
5511,16654855,"Pedro Rezende Gomes","2026-08-06 00:41:30",643.9,2,pedrorzgomes
5512,16781242,"Bobby Clare","2026-09-03 17:04:16",643.7,2,bobbyclare
5513,16832474,"Isaac D. Hérnandez G.","2026-09-15 23:52:34",643.6,2,isaacdhrnandezg
5514,16691580,"Toni Blanco","2026-08-11 13:10:45",643.2,2,toniblanco
5515,16756113,"George Megre","2026-09-16 07:04:00",642.6,2,georgemegre
5516,16761227,Ciel_ing,"2026-08-23 10:03:29",642.5,2,cieling
5517,16653222,StevenYuan7788,"2026-08-17 17:38:44",642.4,2,stevenyuan7788
5518,16784154,JoshJML,"2026-09-03 05:39:26",642.4,2,joshjml
5519,16645297,Mark_RowSet,"2026-08-09 05:25:39",642.4,2,markrowset
5520,16679887,ScriptRed,"2026-08-09 00:36:30",642.3,2,scriptred
5521,16664457,yaohongfu,"2026-08-10 12:30:43",642.3,2,yhfwww
5522,16675888,"Rob Gonzalez","2026-08-08 14:58:43",642.1,2,robg475
5523,16767934,"taha berk","2026-08-26 15:21:51",642.0,2,tahaberkterekli
5524,16897821,bjthomas,"2026-09-18 13:57:04",642.0,2,bjthomas
5525,16656162,Marisyn,"2026-08-18 18:19:19",641.9,2,marisyn
5526,16755111,ingemarieke,"2026-08-21 15:04:53",641.7,1,ingemarieke
5527,16658430,bruyantq,"2026-09-13 08:10:44",641.6,2,bruyantq
5528,16763838,"L. Barriga","2026-09-09 10:57:18",641.1,2,lbarriga
5529,16885575,"Kotaro Imamura","2026-09-18 00:47:04",640.4,2,kotaroimamura
5530,16893361,lemonjuice2312,"2026-09-18 04:33:37",640.4,2,lemonjuice2312
5531,16809800,XYZ-Siddhartha,"2026-09-18 07:40:37",640.3,2,siddharthaganguly26
5532,16724355,hansama.qht,"2026-09-18 15:48:07",640.1,2,hansamaqht
5533,16654456,"Tristan Peng","2026-08-09 17:00:48",640.0,2,tristanpeng
5534,16664709,kai,"2026-08-18 23:29:11",639.9,2,sungwo101
5535,16752324,"yunchuan liu","2026-09-06 22:21:06",639.8,2,hoteye
5536,16797969,probability,"2026-09-07 09:44:49",639.7,2,probabilitywavepeak
5537,16739128,"Praneeth Paikray","2026-09-07 11:18:26",639.6,2,paiky1995
5538,16669489,"Yichi Zhang","2026-08-28 19:31:07",639.6,2,yichizhang12
5539,16745972,yamy893,"2026-08-22 02:14:20",639.4,2,yamy893
5540,16633269,op_star_platinum,"2026-08-09 17:52:52",639.2,2,opstarplatinum
5541,16672493,ChloeeeeY,"2026-08-23 06:17:03",639.1,2,chloeeeey
5542,16687788,"Me and the Geese","2026-08-26 15:57:41",639.0,2,skalermo
5543,16699838,"Harry Taylor","2026-08-21 10:38:18",639.0,2,harryphysics
5544,16742073,"nguyễn huệ anh","2026-09-15 15:55:00",638.7,2,akapatu
5545,16636954,"Jeff Horon","2026-09-13 16:30:41",638.7,2,jeffhoron
5546,16657290,lol-hiker,"2026-09-08 07:32:03",638.4,2,lolhiker
5547,16879477,liuzewen123,"2026-09-18 07:14:33",638.1,2,liuzewen123
5548,16737986,"Edris Yawar #2","2026-09-05 09:32:08",638.1,2,edrisyawar
5549,16730028,"Ken Qian","2026-08-17 03:10:15",638.0,2,kenqian
5550,16638031,vlad101,"2026-08-21 15:10:27",638.0,2,vlad101
5551,16699488,"Kelvin Lai","2026-09-18 19:12:56",637.8,2,kelvin84hk
5552,16659817,"Viet Anh Ngo ","2026-08-31 09:41:08",637.8,2,vietngogm
5553,16635670,"Mr.S hanakosan","2026-08-09 00:31:34",637.7,2,earlgreytea15
5554,16668720,"etienne duplessix","2026-08-10 22:48:53",637.5,2,etienneduplessix
5555,16769767,bruhbruh,"2026-08-28 08:51:26",637.3,2,nguyendinhbach69
5556,16692401,"Abdurehman Iqbal","2026-08-14 09:13:08",637.1,2,abdurehmaniqbal
5557,16660805,"Ramon van Dijk","2026-08-05 05:48:21",636.9,2,ramonvandijk
5558,16664112,"Ethan Hung","2026-08-08 21:44:57",636.8,2,chinesegorilla99
5559,16695633,"Kiran Kumar","2026-09-12 16:57:52",636.8,2,iamrkk
5560,16663736,"Life Is Roblox","2026-08-17 18:58:37",636.7,2,alexlisenko
5561,16668711,"David Leati","2026-08-28 00:47:39",636.6,2,davidleati
5562,16658224,"Daniel Gallardo Gómez","2026-08-07 08:17:24",636.5,2,danielgallardogmez
5563,16712410,aysfshn,"2026-09-09 15:09:08",636.4,2,aysfshn
5564,16726941,CJ103CJ,"2026-08-23 12:52:07",636.4,2,cj103cj
5565,16687925,BillDoser,"2026-09-11 21:54:35",636.3,2,billdoser
5566,16633772,ayuma,"2026-08-03 06:01:01",636.3,2,onthoze
5567,16871483,carnivore,"2026-09-15 10:16:55",636.1,2,prapproved
5568,16709950,"Ryan Myers","2026-09-16 07:50:55",635.8,2,ryanmyers03
5569,16781447,"Cody Schrank","2026-08-31 04:38:57",635.1,2,codyschrank
5570,16664159,"james nazareth","2026-08-19 02:13:23",635.1,2,jamesnazareth
5571,16861544,"Hiroyuki Fujimaki","2026-09-16 01:50:12",635.0,2,hiroyukifujimaki
5572,16636808,"Kaito Ichikawa","2026-09-18 10:15:37",634.6,2,kaitoichikawa
5573,16669164,コノウイ,"2026-09-18 08:23:41",634.2,2,nickhu0414
5574,16656912,"Sami Ali","2026-08-07 00:48:33",634.2,2,mrsamiali
5575,16658660,"Leo Lai","2026-08-13 08:14:45",634.1,2,junweilai
5576,16661225,"Monibee Fudgekins","2026-09-16 18:18:38",634.1,2,monibeefudgekins
5577,16668354,"ashraf saiyed","2026-08-13 13:44:31",634.0,2,ashrafsaiyed58
5578,16685938,"Gautier Fauchart","2026-08-12 05:57:21",633.6,2,gautierfauchart
5579,16665342,Prothos,"2026-08-23 13:44:29",633.4,2,vjuenemann
5580,16668269,"Rashi Jain07","2026-08-05 17:46:37",633.0,1,rashijain07
5581,16776928,aiexpert1120,"2026-09-01 16:48:18",633.0,2,aiexpert1120
5582,16757614,"Eduardo Molina","2026-09-06 04:04:22",632.7,2,eduardomolinaai
5583,16845664,fabio5050,"2026-09-16 04:04:27",632.7,2,fabio5050
5584,16659828,"Lebansty Valan","2026-08-21 14:14:56",632.6,2,lebanstyvalan
5585,16661529,"AL Najafi","2026-08-08 03:39:39",632.5,2,alnajafi
5586,16663884,DevilQ,"2026-08-23 22:08:52",632.1,2,"parhamesm,samuelescarfone12"
5587,16733763,Gaurav,"2026-09-04 00:54:37",632.1,2,gauravahlawat
5588,16651593,"huanxian chen","2026-08-11 11:13:05",631.9,2,huanxiachen
5589,16663922,MoongladeAI,"2026-09-14 03:49:11",631.8,2,moongladeai
5590,16731516,Sumit0694,"2026-09-15 21:17:01",631.8,2,sumit0694
5591,16680342,Game_khó_vkl,"2026-08-13 19:28:01",631.7,2,maruusha
5592,16724202,"Sooriya Senthilkumar","2026-08-23 05:25:47",631.6,2,sooriyasenthilkumar
5593,16656013,Asuran,"2026-09-04 04:43:56",631.6,2,zkasuran
5594,16777065,"dani yemane","2026-09-17 20:43:13",631.6,2,daniyemane
5595,16633466,"Aarush pandey","2026-08-25 19:17:14",631.5,2,aarushpandey
5596,16667258,"Firman Imam","2026-08-09 02:36:56",631.1,2,piririp
5597,16677105,"Chaitanya Yadav","2026-08-16 10:36:07",631.0,2,xhaitanya
5598,16736579,rk777848,"2026-09-18 08:46:45",630.8,2,rk777848
5599,16622993,"Yaroslav Tanko","2026-08-18 04:34:12",630.4,2,yaroslavtanko
5600,16766732,"Maziyar Abyari","2026-09-18 13:37:13",629.8,2,maziyarabyari
5601,16672687,Liz,"2026-09-17 23:43:24",629.7,2,lizgarcia3
5602,16723528,"Singaraj B","2026-09-05 15:33:26",629.4,2,singarajb
5603,16655340,LGarcia10,"2026-08-17 13:17:31",628.9,2,leonardogarcia10
5604,16633240,Igor,"2026-09-13 10:46:09",628.7,2,igor14497
5605,16755091,Charlie,"2026-09-05 22:45:41",628.6,2,zephyrlennox
5606,16738261,"Samuel Moreira","2026-08-24 14:11:40",628.5,2,samuelmoreira420
5607,16696895,BrokeFarm,"2026-09-16 20:46:27",628.5,1,brucec
5608,16655199,"Alexander Ulrich","2026-08-12 19:44:20",628.2,2,alexanderulrich01
5609,16808956,"Denis Zerov","2026-09-03 10:59:46",628.1,2,dinoden
5610,16657347,"Hibiki M","2026-08-20 15:30:40",627.9,2,hibikibrise
5611,16655629,Mai_Konare,"2026-08-17 06:20:49",627.7,2,maikonare
5612,16727059,ksankeerth1,"2026-09-03 02:28:22",627.7,2,ksankeerth1
5613,16748979,"Venkata Madhu Sai D ","2026-08-21 19:49:08",627.5,1,venkatamadhusaid
5614,16777228,"Zach Locke","2026-09-18 10:25:06",627.0,2,zachlocke
5615,16718133,KaranjeetSingh1110,"2026-09-16 15:31:45",626.9,2,karanjeetsingh1110
5616,16721960,"Lê Khang","2026-08-18 19:42:43",626.7,1,kobtdatten
5617,16745109,deflexor,"2026-08-27 21:35:07",626.2,2,deflexor050
5618,16692857,AbeLincoln1865,"2026-08-11 00:10:16",626.1,2,abelincoln1865
5619,16795923,KaluzaKlein,"2026-09-14 10:50:35",626.0,2,kaluzaklein
5620,16730236,加麻不加辣,"2026-09-17 13:03:48",626.0,2,"shiyuanhe123,zihaokang"
5621,16725010,jenninglim,"2026-08-23 08:38:47",625.8,2,jenningl
5622,16699415,"Dohwan Kwak","2026-08-31 01:05:28",625.7,2,dohwankwak
5623,16748955,micchy,"2026-09-13 04:59:51",625.5,2,micchy326
5624,16640816,pawaraman,"2026-08-02 19:46:52",625.4,2,pawaraman
5625,16789898,"Trung Phạm Đức","2026-09-09 04:00:19",625.4,2,arscil
5626,16649344,BeyondAnalytics,"2026-08-28 12:00:36",625.3,2,radumarinion
5627,16723729,"Lucas Cimiano","2026-08-29 17:21:55",624.5,2,lucascimiano
5628,16692896,"Guy Lev","2026-08-20 19:18:52",624.4,2,sarthobi
5629,16803726,Yaromir_Ko,"2026-09-08 13:25:00",623.9,2,ronanndex
5630,16854582,BlackWizard00,"2026-09-08 15:32:36",623.9,2,blackwizard00
5631,16749236,"Michael Müller","2026-09-07 15:57:15",623.8,2,michaelmller
5632,16741121,"Vignesh Nehru","2026-09-14 11:32:38",623.6,2,vigneshnehru
5633,16661650,"Docker container","2026-08-15 18:52:39",623.6,2,yossefaymanzedan
5634,16744133,"levr hang","2026-09-08 16:39:27",623.4,1,levrhang
5635,16915374,"Muaz Husaini","2026-09-18 07:58:24",623.4,2,muazhus
5636,16699091,Umkaaa,"2026-09-15 14:04:55",623.4,2,umkaaa
5637,16686787,"Lars Kammeijer","2026-08-07 21:31:11",623.2,2,larskammeijer
5638,16719696,"Spencer Farrand","2026-08-17 18:40:28",622.7,2,spencerfarrand
5639,16699292,"Siddharth Kumar Gopal","2026-08-14 16:35:03",622.7,2,siddharthkumargopal
5640,16665990,daffaharil,"2026-08-11 07:56:55",622.5,2,"daffaharil,farhansiddiq"
5641,16786043,Palimpsesto,"2026-09-08 23:44:50",622.5,2,denzelfuentes
5642,16670615,Ahornsirup,"2026-09-06 21:03:14",622.4,2,ahornsirup
5643,16747180,KaiKogure,"2026-09-03 12:46:04",622.4,1,kaikogure
5644,16623644,Accer_sz,"2026-08-02 00:27:32",621.8,2,accersz
5645,16724364,Sh4ron,"2026-09-11 15:48:11",621.7,2,sh4ron
5646,16793489,hendracos,"2026-09-02 03:10:03",621.7,2,hendracos
5647,16632266,"(ノ◡ <)","2026-09-09 07:15:13",621.4,2,nawfeelrahman1124444
5648,16775652,"Dat Dinh","2026-09-14 02:48:43",621.4,2,dathbdinh
5649,16660345,"Aadhithya Ramesh","2026-08-06 08:49:10",621.4,2,aadhithyaramesh
5650,16898204,"MAHESH ISHRAN","2026-09-18 17:47:00",621.3,2,iitm21f1003346
5651,16671646,Luche,"2026-08-08 04:23:32",621.3,2,henrylucky
5652,16854414,handsomeHBS,"2026-09-13 16:07:19",621.1,2,handsomehbs
5653,16660319,fahimMK,"2026-09-18 17:11:16",621.1,2,fahimmk
5654,16656107,Aotokitsuruya,"2026-09-02 14:35:20",621.0,2,elct9620
5655,16675952,bazinga,"2026-09-17 15:18:50",621.0,2,stephanhahn16
5656,16629844,IsaacJinyu,"2026-08-01 15:39:55",620.8,2,isaacjinyu
5657,16884815,"Idrees Asghar","2026-09-18 01:52:18",620.6,2,adiladil1275
5658,16622338,github/shepsci/kaggle-skill,"2026-08-24 17:22:49",620.6,2,shepscientific
5659,16756564,"Nicolas Defossé","2026-08-25 21:10:58",620.5,2,nicolasdefoss
5660,16698034,Anatoliy_Fomin,"2026-08-12 12:57:18",620.1,2,anatoliyfomin
5661,16677366,Gmmastermind,"2026-08-07 01:19:13",619.7,2,gmmastermind
5662,16809158,"Kaito Sada","2026-09-08 05:17:26",619.7,2,kaitosada
5663,16793892,cjc0013,"2026-08-31 18:27:50",619.6,2,cjc0013
5664,16692750,"Hoya need job","2026-09-14 21:58:28",619.6,2,pranavwankhade
5665,16667514,"Kakarott 10","2026-08-06 09:05:43",619.5,2,kakarott10
5666,16676254,"Lazy Lagoon","2026-09-17 16:26:05",619.5,2,"mokshoswal137,taniyasankhe"
5667,16655578,"Ahmed Merie","2026-08-13 00:11:40",619.3,2,aa7767
5668,16766888,"Alex #4","2026-08-24 14:42:19",619.0,1,alxndrvara
5669,16854339,"ML Underdogs","2026-09-16 14:05:43",619.0,2,mdjubairhasan
5670,16717952,Aydar,"2026-08-29 21:28:35",618.9,2,aydara
5671,16731260,"Jeel Gajera","2026-08-18 07:44:44",618.5,2,jeelog
5672,16632994,primal,"2026-08-12 16:02:29",618.5,2,primalhost
5673,16791960,Boladi,"2026-09-10 00:53:38",618.4,2,boladi
5674,16665042,Neo_0x3f,"2026-08-10 21:36:56",618.3,2,neo0x3f
5675,16891689,"Jiawei Xi","2026-09-14 19:46:39",618.2,2,jiaweixi56
5676,16655140,Efthimios,"2026-09-04 08:28:52",618.2,2,efthimiosfousekis
5677,16793189,"Akash Mohan Chaudhary","2026-09-01 18:29:57",618.1,2,akashmohanchaudhary
5678,16648215,"Terrence Chuwe","2026-08-03 13:32:15",617.9,2,terrencechuwe
5679,16714208,TirumalaMarri,"2026-08-29 00:04:15",617.7,2,mtreddy
5680,16750447,Morpheus0303003,"2026-08-24 16:58:42",617.7,2,morpheus0303003
5681,16642846,"Leonid Zaporozhets","2026-08-02 20:03:13",617.5,2,leonidzaporozhets
5682,16664884,Abhijeetgg,"2026-08-12 08:53:50",617.3,2,abhijeetgg
5683,16864558,"Henghan Dong","2026-09-14 03:42:19",617.0,2,henghandong
5684,16780484,"Edmond Kirsch","2026-09-01 17:30:28",616.6,2,edmondkirsch
5685,16846149,"Arnav Salkade","2026-09-07 15:00:23",616.2,2,arnavsalkade
5686,16660090,"Kaggriculture @ Farmageddon","2026-09-06 06:28:47",616.2,2,gary08phillios
5687,16738700,"Bugra Cinar","2026-08-19 07:51:58",616.1,2,bugracnr
5688,16752362,"Shashank Jangid (G25AIT2100)","2026-09-11 16:15:05",615.9,2,shashankjangid
5689,16692994,turneja,"2026-08-08 23:50:13",615.8,2,turneja
5690,16825667,"Lê Minh Dương","2026-09-08 05:45:07",615.7,2,minhduonq
5691,16792329,"Kumkum Barot","2026-09-18 17:33:13",615.6,2,kumkumbarot02062003
5692,16895824,"Dhruv lele","2026-09-17 08:59:02",615.5,2,dhruvlele
5693,16662015,"ryan panda","2026-09-09 22:46:56",615.3,2,hollowpurple
5694,16833040,"Vadim Demchuk","2026-09-05 06:07:54",615.2,2,vadimdemchuk
5695,16843082,"Mohmed Hafez","2026-09-17 12:07:52",615.1,2,mohmedatya
5696,16855646,Seshu,"2026-09-09 14:49:33",615.1,2,seshuthota
5697,16708824,"Tanaka Chiromo","2026-08-20 11:12:22",615.1,2,tanakachiromo
5698,16786437,"Kiran Narayana K","2026-08-30 06:45:20",615.0,2,kirannarayanak
5699,16665476,"Zhanghao Chen69","2026-08-19 12:42:33",614.8,2,zhanghaochen69
5700,16664804,ryanovovo,"2026-08-05 18:02:38",614.7,2,ryanovovo
5701,16755344,"Alizen James","2026-08-23 18:34:30",614.6,2,alizenjames
5702,16840365,"Pranjal Morwal","2026-09-18 18:36:25",614.6,2,pranjalmorwal
5703,16790257,"Shivam Kushwaha","2026-08-30 11:55:08",614.6,2,shivamk21
5704,16671421,"Gryffin Wang","2026-08-08 23:08:40",614.3,2,gryffindoraf
5705,16655663,"Farmland Destroyer","2026-08-19 13:43:22",613.8,2,minghaopang
5706,16715473,cmrfrd,"2026-08-14 04:58:15",613.6,2,thecmrfrd
5707,16806165,"Kaige Wei","2026-09-10 12:05:49",613.6,2,kaigewei0403
5708,16663963,M0h4m3d-Byte,"2026-09-17 21:53:16",613.6,2,dev3mohamed
5709,16759427,Dhruv,"2026-08-23 12:20:16",613.5,2,dtalati1
5710,16801855,KooDol,"2026-09-15 20:11:34",613.5,2,koodol
5711,16671940,LJazya,"2026-09-05 02:54:37",613.1,2,jihanelek
5712,16763113,sowhatwillwelearn,"2026-09-01 11:03:47",613.1,2,sowhatwillwelearn
5713,16735476,"Matthew Liew","2026-08-18 08:02:11",613.1,2,matthewliew
5714,16665894,"Pedro Wu","2026-09-03 03:40:31",613.0,2,pedropei
5715,16725913,StarStone_233,"2026-08-16 07:22:12",612.5,2,starstone233
5716,16694610,Kshitiz2002,"2026-08-11 15:44:41",612.4,2,kshitiz2002
5717,16679018,"Kushpreet Singh","2026-09-03 23:23:41",612.3,2,kush639
5718,16700546,"Nightshade Family","2026-09-07 13:24:48",612.0,2,"gihanchamod17,vishmithasamarakoon"
5719,16757280,"manos papagiannidis","2026-09-09 08:30:46",611.9,2,manospapagiannidis
5720,16686715,"Adrien Secondaire","2026-08-08 15:54:58",611.7,2,adriensecondaire
5721,16663656,"Andrii Kavetskyi","2026-08-20 21:48:20",611.5,2,andriykavetsky
5722,16664041,"an Expired Engineer","2026-08-17 12:02:21",611.5,2,sanggusti
5723,16670356,"Dziriyin wa9il","2026-08-25 19:56:56",611.0,2,"akumanomu,alioualaeddine"
5724,16655595,ashsah,"2026-08-31 08:37:35",610.7,2,ashsah
5725,16660600,"Beria Kalpelbe","2026-08-07 13:46:47",610.6,2,beriakalpelbe
5726,16904550,ukiyois,"2026-09-16 19:54:20",610.3,1,ukiyois
5727,16731616,"Mohamed Aashik 24","2026-09-14 19:24:28",610.3,2,mohamedaashik24
5728,16660005,DreamX5678,"2026-08-06 07:55:06",610.2,2,dreamx5678
5729,16727241,Yogesh2850,"2026-08-17 09:55:08",610.2,2,yogesh2850
5730,16787200,"HayDay Protestors","2026-09-13 04:26:26",610.1,2,"aaronjoshuaemmanuel,anjulasankalpa,chamathjayashanka,ghostd,prabhashanmadurawala"
5731,16730461,"Mubin Shaikh","2026-08-19 06:09:17",610.1,2,shaikhmubin
5732,16743382,"Pavan Rangisetti","2026-09-15 03:42:00",609.7,2,pavanrangisetti
5733,16664096,"Charles Coonce","2026-09-08 02:26:37",608.9,2,charlescoonce
5734,16671438,"Aot Chanthorn","2026-08-15 16:16:25",608.9,2,aotchanthorn
5735,16661210,vizyourdata,"2026-08-07 11:05:08",608.9,2,vizyourdata
5736,16660491,"Ryan Hancock","2026-08-08 09:56:54",608.5,2,rychanfox
5737,16677597,InformaBook2,"2026-09-10 05:38:23",608.4,2,informabook2
5738,16658655,HbjaHbja,"2026-08-12 12:18:51",608.3,2,hbjahbja
5739,16665759,"Shawn Zhang","2026-08-21 10:18:20",608.2,2,shawnzhang0318
5740,16885464,"Javier Hernáez","2026-09-18 17:07:30",607.9,2,javierhernaez
5741,16699689,"David Sedláček","2026-08-10 08:38:38",607.7,2,sibicek
5742,16738653,"Julien Trocmé","2026-08-24 12:48:49",607.5,2,julientrocm
5743,16655044,"Darius Kolycius","2026-08-04 09:49:01",607.4,2,dariuskolycius
5744,16826098,Nomushin,"2026-09-11 13:22:26",607.4,2,nomushin
5745,16795256,"N Nelson","2026-09-05 14:29:25",607.3,2,napoliyannelson
5746,16655013,"Adrian Martinez 1111","2026-08-12 00:52:14",607.3,2,adrianmartinez1111
5747,16677701,"Coşkun Bağrıaçık","2026-08-10 00:02:25",607.1,2,cbagriacik
5748,16892257,ShadowMist01,"2026-09-18 17:19:16",607.1,2,shadowmist01
5749,16654746,"Michael Mullen","2026-08-06 11:08:31",606.9,2,mmullen200
5750,16660138,"Sanchit Handa","2026-09-12 18:45:23",606.9,2,"harmanjotsingh8,sanchithanda182006"
5751,16771001,"0x1369 T-Farm","2026-08-31 04:38:04",606.8,2,xcryst
5752,16624888,okome_niigata,"2026-08-06 06:47:17",606.7,2,okomeniigata
5753,16665692,Straw_hats,"2026-09-01 07:40:19",606.5,2,"charanno,tvigneshreddy"
5754,16880672,"Bennett Hellman","2026-09-18 12:59:02",606.5,2,bennetthellman
5755,16667500,jiannebab,"2026-08-14 14:29:12",606.4,2,jiannebab
5756,16664003,"Nakul Rajpal","2026-08-05 06:29:24",606.2,2,nakulrajpal
5757,16735624,"Marc Rippee","2026-08-24 05:03:34",605.9,2,marcrippee
5758,16732504,"porsche zheng","2026-08-18 08:19:41",605.9,2,porschezheng
5759,16797356,"Thalía Cantero","2026-09-15 15:41:27",605.9,2,thalicantero
5760,16716941,林木子吖,"2026-08-24 09:28:59",605.8,2,linmuzi0108
5761,16687390,"Mark Calvert","2026-08-08 09:51:55",605.7,2,markycalvert
5762,16661898,Farfadet,"2026-08-12 06:04:18",605.6,2,farfadet
5763,16731832,jackee777,"2026-09-18 06:28:49",605.5,2,jackee777
5764,16668211,"Alejandro Hernández Mairal","2026-09-03 13:28:29",605.4,2,alherma7
5765,16677178,"YOUSSEF FAID","2026-08-11 21:10:38",605.3,2,yousseffaid
5766,16668819,"ahmedou sidi med","2026-08-19 00:05:55",605.2,2,ahmedousidimed
5767,16664790,"soumic 1088","2026-08-19 08:34:34",605.0,2,soumic1088
5768,16759265,AI老爸,"2026-09-06 15:42:27",604.5,2,tsengchienchih
5769,16718838,"josh mathers","2026-08-14 09:26:33",604.0,2,joshmathers
5770,16666188,"XueFeng Chen","2026-09-18 00:46:41",603.9,2,chxfmcs
5771,16657172,Honkazu,"2026-08-28 16:55:46",603.7,2,janposlusny
5772,16772678,SuppliLion,"2026-09-02 21:44:21",603.7,2,supplilion
5773,16882160,"John Doe #2","2026-09-12 18:04:56",603.5,1,realgrape
5774,16703310,"israel ntumba","2026-09-14 17:42:47",603.0,2,israelntumba
5775,16699140,St.Valentine,"2026-08-18 09:49:04",602.8,2,stvalentin3
5776,16764149,"Manish Rai","2026-09-06 20:01:53",602.8,2,magiuscain
5777,16690869,"Yudai Hayashi","2026-08-23 09:14:30",602.6,2,yuhaya9
5778,16775770,"Ashish Kumar","2026-08-27 17:18:58",602.6,1,whoashish115
5779,16777740,hoangnnh67,"2026-08-28 22:12:22",602.3,2,hoangnnh67
5780,16796445,"Md Aminul Islam","2026-09-15 22:43:37",602.2,2,aminulabir
5781,16685785,KSAI,"2026-09-07 14:42:54",601.8,2,kishan2112004
5782,16655027,"Artem Zenkevich","2026-08-16 13:09:58",601.8,2,artemzen
5783,16663210,"Marco Nasuelli","2026-09-13 15:58:07",601.4,2,marconasuelli
5784,16659341,Aryan88097,"2026-08-05 17:26:57",601.2,2,aryan88097
5785,16796625,Nepsirhc,"2026-09-12 11:15:35",601.1,2,nepsirhc
5786,16706455,"John Andrei Martinez","2026-08-18 18:55:04",601.1,2,johnandreimartinez
5787,16733873,"Shirish Chinchanikar","2026-08-30 15:53:12",601.0,2,"codemastersj,shirishchinchanikar"
5788,16665471,"Dennis Navamani","2026-08-25 11:10:08",600.7,2,dennisnavamani
5789,16639970,Gowtham2962s,"2026-09-14 09:20:56",600.7,2,gowtham2962s
5790,16665154,"Omkar Pawar","2026-08-23 12:22:56",600.7,2,omkarrr7
5791,16654328,"QQ Farm","2026-08-28 12:59:12",600.5,2,"huiiyu,titirmt"
5792,16714100,SuperMercat,"2026-09-09 15:13:08",600.4,2,supermercat
5793,16734595,"Abhimanyu Singh","2026-08-20 12:52:38",600.4,2,abhimanyusingh170702
5794,16811935,"Bhargavaram Gajula","2026-09-05 18:08:56",600.3,2,bhargavaramgajula007
5795,16689033,arman1o1,"2026-09-01 05:01:27",600.2,2,arman1o1
5796,16706456,"Michael van Mill","2026-08-12 09:58:40",600.2,2,michaelvanmill
5797,16799391,"Mehdi El M.","2026-09-07 14:08:22",600.0,2,mehdielm
5798,16789914,AkikJana,"2026-09-07 16:37:53",600.0,2,firewaterair
5799,16922345,"MESK WADHAH ABDULQADER ABDULQADER","2026-09-18 19:20:58",600.0,1,meskelemin
5800,16711868,"Mark Cooper","2026-08-16 13:09:02",599.9,2,markjcooper
5801,16666084,"Andaç Demirdelen","2026-08-09 19:18:08",599.9,2,andacdemirdelen
5802,16911847,LGC,"2026-09-17 08:21:20",599.8,1,victorlingc
5803,16655521,"Hemadri Rajyaguru","2026-08-04 02:12:55",599.7,2,hemadrirajyaguru
5804,16732537,Rapha,"2026-08-27 12:08:17",599.4,2,raphaabels
5805,16739167,Yeyuqing0913,"2026-09-07 00:36:15",599.3,2,yeyuqing0913
5806,16792449,SKYisSKYisSKY,"2026-08-31 04:16:07",599.2,2,skyisskyissky
5807,16663909,HDPark,"2026-08-17 04:48:41",599.2,2,hdpark
5808,16854776,aruuu,"2026-09-10 14:11:51",598.5,2,arruuu
5809,16728220,Naki,"2026-09-08 11:50:44",598.4,2,nanakiohashi
5810,16653534,"Mohamed Amine Ettaki","2026-09-14 20:52:45",598.4,2,amine159
5811,16767632,"robin baldeo","2026-08-28 17:02:49",598.3,2,robinbaldeo
5812,16674950,Davide,"2026-09-03 09:22:38",598.3,2,quanttony
5813,16693949,"Eric Worrall","2026-09-12 08:06:03",597.9,2,ericworrall
5814,16670070,"Kirill Molostov","2026-08-31 12:18:26",597.7,2,kirillmolostov
5815,16697261,nbauerle,"2026-08-14 15:10:38",597.5,2,nbauerle
5816,16881624,RetrainMap,"2026-09-12 20:08:45",597.5,2,retrainmap
5817,16855755,"Jack Yap","2026-09-10 19:43:36",597.5,2,jackyap
5818,16869617,"Denis Chernyshov","2026-09-11 23:20:28",597.4,2,denischernyshov
5819,16671256,"Navid Zaman","2026-09-08 13:58:31",597.3,2,navidzaman01
5820,16668439,Lugas024,"2026-08-08 05:33:51",597.3,2,lugas024
5821,16666099,"Marcben James Samuel","2026-09-17 05:52:20",597.2,2,marcbenjamessamuel
5822,16668817,"Sean ODonnell","2026-08-08 03:27:47",597.1,2,sjean11
5823,16684886,HTHub,"2026-08-08 00:12:47",596.9,2,adegokesaidi
5824,16687714,nabilux,"2026-08-09 13:27:11",596.8,2,eminesnabil
5825,16663998,"Harith Al-Ani","2026-08-24 00:09:54",596.8,2,abo3losh
5826,16664134,"Pelayo Fernández","2026-08-07 10:36:48",596.8,2,pelayofdez
5827,16711567,"Finn Brooks","2026-08-15 04:40:11",596.5,2,finnbr
5828,16735408,"Evan S","2026-08-18 20:06:05",596.4,2,evansc123
5829,16623836,awarse,"2026-09-04 09:06:23",596.4,2,awarse
5830,16883048,"Amit Gunjan","2026-09-18 04:55:45",596.2,2,daydreamerthinks
5831,16733046,Afordancja,"2026-08-24 18:22:42",596.2,2,afordancja
5832,16713249,"vedant patnala","2026-08-27 22:38:03",596.2,2,vedantpatnala
5833,16659951,"CHRISTOPHER CRILLY","2026-09-11 12:23:20",595.9,2,christophercrilly
5834,16732529,"lixinglong ye","2026-09-09 07:46:16",595.9,2,lixinglongye
5835,16655449,tcvieira,"2026-08-06 18:20:34",595.6,2,tcvieira
5836,16783367,hezhiqian,"2026-09-17 00:06:34",595.5,2,hezhiqian
5837,16768466,BenJung,"2026-09-16 09:44:23",595.4,2,"benjung2512,hyeonglvl,hyeonho028,limjoonsoo"
5838,16725871,"Patrice Santiago","2026-09-03 22:19:56",595.3,2,patricesantiago
5839,16670313,HamzZZzzZZa,"2026-08-06 22:01:28",595.2,2,memesalot
5840,16745571,"Yifan Xie","2026-09-03 13:55:15",595.2,2,yifanxie
5841,16700785,"VIVEK JAMI","2026-08-19 13:57:57",594.8,2,vivekjami
5842,16722502,Abyss,"2026-08-27 11:26:49",594.8,2,sahiltks
5843,16665060,Pipeweed,"2026-08-27 18:14:40",594.5,2,pipeweed56
5844,16854535,Dragon,"2026-09-09 16:48:11",594.2,2,dragon116rus
5845,16716365,Murphy,"2026-08-21 14:00:29",594.2,2,taeyounglimdt
5846,16675708,"Mahder Tesfaye Abebe","2026-08-08 08:46:36",594.1,2,mahdertesfayeabebe
5847,16634316,"Cao Tùng Lâm","2026-09-01 07:16:08",594.0,2,liamislazy
5848,16744752,"Dean Johnson","2026-08-27 10:26:20",593.9,2,deanjohnson202
5849,16688175,aarav221w,"2026-08-25 23:40:16",593.8,2,aarav221w
5850,16717850,"HeeGwan Lee","2026-09-06 11:51:49",593.6,2,heegwanlee
5851,16723045,"Albert Einstein F Muritiba","2026-09-18 16:23:38",593.6,2,spideryzarc
5852,16864562,otaniyu,"2026-09-15 00:53:18",593.5,2,otaniyu
5853,16791701,"Tired Dad Data","2026-09-12 21:37:23",593.4,2,alexmaggard
5854,16731173,AynRmio,"2026-09-17 08:48:38",593.4,2,aynrmio
5855,16657016,"MD. AS-AID RAHMAN","2026-08-26 15:57:49",593.3,2,mdasaidrahman
5856,16714894,"Mitsuaki Inoue","2026-09-15 11:41:23",592.9,2,mitsuakiinoue
5857,16694064,RRK0123,"2026-08-17 05:30:52",592.8,2,rrk0123
5858,16702411,"Aryuemaan Chowdhury","2026-08-21 07:05:31",592.7,1,aryuemaanchowdhury
5859,16918826,NOTSUREKITTY,"2026-09-18 15:12:22",592.7,2,notsurekitty
5860,16837934,"Osman ILICA","2026-09-09 02:30:19",592.5,2,osmanilica
5861,16686222,"Nika Chaduneli","2026-08-10 01:21:09",592.3,2,nikachaduneli
5862,16667818,AjayVarma555,"2026-08-09 15:14:45",592.2,2,ajayvarma555
5863,16682815,"Saiyam Bharara","2026-08-19 15:03:06",592.0,2,saiyambharara
5864,16623533,xthixsl_ml,"2026-09-18 19:12:24",591.7,2,xthistle999
5865,16861102,walnut11,"2026-09-13 17:18:24",591.7,2,walnut11
5866,16717614,Dhanyashree1028,"2026-08-16 15:00:37",591.6,2,dhanyashree1028
5867,16774333,"Nazim Shoikot","2026-09-03 11:20:20",591.5,2,nazimshoikot71
5868,16770891,"Oleg Shatov","2026-09-05 16:34:56",591.5,2,bishkek
5869,16633379,"Artem Prokhorov","2026-07-31 20:53:32",591.2,1,catfield123
5870,16830678,Voodoo_m88,"2026-09-11 05:21:29",591.1,2,voodoom88
5871,16640504,"Recep Öztürk","2026-08-26 11:19:31",591.1,2,rcpztrrk1
5872,16655039,"Andrew Yip","2026-08-06 20:14:49",591.1,2,yipcma
5873,16765031,"Allen JL Li","2026-08-27 06:12:23",590.9,2,allenjlli
5874,16659598,kudston,"2026-09-15 18:38:11",590.7,2,kudston
5875,16678157,"Ayush Kumawat","2026-08-14 13:10:02",590.6,2,ayushkumawat21
5876,16641130,LitvinKA,"2026-08-04 18:09:01",590.4,2,litvinka
5877,16689919,"Koren Ben Ezra","2026-08-08 17:49:55",590.3,2,korenbenezra
5878,16673151,skyblue01,"2026-08-27 07:56:10",590.3,2,skyblue01
5879,16793802,"Andrew Lam","2026-09-01 09:07:56",590.3,2,andrewlam23
5880,16682915,"igeo kK","2026-09-12 23:10:17",590.2,2,igeokk
5881,16658686,"Alpesh Kumar","2026-08-08 06:12:31",590.1,2,alpeshkumar
5882,16641893,"Kashyapsinh gohil","2026-09-16 14:03:09",590.1,2,kashyapsinhgohil
5883,16654761,"Mohammed Mukthar","2026-08-05 02:06:15",590.1,2,mohammedmukthar9
5884,16682876,"Kartik Garg","2026-08-09 05:21:34",589.7,2,kartikgarg97
5885,16654099,"Bhupin Thapa magar","2026-08-10 09:22:06",589.7,2,vupeenthapamagar
5886,16635377,het2554,"2026-09-13 07:55:05",589.6,2,crazy2554
5887,16880694,yuxian6666,"2026-09-15 14:46:10",589.5,2,yuxian6666
5888,16635021,RiLi,"2026-09-17 11:03:07",589.4,2,hisatosenda
5889,16659663,Chintakrinda_Naveen,"2026-09-17 11:02:18",589.4,2,naveen998
5890,16845009,"Nyasha Gandah","2026-09-15 06:20:21",589.4,2,nyashagandah
5891,16846408,"Arpit Gole","2026-09-16 02:21:23",589.3,2,connecttoarpitgole
5892,16659138,allenbcy,"2026-09-10 14:41:18",589.2,2,allenbcy
5893,16712870,"Jose Gibson","2026-08-13 20:09:11",589.2,2,josegibson
5894,16742149,"Ankith Savio","2026-09-16 10:17:23",589.1,2,weedoo
5895,16702713,"Rob Sartin","2026-09-18 13:49:54",589.1,2,robsartin
5896,16659367,"Tayyab Aamir","2026-08-06 10:59:49",589.0,2,duketi
5897,16762994,AdvancedRising,"2026-09-13 14:54:28",588.9,2,advancedrising
5898,16664313,CompilingCoder,"2026-08-06 09:38:17",588.9,2,compilingcoder
5899,16724747,"Md.Mahfujul Karim","2026-09-18 10:28:16",588.8,2,mdmahfujulkarim
5900,16863952,"Kuei-Hsien Chu","2026-09-10 06:14:39",588.8,2,formosa21
5901,16634204,"m-toshi desu","2026-08-01 06:20:37",588.8,2,mtoshidesu
5902,16880648,"Akash Pattani","2026-09-12 18:30:07",588.8,2,akashpattani
5903,16811603,hundun,"2026-09-04 09:48:18",588.7,2,zhongh4oyang
5904,16644508,"Vandana Pathania","2026-08-22 21:59:37",588.7,2,vandanapathania
5905,16665133,"Abhishek Dubey","2026-08-10 13:28:57",588.6,2,abhishekdubey911
5906,16669393,"ÖMER FARUK YILMAZ","2026-08-07 19:54:59",588.4,2,ofyzero
5907,16808696,마짱MAZZANG,"2026-09-04 09:41:16",588.2,2,mazzang
5908,16906666,"selam ya","2026-09-18 18:37:32",588.0,2,selamya
5909,16763088,mason.jr,"2026-08-25 04:29:36",588.0,2,haophanzx
5910,16670708,"Mohammad Usman Sajid","2026-09-03 18:26:11",587.8,2,mohammadusmansajid
5911,16738336,"Guo Xuehan","2026-09-02 05:44:05",587.8,2,zmllls
5912,16755548,"Manuel Ramos","2026-08-27 19:06:26",587.7,2,aizpask13
5913,16657104,"Bashar Gamal","2026-09-15 05:51:30",587.6,2,bashargamal
5914,16913155,DT,"2026-09-18 06:40:06",587.5,2,"bhd233,vatlegend"
5915,16667630,Sparsh389,"2026-08-06 15:46:09",587.5,2,sparsh389
5916,16693988,"Pranav Gupta","2026-08-18 03:51:41",587.4,2,kumbhakarann
5917,16697941,"Raphael Coelho","2026-08-16 15:24:28",587.3,2,raphaelrrcoelho
5918,16673359,hasshi7965,"2026-09-06 10:05:10",587.2,2,hasshi7965
5919,16666648,"Sriram Reddy19","2026-08-06 08:40:07",587.1,2,sriramreddy19
5920,16704924,jdx,"2026-09-13 17:32:32",586.9,2,jdsemrau
5921,16697526,"Jurgen Sinjari","2026-08-10 21:21:26",586.9,2,jurgensinjari
5922,16661318,"Zeel Kadvani","2026-08-25 11:17:53",586.9,2,zeelkadvani
5923,16632510,shi_koyo,"2026-08-04 08:58:56",586.7,2,shikoyo
5924,16652635,panacea9320,"2026-08-05 10:45:06",586.7,2,panacea9320
5925,16886077,"Rajan Aggarwal","2026-09-17 15:19:02",586.6,2,rajanaggarwal11
5926,16657332,"Amit Malakar","2026-09-18 17:01:40",586.6,2,amitmalakarjoy
5927,16862124,"Lei Yang23","2026-09-16 18:09:55",586.5,2,leiyang23
5928,16732048,jiangletian,"2026-08-24 03:20:40",586.5,2,jiangletian
5929,16702993,PLM,"2026-08-30 13:58:34",586.1,2,"ileabogdan,popu23,razvaniga,rvaurs"
5930,16689398,Reesh,"2026-08-11 08:55:10",586.0,2,rishileung
5931,16844527,"Suyog Gund","2026-09-12 18:30:05",586.0,2,suyoggund
5932,16658019,ไอติวบ้านปังมาเอาแช้มมมม,"2026-08-08 18:43:05",586.0,2,tewnabhat
5933,16793680,prajval_p,"2026-09-01 01:03:39",586.0,2,prajvalp
5934,16654454,"Haoxiang Li","2026-09-06 09:24:47",585.9,2,haoxiangli789
5935,16823681,Yielder,"2026-09-10 16:59:40",585.8,2,georgepapasideris
5936,16675832,"Dean Shalev","2026-08-09 04:12:47",585.7,2,deanshalev
5937,16623213,zulfikar.khalwaniev,"2026-08-23 09:08:56",585.5,1,khalwaniev
5938,16887858,"Oleg Zholobov","2026-09-17 09:39:24",585.4,2,olegzholobov
5939,16691398,"Time to Win","2026-09-03 04:36:52",585.2,2,yatharthdurgapal
5940,16774890,SkoopSkoop,"2026-08-31 16:08:04",584.9,2,skoopskoop
5941,16671237,"Jose Alejandro Rivera Jaramillo","2026-08-07 18:13:13",584.8,2,alejandroriveraj
5942,16670698,"Tamerlan Dadashov","2026-08-09 10:36:12",584.6,2,tamerlandadashov
5943,16744239,"Diogo Gomes ","2026-08-25 09:39:28",584.3,2,diogogomes
5944,16655571,yuken,"2026-08-07 13:27:53",584.2,2,yukenai
5945,16665932,"Fabian Birringer","2026-08-21 18:31:41",584.2,2,fabianbirringer
5946,16728195,"6 GOD","2026-08-21 15:50:28",584.1,2,tertospacko
5947,16844875,GBWK,"2026-09-12 20:01:23",584.0,2,gabmaury
5948,16882322,hehahakl,"2026-09-18 14:24:40",584.0,2,hehahakl
5949,16663708,"Imran Ahamed","2026-08-29 22:00:50",583.9,2,immu4989
5950,16658042,"Giampietro Pregnolato","2026-08-13 09:17:36",583.8,2,giampietropregnolato
5951,16664731,UT,"2026-08-21 15:24:42",583.8,2,"sabapunch,wasshan"
5952,16851079,"Nathaniel Marshall","2026-09-08 02:04:22",583.7,2,nm4rshall
5953,16671942,"JIVRAJ SINGH","2026-09-05 02:33:23",583.7,2,jivrajsingh
5954,16651661,"Quyền Thịnh","2026-08-07 06:27:45",583.5,2,quynthnh
5955,16793913,"Vrushal Patil","2026-09-06 11:13:36",583.5,2,vrushalpatil
5956,16659418,"Fonge Bertin","2026-08-06 09:26:33",583.4,2,fongebertin
5957,16696916,Sundar,"2026-08-11 13:04:59",583.3,2,vsundar17697
5958,16728799,JulianHahn28,"2026-08-17 21:26:57",583.3,2,julianhahn28
5959,16853582,"Qiao Ke","2026-09-09 09:44:44",583.0,1,bridgekk
5960,16755529,"Rafea Almejrab2025","2026-08-29 16:06:34",582.7,2,rafeaalmejrab2025
5961,16674841,"Syna Bedi","2026-08-15 09:57:28",582.6,2,synabedi
5962,16866643,"Yan Slabodich","2026-09-15 08:02:34",582.5,2,yanskij
5963,16730231,chandler14362,"2026-08-29 03:04:49",582.4,2,chandler14362
5964,16672370,"Yash Barhanpurkar","2026-09-10 17:36:18",582.3,2,yashbarhanpurkar
5965,16687548,"Shubham Tibrewal","2026-08-22 12:21:02",582.2,2,researchai2026
5966,16839030,minedmap,"2026-09-07 20:19:52",582.2,2,minedmap
5967,16872064,"Jimmy Erickson","2026-09-13 19:43:54",582.1,2,jimmyerickson
5968,16664267,"Alan T. Andrea","2026-08-09 03:22:40",582.0,2,alantandrea
5969,16660295,Pentos,"2026-08-10 00:06:56",582.0,2,nishiumi
5970,16675074,ahiokk,"2026-08-07 07:58:44",581.8,2,ahiokk
5971,16853993,"Christie Lam","2026-09-16 03:13:27",581.8,2,christielam
5972,16848416,"Mayank Bhatia","2026-09-07 15:09:19",581.8,2,mikemayankb
5973,16668648,"Mason R. Brito","2026-09-10 16:58:25",581.7,2,masonrbrito
5974,16697800,DR_Mkelvo,"2026-08-09 20:42:15",581.6,1,drmkelvo
5975,16693925,"Francisco Corredor","2026-09-17 22:19:46",581.6,2,franciscocorredor
5976,16844385,"Michael Leo Tan","2026-09-08 02:56:03",581.5,2,michaelleotan
5977,16899050,SerenaLsr,"2026-09-16 03:35:02",581.4,2,serenalsr
5978,16713236,kingofeverything,"2026-09-08 06:20:42",581.3,2,"kingofeverything,skyyyang"
5979,16724819,Dwij12,"2026-08-20 18:28:01",581.1,2,dwij12
5980,16892496,"Alif Mahmud 1993","2026-09-15 16:35:27",581.1,2,alifmahmud1993
5981,16658106,"Devam juthani","2026-08-05 08:18:14",581.1,2,devamjuthani
5982,16683282,ayushk_empire,"2026-08-14 11:50:15",580.9,2,ayushkempire
5983,16650930,"Govind Sharma","2026-08-24 09:25:23",580.9,2,govindsarswat
5984,16810497,Garuda,"2026-09-07 06:32:01",580.8,2,santhoshreddypasnoor
5985,16667565,BeeDeeR,"2026-09-10 22:42:41",580.4,2,beedeer
5986,16917921,xxxx333,"2026-09-18 04:43:44",580.3,1,xxxx333
5987,16704437,babybuffalo,"2026-08-25 16:11:16",580.1,2,babybuffalo
5988,16709318,"Jana Hagen","2026-08-26 18:00:16",580.0,2,janahagen
5989,16681149,Lee14k,"2026-08-19 17:00:35",579.9,2,lee14k
5990,16704569,"Lorenzo Grattarola","2026-08-16 22:24:15",579.8,2,lorenzograttarola
5991,16760604,"Thananut Phiboonbanakit","2026-08-25 14:04:44",579.8,2,tphiboonbanakit
5992,16675457,"Ramana Prabhu Sana","2026-09-15 21:13:41",579.7,2,ramanaprabhusana
5993,16658009,"Lando Wang","2026-08-05 02:18:17",579.6,2,landowang
5994,16706192,rustlers42,"2026-09-02 15:24:05",579.5,2,"lkshrsch,powerofcreation"
5995,16694134,"Sophia Leng","2026-08-24 20:04:10",579.4,1,sophialeng9
5996,16841559,dal7,"2026-09-09 04:32:12",579.4,2,purelyconceptual
5997,16671680,"Joe Hall","2026-08-10 19:02:30",579.3,2,halljr
5998,16658937,SebastianQbiak,"2026-08-05 06:20:18",579.1,2,sebastianqbiak
5999,16621657,"Nikita Batuev","2026-09-12 12:20:41",578.7,2,batuevnikita
6000,16851330,umar,"2026-09-16 03:04:16",578.7,2,umar4md
6001,16791027,"Ryan Cheung","2026-09-07 04:46:47",578.7,2,doggychip
6002,16756677,"Pyzh Vladislav","2026-08-24 10:19:44",578.6,2,pyzhvladislav
6003,16654943,"Alexis Selorm Gbeckor - Kove","2026-08-10 11:44:58",578.4,2,advancedbeginner
6004,16747345,"Alex #3","2026-09-17 08:59:07",578.2,2,alexb99
6005,16809136,"Xander Lee","2026-09-04 13:56:48",578.2,2,xndlee
6006,16738235,tenfish,"2026-09-12 11:48:01",578.1,2,"oygdri,takatoyoshikawa"
6007,16789550,foundtion,"2026-08-30 13:19:22",578.0,2,foundtion
6008,16779539,"Dmitri Bugakov","2026-08-27 16:34:42",577.8,2,dmitrybugakov
6009,16731009,"Joseph Paris","2026-08-24 05:32:21",577.7,2,josephkparis
6010,16739449,SelvapriyankaRam,"2026-08-24 18:44:21",577.6,2,selvapriyankaram
6011,16736636,torch,"2026-08-18 10:35:29",577.3,2,rhtsingh
6012,16662120,"Harpal Gujral","2026-08-25 18:07:07",577.3,2,harpalgujral
6013,16786297,isxinhe,"2026-09-18 14:34:50",577.2,2,isxinhe
6014,16848263,Xenongas,"2026-09-08 14:23:14",577.1,2,xenongas1
6015,16730030,"Jared Wilder","2026-08-17 14:23:15",577.1,2,jaredwilder
6016,16690940,NKryst,"2026-08-29 10:57:18",577.1,2,nkryst
6017,16639705,"Yuta Tomimasu","2026-08-07 13:02:39",577.1,2,yutatomimasu
6018,16800950,"Mani Kanta Kalluru","2026-09-09 17:17:20",577.0,2,manikantakalluru
6019,16774843,"Assylkhan Kerey","2026-08-30 03:16:54",576.9,2,n0nlyy
6020,16657871,Lucienne,"2026-08-05 03:13:59",576.9,2,yangnianan
6021,16897403,"Abel Markose","2026-09-18 03:08:38",576.8,2,"abelmarkose,sreehari3301"
6022,16757211,dacho,"2026-09-16 00:25:14",576.8,2,slothcafe
6023,16657105,"Mathijs Deelen","2026-08-05 01:16:34",576.6,2,mathijsdeelen
6024,16843755,oguzok,"2026-09-17 06:08:03",576.6,2,oguzok
6025,16814805,Muzhi11,"2026-09-15 03:20:43",576.0,2,muzhi11
6026,16707078,"Loïc & Zach","2026-08-24 20:25:24",575.8,2,"locmmeteau,zachariedubus"
6027,16711928,Leraaaa,"2026-08-18 20:01:52",575.6,2,leraaaa
6028,16763287,Sathishkumartheta,"2026-08-25 18:53:26",575.6,2,sathishkumartheta
6029,16868576,DarkhanShakhan,"2026-09-15 20:17:01",575.4,2,darkhan1991
6030,16774524,ShinYingChua,"2026-09-13 15:35:15",575.4,2,shinyingchua
6031,16748603,qianzhonhao,"2026-09-03 08:20:45",575.4,2,qianzhonhao
6032,16689391,"Tejas Rajput","2026-08-08 17:21:18",575.1,2,tejasrajput123
6033,16664348,"Rocket Zech","2026-08-29 08:23:04",575.1,2,isaactunglaw
6034,16657798,"Ian Kim","2026-08-06 05:07:10",575.1,2,ianpkim
6035,16700207,"S. Mujtaba Hussain","2026-09-18 09:26:29",575.0,2,smujtabahussain
6036,16732725,MackTen,"2026-08-19 08:14:01",574.9,2,mackten
6037,16668175,el_dedalus,"2026-08-06 14:48:01",574.9,2,eldedalus
6038,16662421,"Aparna Mantha","2026-08-06 17:23:34",574.7,2,aparnam91
6039,16712902,"Ethan Benjamin Cole","2026-08-13 12:19:26",574.7,2,ethanbenjamincole
6040,16700441,"Houssem RIAHI","2026-08-27 14:54:09",574.7,2,houssemriahi
6041,16702118,"cemal özdeniz","2026-08-10 20:27:17",574.5,2,cemalzdeniz
6042,16722366,"Aki Lit","2026-08-14 23:24:20",574.4,2,akilit
6043,16669597,农业农村部,"2026-08-10 19:11:08",574.3,2,"bingzhenghan,hrwan1,krasuszl"
6044,16720788,Anson,"2026-09-05 19:45:48",574.2,2,anson0496
6045,16726080,"Arda Yasar","2026-08-19 06:02:10",574.2,2,ardayasar
6046,16726873,@F,"2026-08-16 01:43:22",574.1,1,atefbouzid
6047,16669595,evanca,"2026-08-08 12:27:56",574.1,2,evanca
6048,16639867,vibecoder,"2026-08-08 05:34:55",574.0,2,kunal808
6049,16621811,"Shaun Andrade","2026-08-01 00:44:42",573.9,2,shaunandrade
6050,16777137,Bernardus,"2026-09-18 15:51:35",573.9,2,bernubritz
6051,16655272,"Artur Sakhiullin","2026-08-09 14:27:52",573.7,2,artursakhiullin
6052,16691164,"Krishna Saathwik","2026-08-13 13:50:40",573.4,2,krishnasaathwik
6053,16847801,"Joachim Oliver Mampouya","2026-09-08 14:54:14",573.3,2,olivermam
6054,16656792,"Gnanaprakash R","2026-08-28 15:05:38",573.0,2,gnanaprakashr
6055,16701034,notnorm,"2026-08-11 10:31:23",572.9,1,notnorm
6056,16895374,JerryWang19,"2026-09-15 08:09:57",572.8,1,jerrywang19
6057,16673712,"Alejandro Betato","2026-08-16 10:48:24",572.7,2,alejandrobetato
6058,16896490,"Yiman Gao","2026-09-18 15:16:43",572.7,2,yimangao
6059,16717671,Jeremy,"2026-09-17 16:47:25",572.7,2,lukeenness
6060,16764330,"Koral Kulacoglu","2026-08-26 04:51:33",572.7,2,koralkulacoglu
6061,16673981,"Aarya Jadhav","2026-09-17 06:58:06",572.6,2,aaryajadhav0310
6062,16845593,matsudaatom,"2026-09-07 14:44:59",572.5,2,matsudaatom
6063,16735517,"Philipp k-s","2026-09-13 19:12:05",572.5,2,philippkeussenstrau
6064,16676360,"Chris Kang","2026-08-17 10:07:49",572.3,2,rukawa917
6065,16781377,AgriMind,"2026-09-17 18:09:19",572.3,2,slimaneguermat
6066,16794491,"Sushant Pargaonkar","2026-09-02 02:59:45",572.0,2,sushantpargaonkar
6067,16655527,"Saurabh Kumar","2026-08-06 08:14:52",571.9,2,sk25oct
6068,16775001,"Maarij Aqeel","2026-08-26 14:48:03",571.7,2,maarijaqeel
6069,16738777,"Balwinder Singh1235","2026-08-20 10:21:34",571.5,2,balwindersingh1235
6070,16736261,"Saptanshu Samal","2026-08-22 12:02:42",571.5,2,saptanshusamal
6071,16708907,"[Deleted] 84526ff4-3aed-4b4b-a45f-a4486f01cb7b","2026-08-13 20:01:55",571.3,2,del=34c747d6ee8d2bd7
6072,16630837,"Vishal Sharma","2026-08-05 18:24:44",571.2,2,vishal40182
6073,16785687,"AP SEM F STUDENTS","2026-08-31 03:52:37",571.0,2,"advaithn0518,rohanjeyavel,shrivatsamurugan,stitchsages"
6074,16625047,BOBQWERA,"2026-08-02 06:34:18",571.0,2,bobqwera
6075,16769793,"Shivam Batra","2026-08-26 14:21:49",570.7,2,shivam744
6076,16621407,Kh0a,"2026-09-15 06:55:26",570.6,2,llkh0a
6077,16680297,"Ajay Singh","2026-08-08 04:33:24",570.4,2,ajaysinghg
6078,16681660,"Parham Ghazanfari","2026-08-07 20:18:18",570.3,1,parhamghazanfari
6079,16749764,Aquaflame,"2026-09-11 16:41:58",570.3,2,aquaflame
6080,16855052,pk954061458,"2026-09-14 10:37:54",570.2,2,pk954061458
6081,16675066,Opticulture,"2026-08-16 12:19:48",570.2,2,"bajibaburowthu,ponnuripavankumar,radhakrishnadoredla,veereshkumar1219"
6082,16729531,alfphafarm,"2026-08-19 19:09:48",569.9,2,vudattumaniteja
6083,16728743,Miki_Nuummiu,"2026-09-16 20:54:12",569.8,2,mikinuummiu
6084,16676534,AlphaBound,"2026-08-25 05:26:32",569.8,2,somsubhrometya
6085,16691518,"Sander Ee","2026-08-09 12:03:09",569.8,2,sanderee
6086,16827864,"Tùng Dương Bùi","2026-09-04 14:31:54",569.8,2,tdbui1209
6087,16696421,"Koyashiki Mao","2026-08-11 06:40:19",569.6,2,koyashikimao
6088,16762010,"Ivan Piaternev","2026-09-15 08:14:40",569.6,2,iamvanya
6089,16731447,"Rúben Martins","2026-08-19 20:55:42",569.6,2,rubenmartins10
6090,16771283,taroyan-vamos,"2026-09-08 15:31:54",569.4,2,taroyanvamos
6091,16752899,"Nicolò Alberti","2026-08-23 09:16:36",569.4,2,nicolalberti
6092,16660540,Minikotey,"2026-08-16 15:34:40",569.2,2,juliapatarishina
6093,16782993,hayashida,"2026-09-07 14:01:36",568.9,2,daichihayashi
6094,16686613,Zubatch,"2026-08-15 20:11:39",568.9,2,zubatch
6095,16715495,Yashi003,"2026-08-24 04:44:40",568.8,2,yashi003
6096,16645431,Amin,"2026-08-08 22:05:02",568.6,2,aminvafaei
6097,16732357,"Thales Augusto Leite de Souza","2026-08-23 23:43:38",568.2,2,thalestals
6098,16623745,chunluran,"2026-08-27 06:55:55",568.1,2,chunluran
6099,16877886,"Mohamed el.harery","2026-09-16 00:51:49",568.1,2,mohamedelharery
6100,16635746,"jeon hyeon woo","2026-08-13 15:32:43",567.9,2,jeonhyeonwoo
6101,16823853,Zerbytheboss,"2026-09-06 22:03:05",567.7,2,zerbytheboss
6102,16686743,charmander,"2026-09-11 15:44:15",567.6,2,rahuladhi
6103,16664116,"Bogdan Sburlea","2026-09-18 16:05:18",567.6,2,bogdan1405
6104,16710512,FishWotou,"2026-08-19 04:45:40",567.5,2,fishwotou
6105,16664119,FSzekut,"2026-08-07 00:03:04",567.3,2,fszekut
6106,16724904,"Carlos Eduardo De Paula Arantes","2026-08-15 15:48:43",567.2,2,carloseduardo1753
6107,16632504,"[Deleted] c2f6c5d5-ecb1-4f92-95d7-7c9f0fd3474f","2026-07-31 16:04:32",566.9,1,ryota517
6108,16659645,Drakus_Julia,"2026-08-09 02:15:20",566.9,2,drakus74
6109,16740894,BetOnMe,"2026-08-19 14:40:02",566.8,2,betonme
6110,16622938,"Farmville Redux","2026-08-03 18:58:04",566.8,2,daveconnor
6111,16654640,"Halil Akbas","2026-08-28 00:32:12",566.7,2,halilbrahimakbas
6112,16669165,"IT Neko","2026-08-14 13:17:33",566.6,2,"nirvaanaa,zhexuanyecust"
6113,16743815,"Asanka Pradeep","2026-08-23 14:32:46",566.6,2,asanakapr
6114,16732307,"Shobha Vashishtha","2026-08-17 12:32:07",566.5,1,shobhavashishtha
6115,16770674,"Arpit Jain","2026-09-02 11:44:36",566.4,2,arpitjain5
6116,16677303,"Chase Martyn","2026-08-19 02:05:12",566.4,2,chasemartyn
6117,16854398,"VALERIY MIKHALEV","2026-09-08 16:27:24",566.2,2,valeriymikhalev
6118,16667794,knadithyavr,"2026-08-13 12:24:05",566.2,2,knadithyavr
6119,16663093,"Akul Sareen","2026-08-21 23:49:50",566.1,2,akulsareen
6120,16657794,"Aromal vK","2026-08-06 15:35:11",566.1,2,aromalvk
6121,16691552,"Koshtubh Singh Parihar","2026-08-09 03:19:39",566.0,2,koshtubhsinghparihar
6122,16697681,"Mahfujur Rahman Rakib","2026-08-10 05:14:21",565.8,2,mahfujurrahmanrakib
6123,16637499,Yuchen20,"2026-09-02 19:10:43",565.8,2,yuchen2066
6124,16669545,"Rishabh Gupta","2026-08-06 18:19:04",565.6,2,rishabhguptajs
6125,16775237,"Haruki Iwase","2026-09-12 14:38:17",565.6,2,harukiiwase
6126,16679364,VicD,"2026-08-14 20:16:52",565.4,2,durandv
6127,16681509,"Kethan Sai","2026-09-18 09:53:32",565.4,2,kethansaikoneru
6128,16750614,"Shivansh Chaudhary","2026-09-05 06:17:27",565.4,2,shivanshchoo
6129,16700885,"Malala Ramaha","2026-08-29 07:29:11",565.3,2,malalaramaha
6130,16717245,bernard558,"2026-08-24 22:18:16",565.3,2,bernard558
6131,16904690,"yuya #2","2026-09-17 07:21:26",565.3,2,pineandtree
6132,16662103,"Saravana Thiagarajan K","2026-08-05 21:43:42",565.1,2,saravanatk1984
6133,16795997,"Boyu Wan","2026-09-04 04:58:57",565.1,2,pupudan
6134,16703129,"Pratik Vadher","2026-08-10 21:08:27",564.9,1,pratikvadher
6135,16665622,one,"2026-08-11 04:10:11",564.9,2,richardsplayground
6136,16673191,juliye,"2026-08-10 03:49:13",564.9,2,juliye
6137,16890342,Bin.Han,"2026-09-17 00:28:13",564.8,2,binhan0514
6138,16670544,"William Rients","2026-08-06 00:01:02",564.7,2,williamrients
6139,16731996,Chloe,"2026-08-18 02:58:05",564.6,2,chenchloehaimo
6140,16692995,RafaMartinaitis,"2026-08-22 11:50:10",564.3,2,rafaelmartinaitis
6141,16688220,Aadi,"2026-08-24 23:10:37",564.2,2,aadicv
6142,16718445,"Hamza Elmorjani","2026-08-15 12:16:55",564.1,2,hamzaelmorjani03
6143,16914138,"Amritesh Anand","2026-09-18 13:35:41",564.0,2,amriteshananad
6144,16738640,"Tjay Burger","2026-08-18 17:35:39",563.8,2,tjayburger
6145,16696526,"Reda HEDDAD","2026-09-05 21:17:22",563.6,2,redaheddad
6146,16690736,omarkami007,"2026-08-11 18:40:45",563.6,2,omarkami007
6147,16663766,"Anup Gautam","2026-08-08 01:29:10",563.5,2,anupanda
6148,16915731,INF2_josallo4_anpego3,"2026-09-18 14:37:27",563.5,2,josepsalvador
6149,16684674,"Ch Muhammad Umer ","2026-08-11 08:11:36",563.5,2,chmuhammadumer
6150,16674504,"Arunabh Gupta","2026-08-18 11:10:33",563.5,2,"arunabhsgupt4,eggsysy"
6151,16777056,"Seb boulba","2026-08-27 21:03:26",563.2,2,sebboulba
6152,16706413,"Song Research","2026-08-18 00:39:36",563.0,2,sangbong91
6153,16667346,Artwenty-six,"2026-09-15 14:55:14",562.9,2,rezakautsarinsani
6154,16756029,EndCreeper,"2026-09-18 15:46:59",562.8,2,endcreeper
6155,16673923,"Gabriele Giacometti","2026-09-10 12:15:50",562.8,2,gabrielegiacometti
6156,16660670,"Chirag Bhatnagar","2026-08-31 09:21:45",562.8,2,chiragbhatn
6157,16685652,LeonDuue,"2026-09-01 06:55:54",562.7,2,leonduue
6158,16655426,engin_zhou,"2026-08-05 15:21:18",562.4,2,enginzhou
6159,16844670,"Zheng haoling","2026-09-07 04:22:40",562.2,2,zhenghaoling
6160,16667143,"Noct-Tech zombie","2026-08-06 13:46:51",562.1,2,jo3thaboss
6161,16621523,"Victor Orihuel","2026-08-18 05:40:18",562.0,2,victororihuel
6162,16658738,Aman,"2026-08-05 11:12:10",561.9,2,amank95amank95
6163,16742172,"Felisitas Mellania","2026-09-11 06:39:04",561.8,2,felisitasmellania
6164,16726839,syunsuke,"2026-08-21 23:12:13",561.7,2,syunsuke1024
6165,16671420,"Chengchen Duan","2026-08-17 15:25:09",561.7,2,chengchenduan
6166,16848633,umizora,"2026-09-08 13:34:47",561.7,2,yoiisohira
6167,16690338,dvv_ram,"2026-08-13 00:11:18",561.7,2,ddvram
6168,16762206,"mohammad khanjani2026","2026-09-06 05:17:52",561.7,2,mohammadkhanjani2026
6169,16660119,"Dhruva Das","2026-08-05 17:05:52",561.5,2,dhruva77
6170,16761451,gulag,"2026-08-24 03:39:54",561.4,2,moglin
6171,16726684,"William Lee","2026-08-19 15:35:28",561.3,2,notyouravgwilly
6172,16756131,"Emre Atilgan","2026-08-24 20:20:06",561.2,2,emreatilgan
6173,16657807,"Ragav Rida","2026-08-07 16:22:34",561.0,2,ragavrida
6174,16744534,"Leonardo Custode","2026-09-11 09:16:04",560.9,2,leocus
6175,16662293,"Alejandro Fonda","2026-09-17 04:30:23",560.7,2,alejandrofonda
6176,16639408,Invictus,"2026-08-11 22:44:04",560.6,2,nicho256
6177,16773779,"Daichi Tanaka","2026-08-31 03:38:48",560.5,2,daichit64
6178,16687604,Harrislrobinson,"2026-08-11 00:25:10",560.5,2,harrislrobinson
6179,16844334,lsnm,"2026-09-07 15:02:17",560.5,2,eliasnema
6180,16704864,ksj00610,"2026-08-12 08:47:16",560.5,2,ksj00610
6181,16664415,"Imerson Krysthio","2026-08-12 05:37:03",560.3,2,imersonk
6182,16623071,"Santiago Maniches","2026-09-06 06:32:55",560.3,2,santmani
6183,16654351,"Manish Kumar","2026-08-04 07:45:22",560.2,2,manishkumarphd2000
6184,16793452,"Ghazaros Ghazaros","2026-09-12 00:26:59",560.1,2,ghazarosghazaros
6185,16659446,zhaozy233,"2026-08-15 16:51:36",560.1,2,zhaozy233
6186,16717817,"Nick Stoddart","2026-08-14 05:15:23",560.0,2,nickstoddart
6187,16640845,"tang yangzhou","2026-08-04 21:36:09",559.9,1,tangyangzhou
6188,16743001,Nikhilasree,"2026-09-03 11:33:45",559.9,2,nikhilasree2003
6189,16736111,hexingwei33,"2026-09-01 02:08:11",559.9,2,hexingwei33
6190,16637776,MarvelousXun,"2026-08-03 09:33:38",559.9,2,marvelousxun
6191,16658775,"Vincent Pan","2026-08-29 12:55:20",559.8,2,"judithhong,vincentpan2005"
6192,16833063,"Fidel Escalona","2026-09-17 20:41:45",559.6,2,fbescalo
6193,16687448,"Israel Burns","2026-08-12 08:41:38",559.5,2,israelburns
6194,16660850,"Khoa Le","2026-08-05 13:23:55",559.3,2,bryanle2025
6195,16775749,Yurikada,"2026-09-03 11:13:54",559.3,2,yosukeinada
6196,16730104,BartHeart,"2026-08-20 18:58:23",559.1,2,bartheart
6197,16730577,"Team Rocket’s Orbital Farm","2026-09-11 05:56:54",559.1,2,koheitsutsumi
6198,16666988,"Sarthak Vedant Mohanty","2026-08-08 00:10:11",559.0,2,sarthakvedantmohanty
6199,16826099,"Aykut Çağlar","2026-09-15 16:08:32",558.9,2,aykutcaglar
6200,16729157,HahaTaco,"2026-09-12 17:33:16",558.8,2,hahataco
6201,16686912,@mldsdev,"2026-08-13 02:07:44",558.6,2,lan1mel
6202,16644456,Agbe,"2026-09-17 00:04:26",558.4,2,timmecom
6203,16663437,inversion,"2026-08-04 20:44:41",558.2,1,inversion
6204,16828050,stephenlau,"2026-09-17 08:18:23",558.1,2,stephenlu0422
6205,16740662,宣城市机械电子职业技术学院,"2026-09-15 02:05:22",558.0,2,chenzhengy
6206,16707767,"Lai Eu Wen","2026-08-16 16:47:50",557.9,2,laieuwen
6207,16722028,"Aw Ming Xuan","2026-08-16 09:24:48",557.9,2,awmingxuan
6208,16659025,"Mohammed Naseef","2026-08-05 09:01:20",557.7,2,mohammednaseef
6209,16668022,"Lady and tech","2026-08-19 04:08:50",557.7,2,ladyandtech
6210,16857823,"Hà Công Nga ","2026-09-10 02:49:42",557.6,2,hcngnga
6211,16658779,"Richard G Atkinson","2026-08-05 00:29:59",557.6,2,richardgatkinson
6212,16825999,"Atsushi Yoshikawa","2026-09-07 02:06:13",557.4,2,atsushiyoshikawa
6213,16906705,"Gaurav Vyas","2026-09-18 11:41:56",557.3,2,ctogaurav
6214,16657401,korpo,"2026-08-25 20:18:13",557.3,2,krisko
6215,16740534,"Gao Wenjiang","2026-09-02 09:48:37",557.0,2,gaowenjiang
6216,16642994,"Danila Galkin","2026-08-13 19:22:17",557.0,2,danilagalkin
6217,16640077,larry54321zhao,"2026-09-09 08:48:32",556.6,2,larry54321zhao
6218,16756388,"Sam Scott","2026-08-22 22:04:06",556.5,2,shepard5
6219,16784599,"Engineer Lisa","2026-09-18 07:24:19",556.2,2,lisamhines
6220,16762831,026,"2026-09-07 00:58:19",556.1,2,thahaarsh
6221,16697704,"Leonid Matetskiy","2026-08-09 21:39:06",556.1,2,leonidmatetskiy
6222,16666249,Kawa_pt,"2026-09-08 22:24:25",556.0,2,kawapt
6223,16732003,"HAO jia liu","2026-08-18 09:58:05",556.0,2,haojialiu
6224,16658151,"Nguyễn Phúc Gia Bảo","2026-08-06 15:15:07",555.9,2,kevincrazy678
6225,16676155,"Adam Carnaffan","2026-08-07 16:48:03",555.8,2,adamcarnaffan
6226,16665462,ZSZ,"2026-08-12 13:55:00",555.8,2,zsuzsanna2
6227,16669408,"Josaphat Adjele","2026-08-31 17:26:56",555.7,2,josaphatadjele
6228,16656690,"Sushant Kumar (xWF)","2026-08-06 04:44:38",555.7,2,sushantkumarxwf
6229,16675264,"Alon Bar Koter","2026-08-06 16:16:43",555.6,2,alonbarkoter
6230,16670274,"dankwa wadie","2026-09-01 08:45:40",555.6,2,dankwawadie
6231,16731887,"hoo aam","2026-08-21 05:37:16",555.6,2,hooaam
6232,16621354,pengshy,"2026-08-06 04:54:01",555.4,2,dm15336142
6233,16699711,"maxscender ","2026-08-13 14:03:35",555.3,2,maxscender
6234,16655651,"Kevin Cho","2026-09-14 16:40:58",555.2,2,chokevinjs
6235,16726687,"Rohin Kethipally","2026-09-14 22:41:28",555.1,2,rohinkethipally
6236,16631772,yuki,"2026-08-03 17:39:58",555.0,2,yururoi
6237,16730740,"claude opus5🏆","2026-08-19 09:58:24",555.0,2,yinpinggao
6238,16715225,"Someswararao Tellakula","2026-08-17 01:15:37",555.0,2,someshtellakula
6239,16727009,B05801037,"2026-08-18 02:28:48",554.9,2,peteropop
6240,16750751,AarizKh,"2026-09-09 16:28:15",554.9,2,aarizkh
6241,16669396,Fleo98,"2026-08-10 15:43:34",554.6,2,fleo98
6242,16671779,"Syed Jawad","2026-09-06 12:12:28",554.5,2,syedjawad11
6243,16778145,TW_益民_li,"2026-09-03 12:28:49",554.4,2,liyimintw
6244,16691938,"PRASHANT SUTHAR11","2026-09-18 13:14:10",554.4,2,prashantsuthar11
6245,16760226,"Erich Hofstötter","2026-08-24 15:49:06",554.4,2,erichhofsttter
6246,16727376,"Roko Torbarina","2026-08-18 18:31:57",554.2,2,rokotorbarina
6247,16891184,rbjp557,"2026-09-17 10:31:21",554.1,2,rbjp557
6248,16846845,Shunsuke,"2026-09-07 15:25:38",554.1,2,shunsukeisono
6249,16675461,mins0_0,"2026-08-30 07:50:53",554.0,2,mins00
6250,16733910,davidsmith42,"2026-08-19 23:59:03",553.9,2,ananthvydianath42
6251,16748774,"hakan ulucan","2026-08-25 19:19:11",553.8,2,hakanulucan
6252,16673333,"Dimas Renggana","2026-08-06 23:40:39",553.8,2,dimasrenggana
6253,16666483,"Salih Erdem Kaymak","2026-08-08 17:32:38",553.6,2,saliherdemkaymak
6254,16699045,"Abu Kayyisah Basyid","2026-09-18 12:06:08",553.6,2,abukayyisahbasyid
6255,16624941,"KO Ho Tin","2026-08-10 03:33:47",553.3,2,b14ckc4tmr
6256,16884148,mengxc410,"2026-09-18 03:42:08",553.2,2,mengxc410
6257,16630438,"Aayush Bansal","2026-09-17 15:28:32",553.1,2,aayushbansal0330
6258,16845760,Alyosha85,"2026-09-07 05:42:01",553.1,2,alyosha85
6259,16753887,"Hong Tang","2026-08-24 21:41:20",553.1,1,hongtang15
6260,16663677,"Aghazie David","2026-08-07 00:32:14",552.8,2,aghaziedavid
6261,16793150,Comet19,"2026-08-31 10:53:04",552.6,2,comet19
6262,16657981,"Arijit Kar","2026-08-18 11:05:52",552.6,2,demonicak
6263,16678602,"hassan manour","2026-08-07 12:52:23",552.5,1,hassanmanour
6264,16749104,danielx119,"2026-08-20 16:36:00",552.5,2,danielx119
6265,16658477,"chathura prasadh9817","2026-08-06 07:18:04",552.4,2,chathuraprasadh9817
6266,16701795,Proshian,"2026-08-11 00:01:04",552.4,2,proshian
6267,16690152,"The Ceris","2026-08-16 11:49:31",552.3,2,amedeopachera
6268,16840480,jignesh13,"2026-09-16 19:33:04",552.0,2,jignesh13
6269,16670596,prabalsingh_23,"2026-08-26 02:33:14",551.8,2,prabalsingh23
6270,16675585,"Jacob Joy","2026-08-11 12:13:06",551.4,2,jac0b1
6271,16784420,renyxin,"2026-09-18 17:46:36",551.2,2,renyxin
6272,16750864,Ymori,"2026-09-16 03:14:11",551.2,2,yasunorim
6273,16718363,"Jarbas Camurça","2026-08-28 11:15:44",551.1,2,pjarbas
6274,16732609,"Filippo Paninforni","2026-08-19 18:30:22",550.9,2,filippopaninforni
6275,16655075,"Félix Rodríguez Roble","2026-08-04 09:16:25",550.8,2,flixrodrguezroble
6276,16735475,SunjaeLee02,"2026-08-19 08:12:41",550.7,2,sunjaelee02
6277,16674599,"Luka Duvanov","2026-08-19 22:03:46",550.3,2,nekkon
6278,16664142,"The Studio 1","2026-08-16 23:04:06",550.1,2,landonsheatsley
6279,16685618,"Krupa Vardhan","2026-08-28 09:24:21",550.0,2,krupavardhan
6280,16727961,"Ebenezer Olumeyan","2026-08-22 15:54:00",549.9,2,eolumeyan
6281,16841858,"Aadit Agrawal","2026-09-08 07:23:56",549.8,2,aaditagrawal
6282,16671648,"[Deleted] 05e6ae2c-c72f-4044-b02f-dc74277e34ab","2026-08-09 07:21:22",549.7,2,del=871ca06d8c734ede
6283,16710521,"Natpaphon Nukhunthod","2026-08-17 03:37:15",549.6,2,natpaphonnukhunthod
6284,16661564,yang20251228,"2026-09-02 03:40:29",549.5,2,yang20251228
6285,16677231,"Ahmed Bootaan","2026-08-06 18:08:52",549.4,2,ahmedbootaan
6286,16757407,"Dylan Bailes","2026-08-26 07:11:56",549.4,2,dylanbailes
6287,16767800,awee,"2026-09-07 19:34:52",549.3,2,aweertw
6288,16666597,Ramkumar4240,"2026-08-10 12:19:20",549.0,2,ramkumar4240
6289,16768178,Scarttish,"2026-08-26 22:44:26",549.0,2,scarttish
6290,16787010,"Samir Patel","2026-09-04 02:59:28",549.0,2,mesamirpatel
6291,16743438,嘎嘎滴辣晒,"2026-08-24 09:30:32",548.8,2,yuhangzhang0621
6292,16658290,rrishavrraj,"2026-09-04 10:35:19",548.6,2,"rrishavrraj,shubhamkumar9812"
6293,16691271,"Ashler Herrick","2026-08-09 14:54:33",548.5,1,ashlerjohnherrick
6294,16718366,RATriculture,"2026-08-28 19:15:28",548.5,2,tarasshchur
6295,16660270,Ziel_Lux,"2026-09-13 11:18:14",548.4,2,nahbilafaith
6296,16702481,"Scott G","2026-08-13 15:19:02",548.4,2,verifiedscott
6297,16671364,"Mike Riggs","2026-08-09 03:22:55",548.3,2,riggsasi
6298,16698164,"Ruizhang Zhi","2026-09-18 16:03:27",548.3,2,ruizhangzhi
6299,16672463,"Muzammil Baloch","2026-08-07 12:45:39",548.2,2,muzammilbaloch
6300,16709494,"Aditya Dushara","2026-09-10 22:24:55",548.1,2,adityadushara
6301,16716632,shini47,"2026-08-22 20:30:17",548.1,2,shini47
6302,16659309,irisV11,"2026-08-18 05:23:01",547.7,2,irisv11
6303,16662313,"Maximus Sambucetti","2026-08-09 15:36:46",547.7,2,maximussambucetti
6304,16659181,Hongjie04,"2026-08-05 04:07:04",547.7,2,hongjie04
6305,16651167,ArmanVardanyan07,"2026-08-03 22:43:13",547.4,2,armanvardanyan07
6306,16712746,itsraininnnn,"2026-08-12 16:38:56",547.4,1,itsraininnnn
6307,16841589,加藤正樹,"2026-09-06 01:59:11",547.3,2,masaki9920
6308,16634790,"Steven Lui","2026-08-03 12:22:08",547.1,2,stevenlui
6309,16663232,"Marco Mangan","2026-09-06 21:20:24",547.1,2,masmangan
6310,16845161,"Abate etienne","2026-09-08 00:28:04",547.0,2,abateetienne
6311,16885591,Orange,"2026-09-13 11:30:58",547.0,2,orangecoppers
6312,16747163,"Sarthak Patel","2026-08-21 06:36:26",546.9,2,sarthakpatel2028
6313,16655424,Fayche,"2026-08-10 16:50:28",546.9,2,fayche
6314,16864314,marwar22,"2026-09-10 14:10:20",546.9,1,marwar22
6315,16806260,"Kotaro Furuno","2026-09-03 14:36:00",546.8,2,kotarofuruno
6316,16674540,"Pratik Priyanshu","2026-08-07 18:28:12",546.8,2,pratikpriyanshu5
6317,16782187,"Margo Kim","2026-08-28 19:15:18",546.8,2,margokim
6318,16877016,"Jasper Wessing","2026-09-18 14:08:07",546.5,2,jasperwessing
6319,16683918,Thuytien,"2026-08-07 17:20:33",546.5,2,thuytien200529
6320,16840437,nick.ai007,"2026-09-10 06:36:01",546.1,2,nickai007
6321,16730105,"Leonardo Palis","2026-08-17 03:35:05",546.0,2,leonardopalis
6322,16654890,"Josh Hipps","2026-08-06 14:16:49",546.0,2,joshuahipps
6323,16663864,RamónLópez,"2026-09-18 08:13:01",545.7,2,lopeznomar
6324,16723037,"Red Cat","2026-09-10 19:23:50",545.5,2,severl
6325,16672333,"Giovanny Rodríguez","2026-09-17 16:32:24",545.5,2,giovannyrodrguez
6326,16676259,Th_Gbay,"2026-08-19 20:42:35",545.5,2,thgbay
6327,16658718,"Duong Bao Duy","2026-09-15 13:31:45",545.3,2,duongbaoduy
6328,16759246,wangfeifei_si,"2026-08-26 14:27:19",545.3,2,wangfeifeisi
6329,16705328,"Ester Arias","2026-09-18 15:56:12",544.6,2,esterarias
6330,16865454,"Zhihuan Xue","2026-09-16 11:16:53",544.6,2,xuantianfengwu
6331,16720143,"AMAN PANDEY","2026-08-16 13:57:00",544.6,2,amanapofficial
6332,16669118,"yunus yavuz","2026-08-05 21:51:21",544.6,2,yunusyvz
6333,16702820,"Plorek ","2026-08-28 11:28:11",544.4,2,plorek
6334,16743282,"Srivishnu Charan","2026-09-03 14:06:54",544.3,2,srivishnucharan
6335,16669397,"Abed Kibbe","2026-09-13 06:09:10",544.3,2,abedkibbe
6336,16673034,"Milos Vlainic","2026-09-18 13:10:11",544.3,2,wlakinsson
6337,16692680,"Marc-Luca ","2026-08-11 12:02:15",544.3,2,marcluca
6338,16744898,"Tore Erdmann","2026-09-13 14:18:13",544.2,2,toreerdmann
6339,16696163,"Romain Durand","2026-08-17 19:00:46",543.9,2,romaindurand1607
6340,16795284,"Kostas Tsolis","2026-09-14 09:14:56",543.9,2,tkostas
6341,16682076,"Igor Riegel","2026-09-02 14:49:12",543.8,2,igormriegel
6342,16713033,Contact-Nade,"2026-09-10 07:44:18",543.6,2,"masanammedha,rayofc"
6343,16729202,Sven,"2026-08-27 21:55:40",543.6,2,sventleman
6344,16664605,"Nathaniel Shou","2026-08-05 17:51:47",543.5,2,nathanielshou
6345,16660364,dadandsats,"2026-08-14 11:41:04",543.4,2,continuingdev
6346,16673266,Preet,"2026-08-14 05:57:17",543.4,2,hpkaur34
6347,16728863,Irabala,"2026-09-18 12:54:02",543.2,2,irabala1
6348,16688646,lakranitesh,"2026-08-08 12:49:18",543.2,2,lakranitesh
6349,16686150,"Aek KunKub","2026-08-14 05:21:43",543.1,2,aekkunkub
6350,16669470,"ASDM HUB","2026-08-12 20:13:20",543.1,2,jesushechavarria
6351,16661066,"André Kuster","2026-08-06 00:54:20",542.9,2,andrkuster
6352,16662057,DeokJin,"2026-08-05 04:01:38",542.7,2,deokjin
6353,16723125,"Shubham Dhapola","2026-08-16 13:35:23",542.6,2,shubhamdhapola24
6354,16756987,"Joseph Paggeot","2026-08-24 04:32:57",542.5,2,josephpaggeot
6355,16915853,popwenman,"2026-09-18 05:54:00",542.5,2,popwenman
6356,16623112,Tians12,"2026-08-09 19:10:24",542.4,2,tiansang12
6357,16664750,"shubham kumar","2026-09-13 16:24:23",542.4,2,shubzk17
6358,16756858,"Rushi A.","2026-08-23 18:54:03",542.1,2,rushia
6359,16736368,tora,"2026-08-19 06:54:47",542.0,1,toranosukenoda
6360,16795609,2023314806_이승민,"2026-09-04 10:21:31",541.8,2,sminleeee
6361,16691310,"Ganesh ","2026-09-16 21:40:18",541.7,2,hotshot1798
6362,16857732,bzczz123,"2026-09-17 09:52:43",541.7,2,bzczz123
6363,16669479,"Shifa Salsabiila","2026-08-09 02:56:11",541.7,1,shifasalsabiila
6364,16862225,"Dmitriy Ershov","2026-09-09 19:38:26",541.7,2,bejeweled
6365,16738923,Quantum,"2026-08-29 01:40:45",541.6,2,jawadxhassan
6366,16658074,"Qui Ngx","2026-08-05 05:57:15",541.6,2,quingx
6367,16635145,"Isaac Menard","2026-08-05 21:11:36",541.5,2,isaacmenard
6368,16660419,"Kai-Shih Chiu","2026-08-06 12:54:22",541.3,2,kaishihchiu
6369,16661832,"Roberto Garcia","2026-08-08 15:09:39",541.3,2,robertogarciada
6370,16717742,"Ghawwjsb Vsjsjsbs","2026-08-13 22:32:49",541.0,2,ghawwjsbvsjsjsbs
6371,16669028,"Atishay Kasliwal","2026-08-11 17:54:59",541.0,2,atishaykasliwal
6372,16760190,"Florian Tigoulet","2026-08-24 12:37:14",540.9,2,floriantigoulet
6373,16749038,Seuz,"2026-08-29 18:40:14",540.8,2,kohdawei
6374,16730649,Mink,"2026-09-13 19:27:02",540.8,2,"mahendransaeyohnn,mysterious5577"
6375,16632118,nk,"2026-09-11 09:55:01",540.8,2,nagatakengo
6376,16814952,"Ngọc Huyền","2026-09-15 03:55:18",540.8,2,ngchuynss
6377,16660173,"PAULO HENRIQUE DE LIMA","2026-08-06 02:42:20",540.8,1,paulohenriquedelima
6378,16853288,ypl0lpy,"2026-09-09 07:56:50",540.7,2,ypl0lpy
6379,16705183,"Tong Jiakai","2026-08-14 08:23:26",540.3,2,tongjiakai
6380,16697730,JCN2365,"2026-08-13 18:06:35",540.2,2,jcn2365
6381,16795624,"Shashwat Khare","2026-09-02 01:46:54",540.1,2,shshwtkhr
6382,16780513,"Hugo JOBÉ","2026-08-27 20:51:09",540.0,2,hugojob
6383,16719172,"Victor Carriço","2026-08-24 03:35:14",539.9,2,kronossaurus
6384,16692637,"Blox Amaze","2026-08-09 09:47:42",539.9,2,bloxamaze
6385,16656871,"Pedro Henrique","2026-08-07 03:37:29",539.8,2,pedrohets
6386,16662751,ZeD,"2026-08-06 10:11:24",539.8,2,hussamcheema
6387,16734901,Breaking1800,"2026-09-08 20:16:46",539.8,2,breaking1800
6388,16871854,"Tanvi Parsam","2026-09-13 16:07:41",539.7,2,tanviparsam
6389,16696020,"Hugo Voisin","2026-08-11 16:08:06",539.5,2,hugovoisin
6390,16702359,"Ethan Pl","2026-08-11 19:43:21",539.5,2,ethanpl
6391,16623316,"Ondrew Zudin","2026-08-06 23:08:41",539.5,2,ondrewzudin
6392,16753353,"Aayush Kumar","2026-09-17 15:27:36",539.4,2,devaayushkumar
6393,16796810,JosephErikRibeiro,"2026-09-02 20:21:08",539.3,2,josepherikribeiro
6394,16660214,ytddsyt1214,"2026-08-09 12:32:06",539.2,2,ytddsyt1214
6395,16688366,yokoikazumasa,"2026-08-08 19:25:58",539.2,1,yokoikazumasa
6396,16657400,indrapurnama,"2026-08-08 05:42:05",539.1,2,indr0008
6397,16786450,fujii,"2026-09-15 14:01:51",539.0,2,kojisoemi
6398,16660360,"Joey Gonzales","2026-08-05 00:00:47",538.9,2,joeygonzales
6399,16693738,"Sonu Jha","2026-08-14 20:32:37",538.8,2,sonujha090
6400,16833476,"Richard Pagan","2026-09-05 03:01:54",538.8,1,richardpagan
6401,16708625,"Lê Văn Pháp","2026-08-29 03:15:56",538.7,2,"linhsarah,lvnphp"
6402,16715897,shettynaisha,"2026-09-06 17:28:58",538.7,2,shettynaisha
6403,16718042,"Muddassir Shah","2026-09-02 21:49:44",538.5,2,wisemanseed
6404,16685582,Wasaanyi,"2026-08-18 09:21:30",538.2,2,"cnakakeeto,wasaanyi"
6405,16738456,"Pritul Raut","2026-08-21 08:45:04",538.1,2,pritulraut
6406,16679771,Coolgolf,"2026-09-02 13:56:54",538.0,2,coolgolf
6407,16715711,"Shawon Biswas","2026-08-19 10:42:24",537.9,2,shawonbiswas11
6408,16798918,"Toan Nguyen Mau","2026-09-07 08:39:35",537.9,2,toannguyenmau
6409,16692450,duckypants,"2026-08-23 20:36:59",537.9,2,duckypants
6410,16740646,"Darren Chung","2026-08-25 18:00:27",537.7,2,chungdarren
6411,16659444,"ANKIT AGARWAL","2026-09-18 05:54:26",537.6,2,ankwall223
6412,16700484,白井孝太郎,"2026-08-15 01:08:02",537.5,2,kotaroshirai
6413,16811259,"Aaryan Agarwal","2026-09-03 20:21:00",537.5,1,aaryanagarwal
6414,16672657,"Lochan Naik","2026-08-07 08:41:44",537.5,2,lochannaik
6415,16823519,GarciasN,"2026-09-07 18:43:18",537.4,2,garciasn
6416,16848498,KeiroS,"2026-09-11 07:59:01",537.3,2,keiros
6417,16656317,"Manu Rahi","2026-08-06 16:43:55",537.3,2,manurathi
6418,16676320,"Khôi Trần","2026-08-29 14:14:57",537.3,2,khoitrn
6419,16759112,songxin,"2026-09-04 05:01:15",537.3,2,likewaterandwind
6420,16714592,"Carey Casile","2026-08-14 18:34:16",537.2,2,ccasile
6421,16664140,Sxwat,"2026-08-23 01:13:13",537.1,2,aybatov
6422,16731013,"Abimael Firstana","2026-09-11 06:55:02",536.9,2,abimaelfirstana
6423,16914539,Kou111111,"2026-09-18 10:32:09",536.9,2,kou111111
6424,16784966,oouiaa,"2026-09-03 21:53:59",536.8,2,tomofumihata
6425,16664370,"Joel Arias","2026-08-06 17:29:01",536.6,1,j4rias
6426,16790206,"bogdan chirkov","2026-09-15 13:46:30",536.6,2,bogdannchirkovv
6427,16633069,"Nur Srijan","2026-08-06 12:55:34",536.4,2,nursrijan
6428,16668678,"Madhur Sabherwal","2026-08-14 02:47:14",536.4,2,madhur321
6429,16666614,"Arjun Annamalai","2026-08-18 09:23:28",536.4,2,arjunannamalai
6430,16686655,"Emir Baki Demirci","2026-08-14 22:43:55",536.2,2,emirbakidemirci
6431,16696460,"Enzo 7mlk","2026-09-16 15:19:51",536.2,2,enzo7mlk
6432,16627751,lzeee,"2026-08-10 14:06:38",536.1,2,shzgong
6433,16657601,Simon,"2026-08-05 15:59:44",536.1,2,benten10
6434,16674076,rigsutra,"2026-09-12 16:57:45",535.9,2,rigsutra
6435,16786140,valgrinderror,"2026-09-16 01:37:51",535.9,2,valgrinderror
6436,16887642,"Dimitrios Giannoulis","2026-09-14 12:38:24",535.9,2,plagiagia
6437,16691007,"Nhật Khoa Phạm","2026-08-14 16:15:43",535.8,2,pnk123456
6438,16664143,"Lucas Henrique Mateo","2026-08-21 19:10:52",535.8,2,lucashmateo
6439,16725938,"Ben Cheng","2026-09-05 16:03:36",535.7,2,benczb
6440,16667025,"Anjitha Mekkayil Anand ","2026-08-28 05:59:46",535.7,2,anjithamekkayilanand
6441,16741766,lrik00,"2026-09-15 13:27:32",535.6,2,lrik00
6442,16665046,"Srish Jana","2026-08-06 18:12:59",535.6,2,srishjana
6443,16661550,SeriouS_K,"2026-09-05 08:25:29",535.6,1,serious101
6444,16842527,ko_fusion_JPN,"2026-09-18 14:14:19",535.6,2,kofusionjpn
6445,16781545,"Jake Lin","2026-09-04 01:41:22",535.4,2,jakelinai
6446,16845148,"nasa Furiy","2026-09-07 08:24:40",535.3,2,nasafuriy
6447,16656883,KK,"2026-08-05 10:27:15",535.2,2,kkonzyb
6448,16918433,"Mingkang He","2026-09-18 18:42:21",535.2,2,mingkanghe
6449,16740709,"Abimael Firstana #2","2026-09-11 07:19:13",535.1,2,abimaelfirstana99
6450,16802663,ipefix,"2026-09-01 17:34:35",535.0,2,nmsis91
6451,16623678,Mahog,"2026-09-18 14:02:08",534.9,2,mahoganybuttstrings
6452,16777150,Eduardo2c,"2026-09-06 14:23:04",534.8,2,eduardo2c
6453,16868761,TboneBrown,"2026-09-11 17:14:42",534.7,2,tbonebrown
6454,16717716,"Диас Издибаев","2026-08-15 05:32:14",534.5,2,diasiz1
6455,16740840,"Huchen Jiang","2026-09-02 09:18:47",534.4,2,huchenjiang
6456,16899234,vimes1984,"2026-09-17 01:19:19",534.3,2,vimes1984
6457,16887280,"ronger zhu","2026-09-17 04:03:22",534.0,2,rongerzhu
6458,16688134,"Marc Dakuginow","2026-08-13 01:40:44",534.0,2,marcdakuginow
6459,16846010,muelsyse111,"2026-09-07 07:52:55",533.9,1,muelsyse111
6460,16628487,"Koichi HIRAOKA","2026-08-01 08:42:40",533.6,2,koichihiraoka
6461,16664841,vohi01,"2026-09-06 09:53:46",533.4,2,vohi01
6462,16761751,KrishnaKumar_AIML,"2026-09-02 14:38:24",533.1,2,krishnakumarcsr
6463,16867745,"Carlos Uño Magne","2026-09-13 15:09:49",532.9,2,carlosuomagne
6464,16659507,"Lokesh Lalan","2026-08-26 08:51:50",532.7,2,lokeshlalan
6465,16764600,"Tanmay Shingavi","2026-09-03 05:43:57",532.7,2,decodingafterlife
6466,16697346,"sayyid mogaka","2026-08-10 21:37:36",532.4,2,sayyidmogaka
6467,16660462,"Vishwanath N Iyer","2026-08-07 07:22:17",532.3,2,vishwanathniyer
6468,16765380,jslee_homeofson,"2026-08-25 13:10:22",532.2,2,jsleehomeofson
6469,16730749,"Đông Hà","2026-09-03 03:04:06",532.1,2,phapsucongu
6470,16828705,"liama liama","2026-09-04 16:37:52",532.1,2,liamaliama
6471,16890221,"Kalebu Makombe","2026-09-14 10:07:31",532.0,2,kalebuomakombe
6472,16705480,Mint120,"2026-08-19 05:49:10",531.9,2,mint120
6473,16884997,"Le Huy Tuong","2026-09-17 12:55:49",531.9,2,lehuytuong
6474,16724269,lava,"2026-09-11 11:22:13",531.8,2,fanxiaozhen
6475,16886765,LZWang,"2026-09-13 22:00:47",531.8,2,wlzwlz
6476,16663618,Anthaus,"2026-08-09 17:06:35",531.7,2,anthaus
6477,16686149,"Luc Mantoux","2026-08-09 20:25:33",531.7,2,lucmantoux
6478,16660035,NoNamedeo,"2026-08-27 14:20:15",531.6,1,nonamedeo
6479,16668509,HarryZ,"2026-09-13 04:29:04",531.5,2,mzhumzhu
6480,16894008,"Marcus Jamieson","2026-09-17 12:46:00",531.4,2,marcusjamieson
6481,16752153,zhao569,"2026-09-17 08:34:24",531.4,2,zhao569
6482,16872190,"Zephyr Pong","2026-09-11 11:07:15",531.4,2,zephyrpong
6483,16656913,"Inna Davidov","2026-08-20 04:43:47",531.4,2,innadav
6484,16698103,JJ,"2026-09-02 09:46:15",531.3,2,jianjinchen
6485,16729914,Christina,"2026-09-14 11:16:46",531.2,2,geekycb
6486,16661432,"Ange Adantchede","2026-09-14 09:00:26",531.1,2,angeadantchede
6487,16796509,"Taha Alselwi","2026-09-10 22:26:26",531.1,2,tahaalselwii
6488,16669699,nikesh23,"2026-08-08 01:52:56",530.7,2,nikesh23
6489,16718565,Frankyface,"2026-08-13 18:54:37",530.5,1,frankyface
6490,16666328,"Dornus !","2026-08-05 21:53:19",530.4,2,dornus
6491,16674943,feyZERO,"2026-08-16 10:48:50",530.4,2,faezamora
6492,16664706,olivbhxf,"2026-08-06 07:10:34",530.3,2,olivbhxf
6493,16662741,"Abhiraj Govind","2026-08-04 18:01:16",530.2,1,abhirajgovind
6494,16768939,"Pratham Sonawane","2026-08-30 17:37:23",530.1,2,prathamsonawane1
6495,16659896,TedT,"2026-08-11 19:36:14",530.1,2,fdsaur
6496,16692246,"Pamod Jayaneth","2026-09-08 05:13:09",530.0,2,pamodjayaneth
6497,16725847,"Shel Horta","2026-08-18 04:29:55",529.9,2,shelhorta
6498,16678633,"Tanishq Tayade","2026-09-14 21:39:04",529.8,2,tanishqtayade
6499,16685800,"Sumit Ridhal","2026-09-05 11:44:15",529.7,2,sumitridhal
6500,16723737,HaruhiroKazami,"2026-08-21 16:12:04",529.5,2,haruhirokazami
6501,16740248,KK_nut,"2026-08-25 03:26:52",529.4,2,k0k0nut
6502,16678644,"Kanik Aggarwal","2026-08-13 19:01:16",529.4,2,roronoazoro200
6503,16720714,"Lithole Munangiwa","2026-08-19 11:23:49",529.4,2,litholemunangiwa
6504,16654596,"khusham sheth","2026-08-13 05:28:55",529.4,2,khushamsheth
6505,16655630,askBillyWhatMamaDid,"2026-08-28 02:06:18",529.3,2,askbillywhatmamadid
6506,16658820,"Jonathan Ashenaf1","2026-08-11 16:59:20",529.1,2,jonathanashenaf1
6507,16675863,"Habib ullah","2026-09-17 13:54:42",528.8,2,habibullah123456789
6508,16774317,A_yuki,"2026-08-28 23:42:10",528.7,2,yukiys
6509,16635744,XDang13,"2026-09-01 00:50:40",528.5,2,xdang13
6510,16677585,Pan,"2026-08-07 13:54:22",528.5,2,mehdiacho
6511,16774134,kokdonbaq,"2026-08-30 14:07:52",528.4,2,darkhan14
6512,16663188,"Ethan Feng","2026-08-05 22:09:38",528.4,2,xenon111231
6513,16808750,ssssying,"2026-09-11 14:41:53",528.4,2,ssssying
6514,16638645,ChrisDavis,"2026-08-03 23:29:34",528.3,2,alpacas
6515,16661858,"Lukas Lee e","2026-08-18 00:58:12",528.1,2,lukasleee
6516,16731729,"Sumit Bopche","2026-08-21 15:53:56",528.0,2,sumitbopche
6517,16676663,"This cat is called Fumi","2026-08-11 18:21:43",527.9,2,qwer556617123
6518,16722252,pwdh2026,"2026-08-14 22:16:22",527.7,2,pwdh2026
6519,16623302,"Raffi Ardhi Naufal","2026-07-31 18:31:57",527.6,1,raffiardhi
6520,16743823,"Zeyu Huang_summer","2026-09-14 15:40:41",527.4,2,zeyuhuangsummer
6521,16708230,"jose manuel Tinajero","2026-08-25 15:02:46",526.9,2,josemanueltinajero
6522,16709885,"Manuel Pérez","2026-08-14 01:54:02",526.7,2,manuelperezzz
6523,16633934,Alexy,"2026-08-25 04:40:02",526.6,2,alexycactus
6524,16658973,"not today","2026-08-05 05:57:14",526.5,2,cemhan44
6525,16771972,"Vansh Ahlawat","2026-09-18 11:41:12",526.5,2,vansh5126
6526,16666055,Axit,"2026-08-06 10:16:15",526.5,2,axitslab
6527,16664652,QuasarHeart,"2026-09-04 14:00:05",526.4,2,quasarheart
6528,16706985,Valmrnch,"2026-08-24 07:57:56",526.3,2,valmrnch
6529,16658702,sherlockwatson007,"2026-08-29 08:48:53",526.3,2,sherlockwatson007
6530,16693033,AgriBot,"2026-08-13 23:53:10",526.3,2,prcieuxcomlan
6531,16861492,Adi_271,"2026-09-10 09:47:25",526.2,2,adi271
6532,16661099,TheSven,"2026-08-06 17:05:25",526.2,2,thesven
6533,16767754,"Dr. T","2026-09-13 08:01:21",526.1,2,davinor
6534,16698292,"Dallas Manning","2026-08-17 14:29:53",526.0,2,dallasmanning
6535,16662875,Jimmy,"2026-09-16 15:30:46",526.0,2,jiyo4476
6536,16676613,LCZ1996,"2026-08-29 02:02:59",525.9,2,lcz1996
6537,16657654,TemperaryT,"2026-09-18 05:32:36",525.8,2,temperaryt
6538,16658327,pocari1,"2026-08-19 07:17:28",525.7,2,pocari1
6539,16905027,"xiaomeng lin","2026-09-16 08:03:14",525.6,1,xiaomenglin
6540,16720760,ysteh05,"2026-08-15 05:14:53",525.6,2,ysteh05
6541,16654970,"Maycon Coutinho","2026-08-27 21:28:32",525.3,2,coutinhomaycon
6542,16887947,"Blips and Chitz","2026-09-18 13:00:54",525.3,2,michaelriedl
6543,16793889,zhzz,"2026-09-01 11:28:52",525.2,2,ucsdzhengzeng
6544,16701250,T00bii,"2026-08-11 16:11:06",525.0,1,t00bii
6545,16662060,"Richard Valino","2026-08-06 16:03:36",524.9,2,richardvalino
6546,16629002,Alpro,"2026-09-08 23:32:24",524.8,2,"dogaakal,egekemalkaraca"
6547,16670218,"What is Coding?","2026-08-07 01:47:17",524.8,2,matthewshvarts
6548,16639244,"Romone Dunlop","2026-08-11 10:19:49",524.8,2,romonedunlop
6549,16654085,"Bill Xu","2026-09-07 05:10:56",524.7,2,billll
6550,16630773,"An Hoang Vo","2026-09-05 14:49:25",524.3,2,anhoangvo
6551,16666709,JSQL,"2026-09-02 18:52:37",524.2,2,jeffreyschott
6552,16712921,"Come Back","2026-08-20 00:45:45",524.1,2,amirhosseinltf
6553,16653728,"Iswar Patra","2026-09-18 12:05:09",524.1,2,iswarpatra
6554,16829729,NoobMaster69,"2026-09-06 09:12:58",524.0,2,thelegend007
6555,16661927,JHCodeQuest,"2026-08-25 11:36:46",524.0,2,josephkhassan
6556,16845696,Huskkky,"2026-09-07 03:47:13",524.0,2,huskkky
6557,16641009,"Marius Kirschner","2026-08-03 08:41:47",523.9,2,mariuskirschner
6558,16684024,"Work From Home 3.0","2026-08-14 12:33:30",523.7,2,"direct1,gongyiqian,jovansee,maxtankialok,n00bcak"
6559,16632253,nasuuuuun,"2026-08-04 13:30:11",523.7,2,hikarumatsuzaki
6560,16694171,"guanran wang","2026-08-11 05:57:12",523.7,2,guanranwang
6561,16691807,lbs-vadar,"2026-08-26 18:29:57",523.6,2,lbsvadar
6562,16789996,"Chen Jiaqi","2026-09-02 15:48:25",523.4,2,elaemchen
6563,16654485,"Mahbub Alam","2026-08-04 02:08:23",523.3,2,mahbubalam214
6564,16658031,BSam79,"2026-09-12 09:12:39",523.2,2,bsam79
6565,16742059,dafei2025,"2026-09-03 09:19:34",522.9,2,dafei2025
6566,16645446,gogo98415,"2026-08-29 06:04:15",522.8,2,gogo98415
6567,16635481,Jamaisvu,"2026-08-20 15:39:29",522.8,2,jamaisvu
6568,16752665,"Dominik Toric","2026-09-14 17:20:14",522.7,2,dominiktoric
6569,16726854,"Tâm La Thành","2026-08-27 08:55:02",522.6,2,tmlathnh
6570,16724395,"Hampton Yeh","2026-08-22 04:07:32",522.6,2,hamptonyeh
6571,16745655,巴啦啦能量,"2026-09-08 01:30:14",522.6,2,wsh10086
6572,16888433,SINKO1,"2026-09-18 18:19:12",522.4,2,sinko1
6573,16920613,"vietnam vo dich","2026-09-18 13:38:00",522.4,2,ctun12
6574,16811414,Y-Kitaro,"2026-09-17 02:24:34",522.2,2,yhataktaro
6575,16773402,齐乐,"2026-08-28 05:52:43",522.1,2,qile200107
6576,16648589,"Yilan Zhu","2026-08-05 11:23:23",522.0,2,yilanzhu
6577,16663777,"Mortis Beans","2026-08-24 05:27:44",521.9,2,mortisbeans
6578,16693207,"Vamshi Guntupalli","2026-08-11 22:40:36",521.5,2,vamshiguntupalli
6579,16875818,Mateollqw,"2026-09-12 22:08:38",521.5,2,mateollqw
6580,16667872,"Pralay Ghosh","2026-09-06 10:12:25",521.4,2,pralayghosh83
6581,16889005,Dino,"2026-09-18 07:12:51",521.4,2,ngohongthai
6582,16904318,"wofi poria","2026-09-18 01:33:18",521.3,2,wofiporia
6583,16685349,Onelux,"2026-08-13 12:58:31",521.0,2,leehomhuang
6584,16907592,may2223,"2026-09-18 08:40:19",521.0,2,may2223
6585,16680562,devsloppy,"2026-08-10 20:02:19",520.9,2,twu1738
6586,16661596,t@got@go,"2026-08-10 06:24:24",520.7,2,kamdaanahessod
6587,16778579,"Jiajia Zhang","2026-08-29 18:19:12",520.5,2,jiajiazhang01
6588,16665257,"Ken Li","2026-08-09 12:59:32",520.3,2,kenliwt
6589,16770440,"Tegar Putrayas Dentatama","2026-08-29 06:33:59",520.1,2,tegarputrayasd
6590,16672078,vietlinhh02,"2026-08-08 07:46:53",520.0,2,vietlinhh02
6591,16680108,dentalsoup,"2026-08-07 09:03:47",520.0,2,afinemonkey
6592,16779813,zitihc,"2026-08-29 14:18:49",519.9,2,zitihc
6593,16679671,Ash0666,"2026-08-09 19:28:52",519.9,2,ash0666
6594,16760352,"Romain Bomba","2026-08-24 01:27:23",519.8,2,romainbomba
6595,16682707,"AJAY KUMAR","2026-08-07 19:13:08",519.8,2,worldsslayer
6596,16887274,Shakeel,"2026-09-14 09:55:20",519.5,2,shakeel787
6597,16891695,yuruihito,"2026-09-16 14:04:22",519.5,2,yuruihito
6598,16778703,kamaras,"2026-08-30 11:58:07",519.3,2,kamaras
6599,16677360,"Jatin Chawla","2026-08-08 13:45:06",519.3,2,jatin221
6600,16721877,SuzukiTakumi,"2026-09-18 12:21:15",519.1,2,suzukitakumi
6601,16655899,"Dominic Tedrow","2026-08-17 20:37:28",519.1,2,dominictedrow
6602,16657674,Warriors,"2026-08-29 14:12:29",519.0,2,"karthikreddykarri,kovvurisaimohanreddy,vikramadityaabhiram"
6603,16687293,"Aurelie Jodelle Kemme","2026-08-20 00:25:43",519.0,2,"audreydemafo,aureliejodellekemme"
6604,16786461,"Caleb Bredlow","2026-09-07 04:17:50",518.8,2,calebbredlow
6605,16683309,"Zealous Sebastian","2026-08-09 12:45:32",518.6,2,zealoussebastian
6606,16692644,"Achille Gohin","2026-08-10 00:26:26",518.6,2,achillegohin
6607,16714363,guohaowen,"2026-08-13 14:25:48",518.4,2,guohaowen1910
6608,16784417,"Dallas Odem","2026-08-29 13:14:30",518.2,2,dallasodem
6609,16733948,novodude,"2026-09-06 18:41:26",518.1,2,novomont
6610,16809985,"ADOLE Edache","2026-09-15 09:00:43",518.1,2,adoleedache
6611,16630163,"SEREENA JERRY","2026-08-06 08:59:17",517.9,2,serenajerry
6612,16862188,KJ007123,"2026-09-10 07:02:20",517.8,2,kj007123
6613,16823067,Francisco,"2026-09-10 18:00:57",517.8,2,cheneblanc
6614,16657681,"Prince Raj","2026-08-11 22:49:02",517.7,2,princerajmdb
6615,16771171,Manfucci,"2026-09-12 14:08:47",517.6,2,manfucci
6616,16668562,"Anthony LOISEAU","2026-08-06 16:07:52",517.5,2,anthonyloiseau
6617,16631480,"Kumar Abhijeet","2026-07-31 13:29:40",517.3,1,krabhijeet
6618,16705363,"Matt Hall","2026-08-16 01:44:32",517.1,2,matthall0
6619,16769648,"Alok Kumar","2026-08-28 18:04:50",517.0,2,shadowserpent
6620,16631919,"Ghinwa Allaoui","2026-08-04 16:27:17",516.8,1,ghinwaallaoui
6621,16630903,"Hrushikesh Pawar","2026-08-09 14:44:37",516.8,2,hrushikeshpawar
6622,16673324,Amaranta,"2026-09-18 18:23:38",516.7,2,ulyanovantonamaranta
6623,16806084,"DSDgsdgs SDgsdfgs","2026-09-03 05:19:11",516.6,1,dsdgsdgssdgsdfgs
6624,16664913,"ABHISHEK KUMAR","2026-08-17 04:20:56",516.3,2,abhishek6545
6625,16709880,"Javier Pérez Robles","2026-08-15 02:21:07",516.3,2,javierprezrobles
6626,16799485,"Bartholomew Jordan","2026-09-18 11:31:55",516.2,2,bartholomewjordan
6627,16659261,PromptEngineer48,"2026-08-04 16:44:46",516.1,2,promptengineer48
6628,16849108,raypratik,"2026-09-18 18:19:51",515.9,2,raypratik
6629,16663551,"Germinator G-1000","2026-09-15 21:52:40",515.7,1,sinkingpoint
6630,16675477,"Joanne Yun","2026-08-07 13:40:53",515.6,2,joannejyun
6631,16707159,"Toua Innocent TIA","2026-08-17 16:28:36",515.3,2,centino
6632,16674106,Jaikrishna@007,"2026-09-17 07:11:06",515.2,2,"dineshak07,jaikrishna007"
6633,16668612,"raffael prem","2026-08-06 08:02:13",515.2,2,raffaelprem
6634,16886832,"Ayush Patel","2026-09-13 16:25:18",515.1,2,ayushpatel02
6635,16632100,"Mohit Shirke","2026-08-07 17:55:11",515.1,2,orcivion
6636,16863015,"Carlos Jaime","2026-09-14 05:18:14",515.1,2,cjaime708
6637,16852342,"Minh Đăng Lê","2026-09-08 17:30:17",515.0,2,minhngle
6638,16795698,ml_gg,"2026-09-18 15:25:40",515.0,2,ramnarayanchoudhary
6639,16689908,Hyun777,"2026-08-14 01:11:17",514.8,2,hyun777
6640,16690352,"Aled von Oppell","2026-09-18 10:32:06",514.8,2,aledgvonoppell
6641,16673214,Boiga7,"2026-08-06 14:03:53",514.7,2,lewiselliot
6642,16688383,plong2101,"2026-08-18 06:21:34",514.6,2,plong2101
6643,16652952,lackmind,"2026-09-04 18:46:11",514.6,2,lackmind
6644,16818158,Noza,"2026-09-16 04:36:09",514.5,2,harukanozato
6645,16670779,"Aditya Dube","2026-08-06 01:41:24",514.4,2,dubeaditya
6646,16655072,Sonuaswar1,"2026-08-04 07:33:47",514.4,2,sonuaswar1
6647,16749371,"Renisa Assyifa Putri","2026-08-21 05:24:07",514.3,1,renisaassyifaputri
6648,16686645,Ornaat,"2026-09-17 15:44:57",514.3,2,ornaat
6649,16662715,"Great Okwuma","2026-08-17 00:10:46",514.2,2,greatokwuma2
6650,16810343,"Aleksandr Borodin","2026-09-02 20:29:06",514.2,2,aleksandrbor
6651,16682984,"Rishikesh Bharat Koli","2026-08-08 04:18:06",513.9,2,rishikeshbharatkoli
6652,16666652,"Mohamed Fanni","2026-08-17 00:51:38",513.8,2,"arachid,mohamedfanni,soukaynamokhtari"
6653,16888050,"Ayoub Fliless","2026-09-14 17:56:12",513.8,2,ayoubfliless
6654,16870486,"Sincere Bailey","2026-09-14 12:26:18",513.7,2,sincerebailey
6655,16656410,Sam,"2026-08-14 01:58:04",513.6,2,beartrader
6656,16687330,"Mehmet Ensar Çetin","2026-09-06 06:20:19",513.4,2,mehmetensaretin
6657,16699756,"zhang xin","2026-09-13 16:58:12",513.3,2,zhangxin300
6658,16691466,"Jeeta Nandi ","2026-09-04 09:23:34",513.2,2,jeetanandi
6659,16818405,MickyDot,"2026-09-08 08:16:06",513.0,2,mickydot
6660,16666371,jiten_topiwala,"2026-08-08 16:51:13",512.9,2,jitentopiwala
6661,16644577,"Arthur Merritt","2026-08-04 07:11:11",512.9,2,jarthuph
6662,16865918,yh00722,"2026-09-14 04:52:38",512.8,2,yh00722
6663,16775214,"Sambhav R","2026-08-27 15:34:44",512.8,2,sambhavr
6664,16658344,SOONHANKWON,"2026-08-28 02:00:59",512.4,2,soonabletv
6665,16658160,yunquer,"2026-08-17 07:18:53",512.2,2,yunquer
6666,16662043,"Hengcong Zhu","2026-08-05 14:46:24",511.9,2,hengcongzhu
6667,16843633,"Arbnor Grubi","2026-09-13 02:32:30",511.5,2,protocool
6668,16661507,Siddharth1984,"2026-08-06 13:39:22",511.5,2,siddharth1984
6669,16692168,"Kinshuk Aggarwal","2026-08-09 04:23:32",511.4,1,kinshukaggarwal
6670,16804924,"Kevin L.","2026-09-09 07:04:46",511.4,2,zorgis
6671,16665080,"RAVI KUMAR696996","2026-08-05 06:14:29",511.1,2,ravikumar696996
6672,16693797,"Riyaz Ur Rehman","2026-08-17 02:21:15",511.1,2,riyazurrehman
6673,16778947,mart3104,"2026-09-05 15:31:43",511.0,2,mart3104
6674,16891652,Cristian034,"2026-09-17 12:25:59",510.8,2,cristian034
6675,16672105,"Natural Stupidity","2026-08-10 19:39:53",510.7,2,"parthb21,sujaygolla"
6676,16700661,"Aakash Kavuru","2026-08-12 05:13:05",510.7,2,aakashkavuru
6677,16729510,ARM,"2026-09-08 13:01:17",510.6,2,"midhun4126,mrohithjohn"
6678,16761589,"Eren -","2026-08-27 08:48:44",510.6,2,erenozyurek
6679,16656470,Glimmeron,"2026-08-12 02:01:48",510.5,2,rishabhraushan
6680,16701454,"André-Marie BEHANZIN","2026-09-15 11:42:17",510.5,2,andremariebehanzin
6681,16724842,"Mikaela Gkolemi","2026-08-21 19:04:38",510.4,2,mikaelagkolemi
6682,16662643,Mohit_Singh,"2026-09-17 07:24:15",510.3,2,mohitsingh955
6683,16665511,phoenix_merk,"2026-08-05 09:46:25",510.1,2,phoenixmerk
6684,16674308,"Ayush Roy","2026-08-06 20:28:57",510.0,2,ayushroy39
6685,16914771,"Moritz Schobesberger","2026-09-17 15:21:34",509.8,2,moritzschobesberger
6686,16647438,"Aderian Setiawan","2026-09-16 09:23:33",509.8,2,aderiannovito
6687,16920069,"arar tawil","2026-09-18 13:18:27",509.8,2,araraltawil
6688,16726445,"James Patounas","2026-08-19 08:37:06",509.8,2,jamespatounas
6689,16701761,BalaVignesh,"2026-08-11 17:04:37",509.6,2,balavignesh
6690,16775131,"Re Son","2026-08-27 14:29:31",509.4,2,lemelson
6691,16919647,moo_&yuu1,"2026-09-18 15:54:11",509.2,2,"a91zjy,mooyuu"
6692,16662201,"Saumitra Verma","2026-08-04 18:28:36",509.2,2,saumitraverma
6693,16661934,"Viacheslav Kasatkin","2026-08-10 10:48:25",509.1,2,viacheslavkasatkin
6694,16733644,Gavilán,"2026-08-23 19:41:22",509.1,2,gaviln
6695,16685028,"serene ng","2026-08-13 14:53:37",508.9,2,sereneng
6696,16763351,shutong114,"2026-08-24 15:17:06",508.8,2,shutong114
6697,16685570,"Micah Fernando","2026-08-07 19:46:31",508.7,2,micahfernando
6698,16735702,opflare,"2026-09-04 23:47:49",508.6,2,opflare1144user
6699,16662647,"Ruben Maya","2026-08-18 20:55:57",508.6,2,rubenmaya
6700,16846143,germanyum,"2026-09-13 14:32:05",508.5,2,germanyum
6701,16679958,Bum_Fy_Mz,"2026-08-13 20:31:44",508.5,2,bumfymz
6702,16686109,"Triple Tensor","2026-08-17 08:24:26",508.3,2,"adinathjagtap777,pds178,prajwalzolage05"
6703,16889078,"Md Waquar Ahmad","2026-09-16 02:52:56",508.2,2,mohdwaquarahmad
6704,16686972,"Ankit Maurya","2026-08-23 07:05:44",508.2,2,"ankitmaurya16,rudraprasadsah"
6705,16631981,"Karen Letir","2026-08-10 09:21:51",508.1,2,karenletir
6706,16672473,goldfish,"2026-08-13 03:34:21",507.9,2,dolgfish
6707,16810019,M&S,"2026-09-02 17:19:11",507.8,2,"martinhma,yishusheng"
6708,16735251,AlviH47,"2026-08-19 14:25:48",507.8,2,alvih47
6709,16717601,"Mariem Fersi","2026-08-24 23:22:14",507.7,2,"mariemfersi,yassinebrahem2"
6710,16709712,IWA_setu,"2026-09-18 03:44:45",507.6,2,sdcarson
6711,16718295,doinggyu,"2026-08-18 12:56:58",507.6,2,doinggyu
6712,16762881,Yuki0x80,"2026-09-17 16:45:41",507.6,2,saiyuki1919
6713,16780592,sergey,"2026-08-27 19:09:25",507.4,2,sadsdfsdf
6714,16896566,Bleriot11,"2026-09-15 15:08:27",507.4,2,bleriot11
6715,16659813,"Uday Kumar R","2026-08-13 09:47:39",507.3,2,udaykumarramineni
6716,16851553,Sentinel,"2026-09-12 19:35:06",507.2,2,atlasar
6717,16890133,Adsterr,"2026-09-14 20:06:19",507.0,1,adsterr
6718,16623938,flashthunder,"2026-09-14 08:04:09",506.8,2,thunderflash
6719,16705415,"Mauro Najera","2026-08-11 05:30:13",506.7,2,mauronajera
6720,16659681,"Aditya Seth","2026-09-04 13:12:36",506.7,2,adityaseth777
6721,16678083,"Abdeljalil Idalahaj","2026-09-05 04:28:08",506.7,2,abdeljalilidalahaj
6722,16632368,"Yuelin Bai","2026-08-03 08:15:12",506.7,2,paralym
6723,16876700,"Omar Mukhtar","2026-09-18 10:05:32",506.6,2,omarmukhtar3
6724,16890976,zyh222,"2026-09-15 00:04:04",506.4,2,zyh222
6725,16867132,"Dilara Adıgüzel","2026-09-17 14:18:23",506.4,2,dilaraadgzel
6726,16658627,"Osman Can ÇETLENBİK","2026-08-05 15:25:30",506.3,2,osmancancet
6727,16668154,JuanEspana,"2026-08-09 11:38:32",506.3,2,juanespana
6728,16765488,chenyinheng30,"2026-09-06 14:26:22",506.3,2,chenyinheng30
6729,16656641,AndrewEly8,"2026-08-05 00:56:32",506.3,2,andrewely8
6730,16724470,"Mahdi Rafati","2026-08-24 15:32:51",506.2,2,mahdirafati
6731,16664266,"Ian Chung","2026-08-07 23:32:55",506.2,2,iannnnn012345
6732,16656689,"Vansh Gupta","2026-08-11 08:56:56",505.9,2,vanshrl9ine
6733,16632105,"shreyas sangalad","2026-08-02 12:01:08",505.8,2,spoortisangalad
6734,16706143,Adityaupadhyay0805,"2026-08-20 04:28:06",505.7,1,adityaupadhyay0805
6735,16777132,"Soham Dave","2026-08-27 14:51:01",505.7,2,sohamdave19
6736,16724847,"guangchen lu","2026-09-10 03:34:37",505.6,2,guangchenlu
6737,16737362,"moushun chen","2026-08-20 06:45:46",505.5,2,moushunchen
6738,16658115,SantaClaws,"2026-08-10 14:50:31",505.5,2,vovikdrg
6739,16825996,"Alex Li","2026-09-04 08:02:19",505.3,2,alexli1998
6740,16917535,"Edric Zhou","2026-09-18 00:29:01",505.3,1,edriczhou
6741,16885828,U-Bex,"2026-09-16 05:30:55",505.2,2,shuichiurabe
6742,16661930,zzangsunghyeon,"2026-08-08 16:22:21",505.2,2,zzangsunghyeon
6743,16764751,"Abhishek Parmar","2026-08-26 04:06:39",505.1,2,abhisheknparmar
6744,16793465,"Farming Sols","2026-09-03 23:40:36",505.1,2,rishitreddypalle
6745,16769170,"Hardik Savaliya211","2026-08-25 11:07:10",505.1,2,hardiksavaliya211
6746,16809677,"Phong Khổng Hoàng","2026-09-12 12:30:45",505.0,2,phongkhonghong
6747,16678613,iBooNDK,"2026-08-09 19:03:37",504.8,2,iboondk
6748,16656143,"Debanshu Mallick","2026-09-10 13:27:19",504.8,2,debanshumallickiisc
6749,16674714,"Kaaleedass Manoharan","2026-08-31 19:07:47",504.7,2,kaaleedassmanoharan
6750,16670719,SimoImane,"2026-08-05 23:36:09",504.6,2,simoimane
6751,16633577,Boxy,"2026-08-15 18:55:40",504.5,2,boxyml
6752,16667101,SundharSteyn,"2026-08-27 02:41:04",504.3,2,sundharsteyn
6753,16728137,mchicen,"2026-08-20 16:48:10",504.3,2,"iyaiji,mchicen"
6754,16843316,"Felipe Chiarini","2026-09-12 12:03:15",504.2,2,felipechiarini
6755,16641622,datajanko,"2026-08-22 07:40:54",504.1,2,jankoch
6756,16695400,"Karam Khasawneh","2026-08-10 20:29:16",503.6,2,karamkhasawneh
6757,16856778,"Johnathan King","2026-09-18 00:01:58",503.5,2,johnathanking1278
6758,16729152,Antoine,"2026-08-17 10:12:04",503.5,2,a11t01n3
6759,16794797,zzzyan10,"2026-09-18 07:42:32",503.4,2,zzzyan10
6760,16726155,miyawakiayaka,"2026-08-15 18:50:10",503.3,2,kanatakon
6761,16661443,"STEPHEN ASANTE OPOKU","2026-08-04 16:45:41",503.3,1,stephenasanteopoku
6762,16733785,"Stuart Gilbert","2026-08-30 01:52:41",503.3,2,stuartgilbert
6763,16718338,"Oladimeji Adeyemi","2026-08-17 15:33:50",503.1,2,adeyemioladimeji
6764,16706277,"ratat Zheng","2026-08-12 10:25:38",503.1,2,ratatzheng
6765,16744572,DivyanshAgg,"2026-08-31 19:30:49",503.0,2,divyanshagg
6766,16702281,"Dhruv Patel #2","2026-08-10 21:25:08",502.9,2,dhruvpatel1972
6767,16664502,"Alejandro Morales","2026-08-10 01:05:59",502.8,2,langley96
6768,16862497,DefiAudit,"2026-09-18 00:48:19",502.7,2,defiaudit
6769,16889017,Bigwh3el,"2026-09-18 13:26:53",502.6,2,bigwh3el
6770,16693045,"Huseyin Battal","2026-08-09 05:41:25",502.5,2,huseyinbattal
6771,16909602,jack1e32,"2026-09-18 02:32:58",502.4,2,jack1e32
6772,16661397,"T. Scharf","2026-08-05 02:54:36",502.3,2,scharf
6773,16662722,"Ajeet Jain","2026-08-07 06:32:10",502.3,2,jainajeet29
6774,16654885,"Jason Kong","2026-08-04 06:52:19",502.3,2,jasonkongie
6775,16726913,"T T‗Worker","2026-08-22 11:08:14",502.1,2,ttworker
6776,16656573,"Ashiq Firoz","2026-08-17 18:20:11",502.0,2,ashiqfiroz
6777,16672798,yaphanqiii,"2026-08-27 07:55:23",501.9,2,yaphanqiii
6778,16665281,"[Deleted] 899172b8-e148-4564-ba8c-c46356105ab8","2026-08-05 09:55:11",501.9,2,del=cd7e9a4014b872ef
6779,16883234,Cpleasance,"2026-09-14 00:24:24",501.4,2,cpleasance
6780,16840445,"Danko Schroeder","2026-09-18 15:17:05",501.1,1,dankoschroeder
6781,16774035,"Shengfeng Wang","2026-08-26 07:28:46",501.0,1,shengfengwang
6782,16701779,"Chaoqi Luo","2026-08-15 16:42:19",500.8,2,chaoqiluo7
6783,16729081,"Venkata Y","2026-08-19 00:45:13",500.7,2,venkatayerrapothu
6784,16695102,whitelok,"2026-08-11 12:54:41",500.7,2,whitelok
6785,16855185,ArdiaNova,"2026-09-18 11:08:04",500.4,2,ardianova
6786,16659183,"Leonard Yaw Mensah","2026-08-05 02:22:25",500.4,2,leonardyawmensah
6787,16623006,"Aaradhy Singhvi","2026-09-08 12:48:10",500.3,2,aaradhysinghvi
6788,16895340,Prakhareshwar,"2026-09-16 14:36:42",500.3,2,prakharpathak12
6789,16883859,"Carlos Daniel Polanco","2026-09-15 22:48:08",500.3,2,carlospolanco00
6790,16687538,aefinityaiinc,"2026-08-27 20:59:35",500.2,2,aefinityaiinc
6791,16661950,moonmelonpizza,"2026-08-09 12:25:23",499.9,2,moonmelonpizza
6792,16715769,Ethereallll1,"2026-08-14 15:21:12",499.7,2,ethereallll1
6793,16649077,"Yifan Yang 135","2026-08-11 06:22:40",499.5,2,yifanyang135
6794,16645870,"Barathan Aslan","2026-08-03 08:21:55",499.4,2,barathanaslan
6795,16659505,"Duleeka Mevan","2026-08-06 09:32:46",499.4,2,duleekamevan
6796,16687942,"Arya Arun","2026-08-16 08:52:26",499.4,2,aryaarun07
6797,16639814,"Nikhil Krishna A","2026-09-07 07:37:56",499.4,2,techmasternikhil
6798,16728318,T3jas06,"2026-08-22 19:45:13",499.4,2,t3jas06
6799,16689372,"Kiran Yerpude","2026-08-12 05:39:43",499.3,2,kiranyerpude
6800,16722109,Navneet,"2026-08-14 14:02:35",498.8,2,zxcdfg
6801,16858944,Ashish_G_A,"2026-09-17 18:30:57",498.7,2,ashishga
6802,16880689,yasmine0809,"2026-09-12 16:19:37",498.6,2,yasmine0809
6803,16668137,"Thomas De Sousa","2026-08-06 06:34:48",498.5,2,thomasdesousa
6804,16756561,"Eren Tekin","2026-09-14 23:41:50",498.3,2,erennntkn
6805,16831839,404_Brains_Not_Found,"2026-09-18 16:00:49",498.3,2,"manavtejani,rohangadhiya1911,trushankvaghasiya"
6806,16798775,Lissabon,"2026-09-07 03:36:41",498.3,2,lissabon
6807,16744610,"Safiullah Baig","2026-08-20 13:16:58",498.3,1,safm1rza
6808,16668324,"Alden Jenish S","2026-08-06 14:02:09",498.2,2,aldenjenishs
6809,16674605,Versilogic,"2026-08-16 07:54:48",498.2,2,versilogic
6810,16725483,PQ_Marz,"2026-08-15 16:25:50",498.2,2,pqmarz
6811,16762168,Lewbei,"2026-09-10 04:58:43",498.2,2,lewbei
6812,16775236,hohohoZzZ,"2026-09-16 16:14:37",498.0,2,hohohozzz
6813,16661682,"Rishi Gupta","2026-08-05 07:46:38",498.0,2,rishigupta07
6814,16640399,Hubbahub,"2026-08-04 20:40:39",498.0,2,hubbahub
6815,16752191,"Wenxuan Ye","2026-09-04 07:10:28",497.4,2,akomwins
6816,16664251,zzy123123,"2026-08-08 09:22:51",497.4,2,zzy123123
6817,16798074,"Akkapop Prasompon","2026-09-09 12:17:36",497.4,2,akkapopprasompon
6818,16692480,"Khalis Murfid","2026-08-24 07:03:02",497.3,2,khalismurfid
6819,16832891,"Kana Kuroyanagi","2026-09-15 03:41:44",497.3,2,kanakuroyanagi
6820,16664608,sid,"2026-08-07 18:18:04",497.2,2,sidshastri04
6821,16660081,fakyyy,"2026-08-09 11:19:15",497.1,2,manideepreddyakula
6822,16760191,"Kushal Shiva1","2026-08-26 20:19:36",497.0,1,kushalshiva1
6823,16694146,"JIlong Zhou","2026-08-26 15:04:38",496.8,2,acemaker
6824,16719857,"Howey do it","2026-08-14 23:06:06",496.8,2,ronincoppins
6825,16895121,Timmmmmmmy,"2026-09-17 05:51:31",496.7,2,"molic1,timmmmmmmy"
6826,16665364,"Shien Zhang","2026-08-06 06:50:46",496.6,1,shienzhang
6827,16725123,"Pham Quang Nghia","2026-08-22 15:00:51",496.6,2,phamquangnghia
6828,16662938,CarlitrosParra,"2026-08-05 21:34:52",496.4,2,carlitrosparra
6829,16771340,pang,"2026-09-05 16:41:51",496.4,2,pangwenfeng
6830,16694314,"Ali Abbas Baig","2026-08-28 19:55:16",496.3,2,aliabbasbaig
6831,16755781,NaveenManwani,"2026-08-28 05:37:31",496.2,2,naveenmanwani
6832,16627324,"Attack on Kaggle","2026-08-06 13:27:22",496.2,2,user19394494
6833,16630335,"Solve Langseth","2026-08-05 06:48:57",496.2,2,solvelangseth
6834,16666637,"Uttam Limbani","2026-08-07 13:41:14",496.0,2,uttamlimbani
6835,16661402,"Abin Biju","2026-08-11 18:00:35",495.9,2,abinbiju1
6836,16664211,"Ben Wilson","2026-08-06 23:57:29",495.9,2,crispyryse
6837,16893233,"Garrick Lai","2026-09-15 08:44:07",495.7,2,garricklai
6838,16668606,"Hasith Kulathilaka","2026-08-31 19:09:39",495.6,2,hasithkulathilaka
6839,16641948,JustForFun,"2026-08-18 08:00:36",495.6,2,thangphung215
6840,16660089,ChristosGrigoras,"2026-08-07 22:41:49",495.3,2,cgrigoras
6841,16765688,jihunai,"2026-08-26 23:15:54",495.1,2,jihunai
6842,16774958,"Charles Wuytack","2026-08-27 14:58:07",494.5,2,charleswuytack
6843,16794598,"Andrew Yu","2026-09-02 04:51:57",494.3,1,andnyu
6844,16798512,"Yuichiro Kinoshita","2026-09-18 10:56:22",494.2,2,yuichirokinoshita
6845,16826447,"Absara viswanathan","2026-09-07 06:16:20",494.0,2,viswanathanabsara
6846,16791550,Team21,"2026-09-08 12:53:38",494.0,2,"fchen121,muktharam"
6847,16773195,"Pham Nguyen Thanh Huy","2026-08-27 05:25:55",494.0,2,huyphmnguyenthanh
6848,16743494,"ROHAN Exploit","2026-09-08 11:13:08",493.9,2,rohanexploit
6849,16701046,"Thanakorn Kaewwiang","2026-08-14 17:13:39",493.8,2,deweytng
6850,16819549,APEX101,"2026-09-06 06:16:51",493.7,2,"akshitasrivastava1,irongm"
6851,16707986,Pones_kaggle,"2026-09-01 22:08:32",493.6,2,pyd966
6852,16623824,zhangende02,"2026-08-01 01:15:21",493.4,2,zhangende02
6853,16725955,"Aditya Pandey","2026-08-17 00:10:10",493.3,2,adipandey777
6854,16847224,Kfarmer,"2026-09-18 05:29:43",493.3,2,"cwy0904,jasonchao89,jaspersooks,makomek,peiyingtok"
6855,16705661,"Toshiki Touda","2026-08-13 06:51:05",493.3,2,toshikitouda
6856,16889822,CornReform,"2026-09-17 16:13:10",493.1,2,cornreform
6857,16709487,Kohei,"2026-08-19 20:54:42",492.9,2,kshintani
6858,16654174,"Dharmeswar Basumatary","2026-09-09 11:09:15",492.7,2,dharmeswarbasumatary
6859,16883044,"Muhammad Olamide","2026-09-16 10:59:44",492.5,2,muhammadolamide
6860,16755101,"Thomas van der Meer","2026-08-26 11:19:19",492.5,2,tvdermeer
6861,16665865,"Agrippa Beaulieu","2026-08-08 19:09:28",492.5,2,agrippabeaulieu
6862,16793080,"Lonan Syayf","2026-08-31 19:44:09",492.3,2,lonansyayf
6863,16707865,"bb aa","2026-09-10 15:39:17",492.2,2,bbaa233
6864,16627463,dnish,"2026-08-05 07:37:16",492.2,2,dnishio
6865,16773194,NgNhan3110,"2026-08-27 09:36:17",492.2,2,ngnhan3110
6866,16653118,"Elmira Yekani","2026-08-18 17:05:20",491.9,2,elmirayekani
6867,16645841,Lucien,"2026-09-17 01:29:28",491.8,2,lucienhu6775765
6868,16675060,"Xinger Gao","2026-08-31 08:52:07",491.8,2,xingergao
6869,16892006,"Leul Hailemichael","2026-09-16 21:00:15",491.7,2,leulhailemichael
6870,16765194,henry,"2026-08-24 13:39:29",491.5,2,zchenry
6871,16680799,zixma13,"2026-08-25 13:12:44",491.4,2,zixma13
6872,16705149,"Allen Chun","2026-08-15 04:59:05",491.1,2,allenchun
6873,16621437,AdamBelniak,"2026-08-03 18:15:21",491.1,2,adamos581
6874,16737532,lsystudyhard,"2026-08-22 12:16:47",491.0,2,lsystudyhard
6875,16639577,Haitaks,"2026-08-16 09:42:16",490.9,2,haitaks
6876,16637649,cameronezrajones579,"2026-08-15 15:49:12",490.9,2,cameronezrajones579
6877,16656431,"Venetta Smithen","2026-08-20 02:19:45",490.8,2,venettasmithen
6878,16711812,"zhan renyi","2026-08-31 05:24:39",490.7,2,zhanrenyi
6879,16655600,"VYSHAKH G NAIR","2026-08-04 21:31:24",490.7,2,vyshakhgnair
6880,16736951,giacomovin,"2026-08-25 20:14:52",490.5,2,giacomovin
6881,16779152,"taijiu int","2026-09-04 22:22:20",490.4,2,taijiuint
6882,16681924,WEcoS,"2026-08-10 04:32:03",490.4,2,aungkhainghtun
6883,16664252,"Huy Hoang","2026-08-15 03:59:40",490.4,2,themeend
6884,16871722,agenlu,"2026-09-18 10:17:51",490.4,2,agenlu
6885,16658925,CYBWithFlourish,"2026-08-06 15:56:28",490.4,2,cybwithflourish
6886,16738218,kiyo,"2026-09-10 13:01:37",490.2,2,kiyohiro
6887,16688873,cancel,"2026-08-18 06:50:33",490.1,1,rugaru
6888,16681637,nasu01,"2026-08-07 10:14:10",490.1,2,nasu01
6889,16663327,Gnr8tr,"2026-08-13 14:16:44",490.1,2,wilburjpereira
6890,16662995,"carlos mario de oro aguado","2026-08-06 21:08:28",490.0,2,cdeoroaguado
6891,16720049,"aditya emmadishetty","2026-08-14 13:20:54",490.0,2,adityaemmadishetty
6892,16656797,"رحيم محمد","2026-08-04 20:05:45",489.9,2,darkmaxedwe
6893,16678154,"Hashim Far","2026-08-08 04:20:32",489.9,2,hashimfar
6894,16719257,"Alexander Morozov","2026-08-14 23:53:53",489.9,2,scanhex
6895,16861019,CloriTeam,"2026-09-09 15:34:28",489.7,2,lorenzocomis
6896,16805275,"Women or something","2026-09-12 04:22:27",489.6,2,"appalachianmounta1n,reneeschmidt"
6897,16638883,LeiYang,"2026-08-03 15:04:07",489.4,2,leiyangcq
6898,16840130,tkm_ktn,"2026-09-05 15:48:40",489.2,2,takumikotani
6899,16654984,"Guseinov Elvin","2026-08-08 21:44:00",489.2,2,guseinovelvin
6900,16759381,"Subhan Hussain","2026-08-26 10:37:25",489.1,2,subhanhussain0205
6901,16721814,"DOAMBA Jean Edouard Odilon","2026-08-24 14:48:43",489.1,2,doamba
6902,16774849,RiyadhLakadimu123,"2026-08-31 19:51:17",489.0,2,riyadhlakadimu123
6903,16685722,"Jiahan Cao","2026-08-12 09:01:22",488.8,2,jiahancao
6904,16783713,Gale,"2026-09-05 02:29:43",488.8,2,na1vel
6905,16920464,reddishregent,"2026-09-18 11:40:22",488.7,1,reddishregent
6906,16679096,WilliamXylean,"2026-09-16 16:40:09",488.6,2,williamxylean
6907,16668461,SobanAli,"2026-08-19 15:49:03",488.6,2,soban256
6908,16858984,Katherine_2002,"2026-09-17 15:19:36",488.5,2,katherine2002
6909,16717018,"Urvashi Bansal","2026-08-17 09:12:29",488.4,2,urvashibansal123
6910,16726044,"Lena Traczuk","2026-08-22 12:03:58",488.4,2,lenatraczuk
6911,16844262,"S Aishvarya","2026-09-15 16:46:13",488.3,2,saishvarya
6912,16683934,"Teja Madala","2026-08-10 14:46:07",488.2,2,tejamadala
6913,16657383,"Shih Hua Chou","2026-08-18 03:51:08",488.0,2,shihhuachou
6914,16693003,ShirrleyChen,"2026-08-15 12:54:58",488.0,2,shirrleychen
6915,16887058,"Michael Eberhard","2026-09-15 20:29:09",488.0,2,michaebe
6916,16630520,dimitris_x94,"2026-08-23 21:10:57",487.8,2,dimitrisx94
6917,16687237,Khalibryler,"2026-08-11 09:17:03",487.8,2,khalibryler
6918,16637894,"Leonardo Domingues","2026-09-06 10:38:08",487.7,2,leonardodomingues
6919,16661460,Lucky,"2026-09-03 07:49:58",487.4,2,tmiya0107
6920,16668108,"Suresh Chandra Mangena","2026-08-11 09:32:31",487.3,2,sureshchandramangena
6921,16911383,PurpleNightmare,"2026-09-18 09:23:26",487.3,2,purplenightmare
6922,16745065,MrEvidentYew,"2026-08-24 18:36:02",487.2,2,mrevidentyew
6923,16663707,DotBix,"2026-08-12 21:45:54",487.2,2,dotbix
6924,16842936,"Sreejit Pradhan","2026-09-12 19:11:37",487.0,2,sreejitpradhan
6925,16884418,xuechengzou,"2026-09-13 12:22:43",486.8,2,xuechengzouinkaggle
6926,16668698,Addie,"2026-08-08 05:21:08",486.5,1,addie999
6927,16726211,RepeatAfterMe,"2026-08-17 08:21:41",486.5,2,bekirsciftler
6928,16761979,"Chaitany Patel","2026-09-17 14:59:29",486.4,2,chaitanypatel
6929,16762154,lli,"2026-09-07 19:04:26",486.4,2,colesuoseue
6930,16651042,Mira_332,"2026-08-27 04:58:29",486.3,2,ichiiohno
6931,16880843,"Triều Đinh Hải","2026-09-12 19:41:11",486.2,2,triuinhhi
6932,16692263,"ADITYA CHAVAN","2026-08-09 17:44:15",486.2,2,adityasnr7
6933,16676803,"Josue Villao","2026-08-14 05:20:13",486.1,2,josuevillao
6934,16625216,"Emre Can","2026-08-01 17:05:51",486.0,2,seicatsu
6935,16665424,taaaaanq,"2026-08-17 14:23:35",485.9,1,"chuayaplong,flashtigro,huayu05,taaaaanq"
6936,16767147,"Hacker Trinity","2026-09-09 12:20:12",485.9,2,hackertrinity
6937,16851860,"Senih Bayankulu","2026-09-08 03:13:24",485.8,2,senihbayankulu
6938,16751058,"Henrique Loyola ","2026-08-21 05:29:59",485.8,2,henriqueloyola
6939,16723583,"varun chindage","2026-09-05 14:52:13",485.7,2,stormy420
6940,16663368,"Laurence Dale","2026-08-12 18:00:07",485.7,2,laurencedale
6941,16636973,"Ali Ali G","2026-08-03 18:36:40",485.6,2,alialig
6942,16691628,"Gavin Walsh (N1DGE11)","2026-08-08 16:07:24",485.3,2,gavinwalshn1dge11
6943,16688662,"Faz Forward","2026-08-08 09:03:10",485.1,2,fazforward
6944,16871538,freesoso,"2026-09-15 13:11:39",485.1,2,freesoso
6945,16644410,"Swaroop Kallakuri","2026-08-04 15:40:29",485.0,2,ksjpswaroop
6946,16699207,"Bipin Rimal","2026-08-10 07:45:21",485.0,2,bipinrimal314
6947,16654347,"aarav maheshwari1","2026-08-26 05:57:03",484.9,2,aaravmaheshwari1
6948,16772803,"Linneu Holanda","2026-09-11 00:03:53",484.9,2,linneuholanda
6949,16876859,Broncat,"2026-09-15 02:27:28",484.7,2,broncat
6950,16693233,"Noah Wheeler","2026-09-16 02:28:07",484.6,2,nwheeler806
6951,16668589,"Gleb Naumkin","2026-08-05 22:46:26",484.5,1,glebnaumkin
6952,16749271,"Shoki Suzuki","2026-09-01 13:48:43",484.5,2,shokisuzuki
6953,16674612,"Muhammad Dhiaz Rafilianza","2026-08-22 05:48:04",484.3,2,dhiazr
6954,16631547,"Chong Xuan Ng","2026-08-08 15:38:52",484.3,2,chongxuanng
6955,16809898,wodDAOdun,"2026-09-14 07:14:35",484.2,2,kylaucode
6956,16697568,"Sergey Fedorov","2026-08-20 21:25:34",484.0,1,bd01ar
6957,16663822,BhavyaSaini001,"2026-08-29 23:10:34",483.9,2,bhavyasaini001
6958,16696716,MatiasMG,"2026-09-18 17:23:36",483.9,2,matiasmgonzalez
6959,16767585,Hyena,"2026-08-25 22:17:26",483.5,1,hemant0
6960,16699707,"Afana Khalit putra","2026-08-11 08:57:25",483.5,2,afanakhalitputra
6961,16881765,"aakriti & tanya","2026-09-18 11:53:42",483.3,2,"aakritiinchaos,tanyac1"
6962,16658476,"goksel yesiller","2026-08-04 11:07:53",483.3,2,gokselyesiller
6963,16685412,Praveen8775,"2026-09-17 13:55:54",483.2,2,praveen8775
6964,16794052,"Sarthak Mishra","2026-09-18 06:45:52",483.2,2,"aarushverma04,pg541425,sarthak25b15310182,yadavup50"
6965,16716531,tebenia,"2026-08-16 08:06:58",483.1,2,tebenia
6966,16762427,Raj_craj,"2026-08-30 20:27:00",483.1,2,rajcraj
6967,16728014,Alpha223,"2026-09-05 15:51:24",483.0,2,alpha223
6968,16657528,"Symekah Shadrack Basweti","2026-08-05 10:17:09",482.9,2,symekah99
6969,16682386,"Charbel Nehme","2026-09-09 06:36:54",482.7,2,charbelnehme
6970,16766803,"Kanishk Sharma","2026-09-01 23:52:42",482.6,2,kan1shq198
6971,16660060,AnkitGoyal,"2026-08-05 15:33:29",482.6,2,goyalankit
6972,16715942,_@HimShukla23,"2026-08-18 03:57:15",482.6,2,himshukla23
6973,16761657,Picu,"2026-08-23 10:42:49",482.5,2,rumoschilling
6974,16920427,"giyogoio hlrlqll","2026-09-18 15:32:08",482.4,1,giyogoiohlrlqll
6975,16670986,"Anas Erami","2026-08-08 01:38:43",482.3,2,anaserami
6976,16858250,"ayush kumar","2026-09-14 10:35:32",482.3,2,ayushkumar1610
6977,16670651,Echare,"2026-09-15 23:28:38",482.3,1,echare
6978,16875460,"Safa Nasrin","2026-09-18 06:39:54",482.2,2,safanasri
6979,16840641,"Yukar Fu","2026-09-16 00:29:30",482.2,2,yukarfu
6980,16666716,"Fanis Alexakis","2026-08-17 11:59:15",481.9,2,fanisalexakis
6981,16659919,"SILVISTON EMMANUEL","2026-08-06 06:51:55",481.8,2,silvistonemmanuel
6982,16663622,sammuq1,"2026-08-10 23:56:19",481.7,2,sammuq1
6983,16657502,Jasmeen,"2026-08-16 08:59:05",481.5,2,jasmeen0207
6984,16722561,Asia214,"2026-08-30 02:26:16",481.1,2,asia214
6985,16880707,Joy_22@1,"2026-09-18 17:23:09",481.0,2,joy221
6986,16768079,Sohee087,"2026-08-24 20:21:01",481.0,1,sohee087
6987,16655069,"Jason Harrison","2026-08-05 20:56:59",480.9,2,jasonharrisonco
6988,16731636,関西人,"2026-08-24 06:23:14",480.8,2,m1333666888
6989,16675000,"Carl Bell","2026-09-16 20:55:33",480.8,2,allegedcarlbell
6990,16886012,smartkdy7,"2026-09-13 11:37:51",480.7,1,smartkdy7
6991,16665949,Rbda,"2026-08-06 14:18:03",480.4,2,brazvan
6992,16671602,"Nithin Nambi","2026-08-07 00:09:31",480.3,2,nitthewit
6993,16760480,yat0i811,"2026-09-13 14:13:59",480.1,2,yat0i811
6994,16700080,Kaushik,"2026-08-10 11:11:18",479.9,2,kgarumugam
6995,16843921,Ruijiehe1213,"2026-09-13 03:40:30",479.7,2,ruijiehe1213
6996,16915448,asdfghjklbelinda,"2026-09-18 01:55:15",479.6,2,"asdfghjklbelinda,yyyemin,zhouqingwen"
6997,16763898,"Tarık Sarıcı","2026-08-24 09:54:31",479.4,2,ssarici
6998,16675916,Lorenzo176ITA,"2026-08-14 11:02:15",479.3,2,"alessiopap,lorenzo176ita"
6999,16665436,Aeternum,"2026-08-15 18:31:32",479.3,2,"donbinoy2004,surajkumarks"
7000,16783677,"Đặng Anh Thịnh","2026-08-28 08:31:12",479.0,1,nganhthnh
7001,16663040,"BARBARA GASKINS","2026-08-12 01:08:47",478.7,2,barbaragaskins
7002,16675686,"PRERIT MAURYA","2026-08-14 06:37:51",478.7,2,preritmaurya
7003,16664205,"shr Wei","2026-09-03 06:00:47",478.6,2,shrwei
7004,16809168,"Shaun the Sheep ","2026-09-18 09:30:59",478.4,2,badlandsram
7005,16665374,UmangDobhal03,"2026-08-06 03:46:29",478.3,2,umangdobhal03
7006,16665184,woorym,"2026-08-10 03:04:12",478.3,2,woorym
7007,16915747,xiao,"2026-09-17 17:03:40",478.3,2,xiao789
7008,16668813,zhaowang,"2026-08-06 05:19:52",478.0,2,zhaowangwang
7009,16727920,"Youssef Yacoup","2026-09-04 16:50:53",477.9,2,youssefyacoup
7010,16661382,CBenaventte,"2026-09-02 13:35:27",477.9,2,cbenaventte
7011,16713218,"Julien Baumgartner","2026-08-14 08:36:27",477.9,2,julienbaumgartner
7012,16636719,"Naman Durve","2026-09-12 16:14:56",477.9,2,namancdurve
7013,16623263,ASHML,"2026-07-30 23:28:50",477.8,2,ashml
7014,16661233,"Uriel Johnson","2026-08-05 08:45:24",477.6,2,urieljohnson
7015,16847740,FarmAre,"2026-09-07 17:31:01",477.5,2,abishekak
7016,16799023,"Alkava Ind","2026-09-18 13:04:01",477.5,2,alkavaind
7017,16657929,Robert-zwr,"2026-08-05 11:15:48",477.4,1,robertzwr
7018,16780097,"wei chang","2026-09-13 00:42:40",477.4,2,wayne0404
7019,16661323,mzyktkhs,"2026-08-10 13:21:59",477.2,2,mzyktkhs
7020,16715126,준환,"2026-09-10 11:28:25",477.0,2,paulguilbert
7021,16719742,"Varun Dave","2026-08-31 22:56:07",476.8,2,"pranavtrivedi02,varundave95"
7022,16661449,"Samarjeet Singh","2026-08-23 04:32:19",476.8,2,samarjeet010
7023,16657664,"Nguyễn Anh Kiệt 28","2026-08-06 04:17:40",476.7,2,nguynanhkit28
7024,16716636,"Mahamane Lawaly","2026-08-13 10:22:51",476.4,1,mahamanelawaly
7025,16668068,"Neural Harvest","2026-08-27 19:23:44",476.3,2,meghashyampawar
7026,16756900,Kome_Sh,"2026-08-30 13:40:56",476.3,2,komeshun
7027,16654401,ChronoForensics,"2026-08-08 17:26:11",476.2,2,ryanwollmuth
7028,16661287,"Jacob Hanlon","2026-08-11 13:59:58",476.1,2,jacobhanlon
7029,16758970,"Jason Wong","2026-09-16 16:00:15",476.1,2,jsin27
7030,16725757,AchyutKishore123,"2026-09-17 09:23:50",476.0,2,achyutkishore123
7031,16627313,"Zafer Liu","2026-08-03 05:13:39",475.4,2,zaferliu
7032,16697448,"Mykola Mazniuk","2026-08-15 17:57:39",475.4,1,mykolamazniuk
7033,16809022,CheeseFunction,"2026-09-05 06:58:36",475.1,2,cheesefunction
7034,16867680,Asuka,"2026-09-11 05:45:46",475.1,2,asuka0langley0soryu
7035,16655881,"Zhuoran Zhao","2026-08-07 16:50:04",475.1,2,yearcakes
7036,16705276,layr0,"2026-08-14 00:53:11",475.0,2,layr0dotdev
7037,16711823,Abi_e,"2026-09-07 09:47:37",474.9,2,abidjacquelineanadi
7038,16885547,L0k1xd,"2026-09-13 10:04:10",474.8,2,l0k1xd
7039,16882021,"lucas honoratodesouza","2026-09-14 05:21:58",474.8,2,lucashonoratodesouza
7040,16681778,kzeus@003,"2026-08-12 05:12:15",474.7,2,kzeus003
7041,16625808,"Etsushi Yamamoto","2026-08-09 16:50:41",474.6,2,etsushiyamamoto
7042,16916104,"Dayi Zhang","2026-09-18 07:03:06",474.6,2,dayizhang
7043,16772455,dextrecity,"2026-08-30 11:37:56",474.2,2,"dextrecity,leo0pa"
7044,16654312,Xmeeeee,"2026-08-05 00:11:29",474.0,2,xmeeeee
7045,16713179,"Enise Zengin","2026-09-15 02:53:02",474.0,2,enisezengin
7046,16693795,kurt,"2026-08-30 15:22:47",473.9,2,syarht
7047,16758526,"sudo give_me_the_prize","2026-08-24 16:34:02",473.7,2,ibrahimab2
7048,16636333,xiaoyang66,"2026-08-17 13:35:28",473.6,2,kennethhao8
7049,16645302,LuCcc,"2026-08-03 09:45:35",473.6,2,luuuuccccc
7050,16666071,"Arda Yıldız","2026-08-20 09:33:54",473.5,2,xreina8
7051,16707331,"Simon Ziegs","2026-08-23 22:54:11",473.4,2,simonziegs
7052,16780783,priscilamaria5363,"2026-08-28 15:10:15",473.3,2,priscilamaria5363
7053,16730870,"Jiang Ryan","2026-09-03 03:37:12",473.2,2,jiangryan
7054,16687648,"RSJ CorneR","2026-08-08 10:57:54",472.8,2,rsjcorner
7055,16655080,"Mohamed Judi","2026-09-07 19:18:31",472.6,2,mhjudi
7056,16708348,"Edilaine Arceno","2026-09-18 13:54:13",472.6,2,edilainearceno
7057,16732200,"Louis WhoEat","2026-08-24 12:02:40",472.5,2,louiswhoeat
7058,16741053,"Bui Minh Thanh","2026-09-07 18:50:23",472.4,2,buiminhthanh
7059,16785568,"Sneha Bhargava4","2026-09-16 17:56:17",472.4,2,snehabhargava4
7060,16809943,"A Rook","2026-09-03 19:06:08",472.3,2,rookcastle
7061,16745574,"Yadunandan Raman","2026-08-22 12:20:06",472.2,2,yadunandanraman
7062,16792069,"Yen Hung1021","2026-09-03 16:09:33",472.2,2,yenhung1021
7063,16755677,"Rutwik Kumar M","2026-08-26 16:31:00",472.2,2,rutwikkumarm
7064,16625434,"Chirapathleo Saelim","2026-09-08 08:40:06",472.1,2,chirapathleosaelim
7065,16914972,cdwswb,"2026-09-18 13:42:38",472.0,2,cdwswb
7066,16626105,sasaki,"2026-08-24 02:34:55",472.0,2,rsasaki
7067,16667078,dprinzensteiner,"2026-08-05 14:06:26",471.9,2,dprinzensteiner
7068,16799224,"Tian Yan666","2026-09-03 14:48:42",471.8,2,tianyan666
7069,16683837,"Blessed Ngorima","2026-08-18 09:40:53",471.7,2,blessedngorima
7070,16701871,"Raj Nandan","2026-08-10 15:13:30",471.6,1,imrajnandan
7071,16733961,"Julia Fredo","2026-09-17 20:55:02",471.3,2,juliafredo
7072,16627009,c0sm1c,"2026-08-01 11:06:14",471.1,1,tanghao111
7073,16785352,"joão Vitor","2026-09-05 20:19:12",471.1,2,jaov30718
7074,16797002,ZhixinLuo,"2026-09-01 14:16:09",471.0,2,zhixinluo
7075,16653809,acbabc123,"2026-08-04 13:53:53",470.9,2,acbabc123
7076,16661576,"Yash Jumde","2026-08-15 20:09:59",470.8,2,yashjumde
7077,16756812,"Alex Amirkhanyan","2026-08-24 05:51:16",470.7,2,aleksamirkhanyan
7078,16646286,"C Aravindhan","2026-08-04 05:03:22",470.6,2,caravindhan
7079,16661628,PradipBanerjee,"2026-08-05 21:03:11",470.5,2,pradipbanerjee
7080,16712488,"Vansh Bhura","2026-08-12 14:23:18",470.4,2,vanshbhura
7081,16661154,"gronky goobers","2026-08-15 14:39:05",470.3,2,"viktoriusontop,yoshisurjuise"
7082,16903652,LokeshGiri,"2026-09-17 05:05:07",470.3,2,lokeshjasrotia
7083,16745980,"Arif Amijoyo","2026-08-30 07:54:40",470.3,2,arifamijoyo
7084,16659558,Ayuroshbo,"2026-09-18 18:33:45",470.2,2,ayuroshbo
7085,16764151,Jpadilla987@gmail.com,"2026-08-25 21:00:27",470.1,2,jpadilla987gmailcom
7086,16662111,"Mood Vikram","2026-09-05 23:15:35",470.0,2,"moodvikram,sidhantchauhan"
7087,16675468,"atakan akgün","2026-08-13 15:32:32",469.9,2,atakanakg
7088,16709522,"Sanjay Dilip","2026-09-18 15:00:02",469.8,2,sanjaydilip
7089,16653049,"Umut Doruk Öztürk","2026-09-02 09:52:16",469.6,2,umutdorukztrk
7090,16718828,"Tejas Nisar","2026-08-23 17:04:45",469.5,2,tejasnisar
7091,16811454,"Zakaria Taouil","2026-09-07 16:11:13",469.4,2,ztaouil
7092,16843511,"JiaHui Ni ","2026-09-13 14:59:35",469.4,2,jiahuini
7093,16649421,Eltormtace,"2026-08-14 04:35:15",469.2,2,eltormtace
7094,16890884,"Michael Swartz","2026-09-14 17:50:04",469.2,2,michaelbruwerswartz
7095,16892644,ElKnilcho,"2026-09-14 19:01:37",469.2,2,elknilcho
7096,16743015,"Sword's Frost","2026-09-04 00:53:30",469.1,2,alexwilliam7
7097,16757135,Agrihand,"2026-09-02 15:00:23",468.8,2,mayur756
7098,16677524,"Phúc Phạm","2026-08-07 20:16:24",468.8,2,phucpham77
7099,16796273,"Kiplangat Vincent","2026-09-14 11:08:50",468.8,2,balvins
7100,16669117,"Shrikant Lambe","2026-08-10 23:31:50",468.6,2,shrikantlambe
7101,16757204,hhcjj,"2026-08-22 06:42:32",468.5,2,hhcjjkk
7102,16786264,"THISHA S","2026-09-06 06:53:09",468.3,2,thishas
7103,16696271,"Neeta Sanjay Gajabi","2026-08-09 14:48:42",468.1,2,neeta2574
7104,16646318,"I wanna Die","2026-09-06 16:25:14",467.8,2,chrisopherjoshy
7105,16690221,"HISOKY DEV","2026-08-10 09:42:03",467.7,2,omarfahid
7106,16794499,smileMAN13912339850,"2026-09-07 10:01:07",467.6,2,smileman13912339850
7107,16670634,"Narayan Sharan","2026-09-12 06:55:27",467.6,2,narayansharan
7108,16732513,Taogege,"2026-09-08 08:02:16",467.6,2,"liyiyiyi6,taogege520"
7109,16670155,Kiznaiver,"2026-08-23 14:27:19",467.4,2,kiznaiver
7110,16704597,"Wallace Switzer","2026-08-12 01:09:49",467.3,2,wallaceswitzer
7111,16768456,清水一希,"2026-08-25 00:47:38",467.3,1,kazukishimizu0427
7112,16667722,Radhouen911,"2026-08-06 21:37:37",467.3,2,radhouen911
7113,16802580,WarlockCode,"2026-09-03 14:07:58",467.2,2,maktub83
7114,16838929,Charlesm85,"2026-09-06 05:56:26",467.1,2,charlesm85
7115,16709918,GUI666,"2026-08-26 16:17:40",466.9,2,gui666
7116,16690698,posty_melek,"2026-08-15 05:06:40",466.8,2,srisaraswati
7117,16855836,"Srinivasan Raghavan","2026-09-08 18:07:38",466.8,1,srinivasan1812
7118,16838981,"Adil Shamim","2026-09-09 13:55:52",466.6,2,adilshamim8
7119,16695692,Saadii2279,"2026-08-11 16:44:39",466.5,2,saadii2279
7120,16659658,"Tim Wong","2026-08-06 02:02:30",466.5,2,wai0186
7121,16688296,"Michael Pollind","2026-08-28 13:30:32",465.8,2,mpollind
7122,16776824,"Manuel Santiago Atencio","2026-09-09 21:24:06",465.7,2,manuelsatencio
7123,16662790,"Derek Earnhart","2026-08-04 18:04:01",465.7,1,derekearnhart
7124,16671033,"Alexandr Shustikov","2026-09-17 22:35:17",465.6,2,alexandrshustikov
7125,16621367,Numari,"2026-07-31 16:30:01",465.5,2,numaritaisei
7126,16661105,"Vignesh Murugan","2026-08-04 19:57:46",465.5,2,vigneshv1cky
7127,16757806,Richardwe,"2026-09-08 08:43:12",465.4,1,richardwe
7128,16687959,"Destin Nedjou","2026-08-27 05:45:33",465.2,2,destinnedjou
7129,16728933,dOvOb,"2026-09-08 14:51:10",465.2,2,waytosleep
7130,16734096,"Cem Ali Görmez","2026-09-06 10:48:37",465.2,2,cemaligrmez
7131,16645936,"Abhy Rejikumar","2026-08-22 19:26:23",464.8,1,abhyrejikumar
7132,16724984,anish711,"2026-08-22 17:54:18",464.8,2,anish711
7133,16755394,"Ruben Lucas","2026-08-21 21:50:16",464.8,2,rubenlucas
7134,16689881,"yuki #2","2026-09-16 13:37:24",464.7,2,hosikusa
7135,16765310,"Aria Muse","2026-09-04 06:00:22",464.7,2,ariamuse
7136,16876642,Gruberx,"2026-09-14 07:24:35",464.6,2,gruberx
7137,16728549,Karatelb,"2026-08-16 17:45:59",464.4,2,karatelb
7138,16768578,"Patrick Lzz","2026-08-25 02:56:30",464.3,2,patricklzz
7139,16728414,"Pedro Caycho","2026-08-16 12:40:26",464.0,1,pjcc1123
7140,16664506,"Jonatan Asketorp","2026-08-23 02:57:42",464.0,2,weft169aston
7141,16793145,KarlNUrban,"2026-09-05 12:19:50",463.8,2,karlnurban
7142,16658521,"Vishal Dhariwal","2026-08-08 11:43:36",463.8,2,user412
7143,16628268,toxic_2499,"2026-09-14 13:39:02",463.8,2,toxic2499
7144,16677166,Spectrobot,"2026-08-08 11:11:46",463.8,2,spectrobot
7145,16709512,Rustamdurdyyev,"2026-08-31 19:59:56",463.7,2,rustamdurdyyev
7146,16778886,"Sandeep Das","2026-08-31 09:48:37",463.6,2,sandypos
7147,16719521,xarquin,"2026-08-25 03:16:23",463.6,2,xarquin
7148,16651872,Evgen21,"2026-08-05 14:03:50",463.3,2,evgen21
7149,16666924,esis_ai,"2026-09-16 15:26:26",463.3,2,alexesn
7150,16890511,"Alex Solonsky","2026-09-14 08:57:30",462.8,1,alexsolonsky
7151,16664327,"Maged Hegazy","2026-08-06 13:13:28",462.6,2,magedhegazy
7152,16686093,"Muhammad Usman Butt","2026-08-07 22:00:04",462.6,2,debugdemon
7153,16841679,Chafuuu,"2026-09-09 16:26:02",462.3,2,chafuuu
7154,16664044,IntentionalSayshara,"2026-09-05 14:45:02",462.2,2,jaelle
7155,16659520,"Play Code","2026-08-05 14:28:00",461.8,2,codenya
7156,16711918,"Pavel Filin","2026-08-13 05:23:28",461.7,2,pavelfilin
7157,16644053,Rafiozoo,"2026-08-03 19:26:40",461.7,2,rafiozoo
7158,16853895,sailohith07,"2026-09-08 10:49:11",461.6,2,sailohith07
7159,16661786,Nagaraju,"2026-08-10 01:53:04",461.5,2,orugantn
7160,16669168,"Kingsley Jide","2026-08-31 21:30:18",461.5,2,kingsleyjide
7161,16661360,"Jasper Jiss","2026-08-13 18:45:37",461.4,2,jasperjiss
7162,16654394,sserges,"2026-08-08 20:46:14",461.2,2,sserges
7163,16681655,"Tae seong Gim","2026-08-14 14:14:10",461.2,2,taeseonggim
7164,16786101,Cai0Emanuel,"2026-08-29 01:11:51",461.1,1,cai0emanuel
7165,16682906,Masiki,"2026-09-05 13:55:54",460.7,2,blackseed
7166,16773043,"Petani Baik","2026-09-03 00:56:35",460.6,2,durrahandri
7167,16725957,"Ayman Tarig Mohammedosman Elgadi","2026-08-24 02:57:16",460.5,2,aymantarig17
7168,16750666,"Mitali Yadav","2026-09-17 18:40:25",460.5,2,mitaliyadav18
7169,16687602,"jithin manoj","2026-08-12 13:00:23",460.5,2,jithingmanoj
7170,16679872,"Kirby Won","2026-08-19 16:47:21",460.4,2,kirbywon
7171,16663267,"Sravya Isukapatla","2026-08-11 10:14:54",460.3,2,sravyaisukapatla
7172,16707951,K_ChanHo,"2026-09-17 11:40:29",460.3,2,kchanho
7173,16683390,Christopher34,"2026-08-08 00:20:59",459.8,2,christopher34
7174,16662690,"Pablo Gomez Perez","2026-09-04 16:45:32",459.8,2,pablogp
7175,16664558,"Praneeth Annapureddy","2026-08-05 04:52:45",459.6,2,praneethannapureddy
7176,16696703,Farmer,"2026-09-18 06:02:48",459.6,2,alekseic
7177,16728845,"Mohamed Kaleel","2026-08-22 16:12:58",459.6,2,mdkaleel
7178,16729086,samanyu,"2026-08-23 10:13:11",459.5,2,samanyu1808
7179,16625149,Rubylicious,"2026-07-31 07:53:00",459.3,2,labibahalya
7180,16660420,tipofyzik,"2026-09-05 14:34:30",459.2,2,tipofyzik
7181,16655415,"Ivan Jarp","2026-08-29 17:07:03",458.9,2,ivanjarp
7182,16639764,CortexExplorer,"2026-09-17 21:32:32",458.7,2,cortexexplorer
7183,16657201,ShayML,"2026-08-08 09:02:05",458.6,2,shayml
7184,16715456,"wilson LUNG","2026-08-17 23:54:10",458.6,2,wilsonlung
7185,16656568,"FARIATHTHEEN F","2026-08-04 11:44:49",458.5,2,fariaththeenf
7186,16665966,aj000,"2026-09-11 09:21:27",458.3,2,anishjagdaleaj
7187,16888000,Akhilesh,"2026-09-18 18:55:36",458.3,2,akhilkas
7188,16903680,"marwan na","2026-09-18 13:01:34",458.1,2,marwanna
7189,16661539,"Ilia Mironov","2026-08-09 13:51:47",458.1,1,millcool
7190,16786351,"Pradeep P","2026-09-14 16:39:50",457.8,2,pradeeppuranam
7191,16621572,"Abdulazeez AbdulMumeen","2026-08-05 10:59:27",457.7,2,ayobeen
7192,16660455,"Alex Kapend","2026-08-05 08:42:26",457.5,2,alexkapend
7193,16723490,"Panashe Arthur Mhonde","2026-08-22 11:41:19",457.5,2,panashearthurmhonde
7194,16660330,wangyikai,"2026-08-09 07:59:45",457.5,2,wangyik
7195,16872182,yxxchh,"2026-09-11 13:18:38",457.4,1,yxxchh
7196,16675340,"SHAURYA SHARMA","2026-09-03 00:57:48",457.3,2,shauryas555
7197,16638967,"Jenny Luo","2026-08-01 23:55:07",457.3,2,"jennyluo96,kyeoh92"
7198,16667601,"Audrius Molis","2026-08-27 19:30:39",457.3,2,vienas
7199,16644765,MoeCode,"2026-09-12 16:46:28",457.2,2,syrianeagle
7200,16667517,"Recep Barkın Topcu","2026-08-31 05:30:02",456.9,2,recepbarkntopcu
7201,16663594,"NGU BLACK SANTA","2026-08-05 15:23:10",456.9,2,ngublacksanta
7202,16694330,"Jack Way","2026-08-10 11:48:42",456.9,2,jackway05
7203,16640888,"Dhe Yeong","2026-09-18 15:30:58",456.8,2,dheyeong
7204,16640965,jidaoluckey,"2026-08-08 07:10:45",456.7,2,jidaoluckey
7205,16651939,"Yogesh Jadhav","2026-09-17 06:54:06",456.6,2,dynamo14324
7206,16721940,DarkLayer,"2026-08-22 02:07:13",456.6,2,nnpaopao
7207,16655783,KonaKonaz,"2026-08-04 09:36:57",456.6,2,konakonaz
7208,16714488,"HusseinNadem Nadem","2026-08-26 01:53:13",456.4,2,husseinnademnadem
7209,16823197,Cowabunga,"2026-09-18 05:56:32",456.4,2,ameripreye
7210,16739711,SBC,"2026-08-20 10:16:10",456.3,2,"anusasaha2406,harshkumar3014,rahulmaity"
7211,16623198,"Chris D'Mello (ineligible)","2026-07-31 17:32:46",456.3,1,cdmello
7212,16657093,"sixer srinath","2026-08-26 10:48:12",456.2,2,srinath2495
7213,16747670,"Luis Molina","2026-08-26 07:40:36",456.1,2,micuentadecasa
7214,16706790,"Stas Chereshkevich","2026-08-19 12:23:33",456.1,2,staschereshkevich
7215,16637342,SupremeWarrior108,"2026-09-17 13:52:59",456.1,2,supremewarrior108
7216,16757366,"Sean Connolly","2026-09-05 04:10:21",455.9,2,seanconnolly
7217,16635406,ykuroka,"2026-09-12 19:59:56",455.9,2,ykuroka
7218,16654458,"Likith Narakala","2026-09-10 20:27:03",455.9,2,likith17052004
7219,16640814,"Kritika Adhikari","2026-08-07 09:25:26",455.9,2,kritikaadhikari
7220,16623271,"William Morley","2026-07-31 10:09:16",455.6,2,williamkmorley
7221,16731790,"A random farmer","2026-08-18 02:19:53",455.6,1,hinatatokuda
7222,16729996,"Michael Roust","2026-08-18 16:09:56",455.5,2,michaelroust
7223,16674266,HamYad,"2026-08-06 18:19:46",455.5,2,hamyadlab
7224,16652661,"Petru-Mihai Craciun","2026-08-05 14:55:07",455.3,2,petrumihaicraciun
7225,16815817,haiy_qq,"2026-09-04 01:41:26",455.3,2,haiyqq
7226,16706184,"Lingaraju Saikumar","2026-08-16 11:51:34",455.3,2,lingarajusaikumar
7227,16755159,"Kay Gijzen","2026-08-23 11:51:31",455.1,2,kaygijzen
7228,16655820,"Cory Tortorici","2026-08-08 15:20:42",455.1,2,corytortorici
7229,16885346,"Michael Handal","2026-09-13 16:23:03",455.0,1,michaelhandal
7230,16676327,shu10038,"2026-09-14 12:07:16",455.0,2,shu10038
7231,16785932,"Thomas Yi","2026-09-04 00:33:06",454.9,2,tyyslashd
7232,16640516,"Alfandi Hassan","2026-08-08 03:41:33",454.9,2,alfandihassan
7233,16820596,Karina,"2026-09-16 11:36:45",454.8,1,karinajoey
7234,16856112,"Thomas White","2026-09-08 19:39:13",454.7,1,leopardguy
7235,16676497,"Non-veg plants","2026-08-07 09:54:00",454.7,2,mohammadshadabshaikh
7236,16692618,"Ali Zakaee","2026-08-09 10:13:02",454.5,1,itheequalizer
7237,16804902,"aitahmed amina","2026-09-08 16:15:15",454.5,2,aitahmedamina
7238,16858543,"Fakhar Mustafa","2026-09-10 05:07:39",454.5,2,fakhar90
7239,16725065,"Maxim Smirnov","2026-08-15 13:21:05",454.5,2,smirnoffmg
7240,16916293,Hun731r,"2026-09-17 20:49:12",454.5,2,hun731rkooki
7241,16719460,"Amon #2","2026-08-15 12:40:41",454.4,2,ezjameng
7242,16791617,"Neil Li","2026-08-30 00:10:32",453.9,1,neilliroub
7243,16668185,"Swayam Chavan","2026-08-09 01:12:23",453.6,2,swamboy
7244,16852845,quantumgeek,"2026-09-12 06:54:58",453.6,2,yk1598
7245,16665647,hr15de,"2026-08-28 10:00:50",453.3,2,hr15de
7246,16870864,"Overfitting Is All You Need","2026-09-18 09:25:23",453.2,2,ryylll
7247,16840624,Deepakexplores,"2026-09-11 17:51:43",452.9,2,deepakexplores
7248,16844010,"Nori Miya","2026-09-06 15:17:38",452.8,2,norimiya
7249,16657312,"baolood herid","2026-08-06 13:13:48",452.7,2,baoloodherid
7250,16716002,"Preethi Gnanaprakasam","2026-08-14 09:10:46",452.6,2,preethignanaprakasam
7251,16668095,Menna_Allah_Samy12,"2026-08-15 15:04:56",452.4,2,mennaallahsamy12
7252,16693522,shadycoderalltime,"2026-08-22 14:00:16",452.4,2,shadycoderalltime
7253,16735934,"Uday Kiran003","2026-08-18 06:23:18",452.2,1,udaykiran003
7254,16797029,phospholipid,"2026-09-16 05:06:13",452.0,2,phospholipid0614
7255,16908418,Ayush_1319,"2026-09-17 11:59:04",452.0,2,ayush1319
7256,16785010,"Victor Wangles","2026-08-28 16:01:17",451.9,1,victorwangles
7257,16752081,"Ahmad Dehaini","2026-08-30 06:04:54",451.7,2,ahmaddehaini
7258,16623712,Dapp,"2026-08-03 23:09:19",451.6,2,lgloria
7259,16638953,"Joe Young","2026-08-03 19:23:13",451.5,2,jsphyg
7260,16880393,flower_s,"2026-09-14 15:37:50",451.5,2,flower244140625
7261,16838619,HeroGod,"2026-09-05 12:25:27",451.4,2,herogod
7262,16897148,"Ikrame Ibn Hayoun","2026-09-15 14:26:06",451.2,2,ikrameibnhayoun
7263,16663871,"Iyed Djebbi","2026-08-07 09:25:07",451.0,2,iyeddjebbi
7264,16659414,TTGP_TEAM,"2026-08-06 15:33:09",450.8,2,phttrntrnggia
7265,16683761,"Chiefmen749 Aris","2026-08-10 07:42:42",450.7,2,saysplayz
7266,16698287,"Ethan J. Schauder","2026-08-12 18:21:50",450.6,2,ethanjschauder
7267,16654974,"ACd Rooy","2026-08-11 06:35:28",450.5,2,acdrooy
7268,16700596,"Markel Iru","2026-08-13 15:52:53",450.5,2,markeliru
7269,16698141,Zippo,"2026-08-16 05:44:18",450.4,2,gagemerrick
7270,16859368,"Emmanuel King Christopher","2026-09-09 23:31:24",450.4,1,emmanuelkingchris
7271,16773032,fecrescencio22,"2026-09-02 21:07:10",450.4,2,fecrescencio22
7272,16660990,"Bunny Tang","2026-09-10 14:33:23",450.3,2,tanghung64
7273,16729214,kisamaki0815,"2026-08-28 01:21:57",450.1,2,kisamaki0815
7274,16676482,GitLyf,"2026-08-16 12:47:59",450.0,2,"jaideva30,rohithkrishnaak"
7275,16669945,"Turab Zaidi","2026-08-07 13:27:44",450.0,2,turabzaidi
7276,16692128,gibocx,"2026-08-10 18:10:34",449.9,2,gibocx
7277,16735206,"Shiyal Kishan","2026-08-20 04:01:28",449.8,2,shiyalkishan01
7278,16892976,"Tony He","2026-09-16 19:21:18",449.7,2,tonyyang0504
7279,16699633,Nafmo,"2026-08-11 17:10:53",449.6,2,nafmo2
7280,16624414,"Chaitanya Jamble","2026-07-31 05:42:10",449.5,1,chaitanyajamble
7281,16773264,LA28,"2026-09-03 19:44:02",449.5,2,saisreelasyaappali
7282,16695521,"Chen Ken","2026-09-07 16:32:18",449.3,2,nutastray
7283,16697396,"Collective Win","2026-08-18 05:10:12",449.3,2,collectivewin
7284,16804231,illegalplumbing,"2026-09-16 02:55:22",449.2,2,illegalplumbing
7285,16634060,"Chí Thành Đỗ","2026-08-02 05:11:58",448.8,2,chithanhdeptrai
7286,16726285,Dhananjay,"2026-08-15 18:48:20",448.7,2,dhananjaylakkawar
7287,16718517,"Jessica Yin","2026-08-17 00:10:31",448.4,2,jeqyin
7288,16701367,CryptoQuant1992,"2026-08-11 13:04:12",448.2,2,cryptoquant1992
7289,16675215,"Viljen Apalset Vassbø","2026-08-06 22:24:44",448.2,2,viljenapalsetvassb
7290,16728345,ron,"2026-09-13 00:49:44",448.1,2,romart
7291,16784731,Alfred,"2026-09-06 13:27:19",447.5,2,holleyalfred
7292,16659080,VENKY,"2026-08-07 17:22:03",447.4,2,venkateshthatha
7293,16705510,"Palak Choudhary","2026-08-11 07:12:44",447.3,2,palak2564
7294,16722819,Anna,"2026-08-21 15:01:26",447.2,2,annatmp
7295,16879532,kiwamizamurai,"2026-09-14 20:27:53",447.1,2,kiwamizamurai
7296,16675631,"Aswini Gowda","2026-08-10 05:37:33",447.0,2,aswinigowda
7297,16668688,"Nezihe Sözen","2026-09-18 11:58:47",446.9,2,nezihesozen
7298,16658051,SethuMadhavan004,"2026-08-09 09:38:27",446.7,2,sethumadhavan004
7299,16729522,all-coder,"2026-08-16 17:55:08",446.7,2,allcoder
7300,16662896,"Adrian Dubois","2026-09-12 22:49:02",446.6,2,adriandubois
7301,16653429,mktdev,"2026-08-10 12:19:54",446.6,2,mktdev
7302,16633097,"Matheus Bonjour Laviola da Silva","2026-08-02 11:08:21",446.4,2,matheusbonjour
7303,16885124,"LABHESH YAWALKAR","2026-09-13 07:45:34",446.4,1,labheshyawalkar
7304,16707437,"Ivan Plekhanov","2026-08-11 12:03:11",446.3,1,nnob0dy
7305,16919088,"John Moncel","2026-09-18 18:55:52",446.3,1,johnmoncel
7306,16664004,"Me, Myself, and I","2026-08-11 03:57:46",446.2,2,notlunarxd
7307,16771725,"Rijusmit Biswas","2026-09-18 10:55:33",446.1,2,rijusmitbiswas
7308,16684031,"Phillip Kamundia","2026-08-14 20:35:15",445.8,2,phillipkamundia
7309,16676205,"Alhassan Fedawy","2026-08-14 17:15:07",445.6,2,alhassanfedawy
7310,16668267,Saran,"2026-08-27 14:18:05",445.6,2,saran2
7311,16660899,"Clarence Trinidad","2026-09-16 18:28:20",445.6,2,claree007
7312,16690793,"MOHAMMAD ALRASHED","2026-08-08 18:33:34",445.5,2,mohammadalrashed
7313,16663258,sawe,"2026-09-16 09:10:13",445.4,2,boiihhh
7314,16658520,drownedsnake,"2026-08-05 01:03:22",445.4,2,makerplay
7315,16742009,"Mutyam kavyanjali","2026-08-19 10:25:06",445.1,1,mutyamkavyanjali
7316,16621402,Maxim,"2026-08-13 07:01:03",445.1,2,ektarr
7317,16677047,LINOXYR,"2026-08-15 13:13:58",445.0,2,linoxyr
7318,16918361,DrLiMingz,"2026-09-18 15:10:58",444.9,1,drlimingz
7319,16668810,ZZZZGOD,"2026-08-07 19:11:09",444.8,2,zzzzgod
7320,16717051,"Chirag Hosdurga","2026-08-13 13:38:41",444.7,2,chiraghosdurga
7321,16724556,"Yixiang Wu","2026-08-28 03:34:55",444.6,1,yixiang964
7322,16795877,"Marco Polo","2026-09-16 00:02:55",444.4,2,zhesong1
7323,16660531,greySnow,"2026-09-10 23:39:09",444.3,2,shlomoron
7324,16708409,toshiconner,"2026-08-12 06:30:06",444.1,2,toshiconner
7325,16795330,"Alejandro Villacampa","2026-09-02 17:32:11",444.1,2,avillacampa
7326,16792630,Vipluv1,"2026-09-04 20:32:56",444.1,2,vipluv1
7327,16632855,Shreyash_Automation,"2026-08-21 00:06:49",444.0,2,shreyashautomation
7328,16735177,shilpa.rpns,"2026-08-22 04:57:10",444.0,2,shilparpns
7329,16662167,"Tara Singh Kharwad","2026-08-05 17:13:10",443.9,2,tarasi7261
7330,16641501,Sonal,"2026-08-08 22:07:46",443.8,2,sonalm13
7331,16838460,"Yash Vardhan","2026-09-08 07:39:50",443.8,2,poruskapil1
7332,16664352,"Shreyash Asati","2026-08-06 10:40:56",443.3,1,shreyashasati
7333,16728821,"Alen Maria Nirmal","2026-08-17 21:51:03",442.9,1,alenmarianirmal
7334,16668093,Sai_Dattu,"2026-08-07 07:35:01",442.8,2,saidattu2003
7335,16726441,Enrique.rfm,"2026-09-14 16:40:46",442.7,2,enriquerfm
7336,16658678,"Manav Aghera","2026-09-06 18:16:28",442.5,2,manavaghera
7337,16660923,naganikshith,"2026-08-06 08:01:09",442.4,2,naganikshith
7338,16865650,Azhi,"2026-09-10 09:02:01",442.2,1,azh1sdad
7339,16666132,andres555,"2026-08-28 14:36:21",442.1,2,"andres555,violalin"
7340,16831179,"Andrey Baranov","2026-09-10 15:10:38",441.7,2,baranov
7341,16734601,sweetlesson,"2026-08-18 00:40:55",441.7,2,sweetlesson
7342,16917703,"Tommy Mac Bird","2026-09-18 02:14:59",441.2,1,tommymacbird
7343,16751979,"Sasha Sam","2026-08-27 20:02:46",441.1,2,sashasam
7344,16715033,"Colton Byers","2026-08-17 10:41:50",441.1,2,coltonbyers
7345,16667759,"Nafis Fuad Shahid","2026-08-05 19:21:39",440.9,2,nafisfuadshahidd
7346,16665152,"Ahmed Karim","2026-08-17 11:32:15",440.8,2,versusic
7347,16656989,Crunchex,"2026-08-29 10:52:11",440.7,2,"asmo04,chinmaysoni48,codencry"
7348,16660317,esgranja,"2026-08-04 18:58:48",440.5,1,esgranja
7349,16743032,"Sabarishvar S S","2026-09-03 17:49:08",440.5,1,sabarishvarss
7350,16651157,StupidXie,"2026-09-17 00:02:01",440.4,2,stupidxie
7351,16661751,"Shailaja J","2026-08-12 14:51:15",440.4,1,shailajaj
7352,16660343,"Mert Olgun899","2026-08-05 13:05:07",440.1,2,mertolgun899
7353,16662133,"Ding Lifeng","2026-08-29 08:20:49",440.1,2,dinglifeng
7354,16683316,moonriver0922,"2026-08-11 07:04:11",439.9,2,moonriver0922
7355,16656156,"Kshitij aucharmal","2026-08-06 04:35:27",439.7,2,narutoaucharmal
7356,16890155,GSD,"2026-09-18 13:33:14",439.7,2,gsdeepakkumar
7357,16692782,"Andres Regino","2026-08-23 20:26:03",439.6,2,andresregino
7358,16691704,"Rahman Aliyev","2026-09-10 17:59:57",439.5,2,rahman4li
7359,16759765,"Ososanwo Idris Olaitan","2026-09-11 18:38:06",439.4,2,ososanwoidrisolaitan
7360,16765863,MADUPU.SRINIDHI,"2026-09-05 10:31:08",439.1,2,madupusrinidhi
7361,16668241,"Shreyansh Kanotra","2026-08-08 19:56:15",439.0,2,shreyanshkanotra
7362,16661194,"Sandeep Vanapalli","2026-08-04 15:37:06",438.6,2,mrleaf
7363,16706843,"yh z","2026-08-11 09:32:56",438.5,1,yhz123456
7364,16853371,JIAWEILI0001,"2026-09-10 05:05:16",438.3,2,jiaweili0001
7365,16768174,lambdap,"2026-09-06 13:25:29",438.3,2,lambdap
7366,16777612,"zebra G","2026-08-27 15:46:59",438.3,1,zebrag
7367,16700627,"Benedict Ebito Boyubie","2026-08-10 11:03:38",438.2,1,bboyubie
7368,16623503,"D Mohith","2026-08-01 01:06:22",438.2,2,dmohith
7369,16735012,"Shuvam Swapnil Dash","2026-08-28 19:56:48",438.1,2,"shashwatmandal,shuvamswapnildash"
7370,16776777,cerceanit,"2026-08-29 14:51:48",438.1,1,uaisamangeldi
7371,16660484,"Waiswa Geoffrey","2026-08-31 08:29:58",438.0,2,waiswageoffrey
7372,16694497,Kawai,"2026-08-23 18:33:10",438.0,2,"lavendermoon19,sumitwod"
7373,16829367,"quant park","2026-09-15 10:29:07",437.9,2,quantpark
7374,16662589,"Arunagirinadan Sudharshan","2026-09-06 07:07:50",437.8,2,sudhanaruna
7375,16689256,"Pavan Pusapati","2026-09-17 11:26:52",437.8,1,pavanpusapati
7376,16845067,"Vineet Gupta","2026-09-14 09:08:20",437.5,1,"graceydugar,vineetgupta2023"
7377,16666878,aaronykchen,"2026-08-17 15:06:13",437.2,2,aaronyukuchen
7378,16805621,"DIVYANSH KUMAR SINGH CHAUHAN","2026-09-02 04:04:53",437.2,2,capdiv
7379,16759239,SunYaoXi,"2026-08-27 09:32:42",436.9,2,sunyaoxi
7380,16857747,shaoxw,"2026-09-15 08:33:39",436.8,2,shaoxw
7381,16675043,malibu_orange,"2026-09-05 13:27:13",436.6,2,malibuorange
7382,16668368,"Waleed Hasan","2026-08-12 01:42:22",436.6,2,whasan
7383,16759916,"Jeevith G","2026-08-23 06:58:50",436.5,2,jeevithg090
7384,16691761,"Evie Barker","2026-08-15 13:40:05",436.4,2,eviebarker
7385,16907577,"Дмитрий Витальевич","2026-09-17 07:59:28",436.4,2,mtkrqt
7386,16750931,"Antonio Rotundo","2026-08-27 12:52:58",436.3,2,antoniorotundo2
7387,16696939,"Keaton Zang","2026-08-10 21:24:20",436.2,1,keatonzang
7388,16662095,"Buzz shocker","2026-09-13 20:28:48",435.8,2,buzzshocker
7389,16660697,"Dannis Wong11","2026-09-09 10:07:46",435.8,2,danniswong11
7390,16673009,CruelShow,"2026-09-13 10:36:40",435.7,2,cruelshow
7391,16827781,c1626343198,"2026-09-04 14:50:37",435.7,2,c1626343198
7392,16658366,kuroneko,"2026-08-04 10:43:29",435.7,2,kurorosuke
7393,16641513,"Sameer Chakravedi","2026-08-15 16:06:11",435.6,2,sameerchakravedi
7394,16726882,"Albert Yu","2026-08-17 00:01:53",435.6,2,yukinying
7395,16845679,"Wenhai Tang (raisin)","2026-09-07 03:33:14",435.4,1,wenhaitangraisin
7396,16670090,"Gianpaolo Nettis","2026-08-24 08:42:07",435.2,2,rakes7
7397,16657520,"Joel De la Cruz Fuertes","2026-08-12 16:33:48",434.9,2,joeldcf
7398,16654175,abhiv142,"2026-08-11 13:22:03",434.8,2,abhiv142
7399,16807636,"Liu Panfeng","2026-09-05 00:30:20",434.8,2,liupanfeng
7400,16663259,erush,"2026-09-08 03:16:44",434.7,2,erushia
7401,16632841,AGG,"2026-09-05 18:33:20",434.7,2,aleixgim
7402,16659269,"Bedirhan Dinçer","2026-08-10 20:26:46",434.4,2,bedirhandiner
7403,16702200,"ANGAD JANGIR","2026-08-11 02:01:38",434.1,2,angadjangir
7404,16623631,SeaEag1e,"2026-07-31 06:26:17",434.1,1,seaeag1e
7405,16775069,JWlKIM,"2026-08-26 23:22:43",434.0,2,jwlkim
7406,16760377,"Yuxuan Qian","2026-08-29 23:45:28",433.9,2,yuxuanqian
7407,16662726,"Juan Carlos González Aguilar","2026-08-14 19:54:48",433.8,2,juancg
7408,16848309,"Angela Wu","2026-09-09 03:56:03",433.7,1,angelawurx
7409,16713723,"Jyot Buch","2026-08-12 23:09:41",433.6,2,jyotbuch
7410,16891504,"Taha N Kaya","2026-09-14 14:03:21",433.5,1,tahankaya
7411,16721942,"Daniel Rodriguez Bothe","2026-08-18 16:57:00",433.2,2,danielrodriguezbothe
7412,16657712,"samuel job Adeola ","2026-09-04 23:18:57",433.1,2,samueljobadeola
7413,16738441,"Moritz Huber","2026-08-30 21:00:10",433.1,2,moritzhuber
7414,16714240,"The Shovel","2026-08-26 03:21:18",433.0,2,"astapasta0,qotqat"
7415,16692373,"Ornevis Montero","2026-08-20 01:59:43",432.9,2,ornevisbolaosmontero
7416,16662079,"Farrukh Hussain","2026-09-08 11:36:07",432.9,2,farrukhhussai
7417,16796102,yiliang,"2026-08-31 12:55:20",432.8,2,yilianglv
7418,16649339,"华东 朱","2026-09-17 23:34:00",432.7,2,mgdbzny
7419,16696993,healer2408,"2026-08-15 07:10:57",432.7,2,healer2408
7420,16666066,Khush3e,"2026-09-16 23:20:51",432.5,2,khush3e
7421,16723411,CaZen,"2026-08-15 10:48:16",432.3,2,cathzwah
7422,16658500,"abhinav rai1","2026-08-18 17:24:56",432.2,1,abhinavrai1
7423,16662985,DanTheDataScienceMan,"2026-08-05 17:40:06",432.2,1,danthedatascienceman
7424,16890098,"Binief Ta","2026-09-14 14:08:36",432.0,2,biniefta
7425,16792685,李明,"2026-08-31 00:46:42",432.0,2,liming2026good
7426,16634016,"Adrien Thomas","2026-09-13 16:40:18",431.9,2,adrienthomas
7427,16698029,"Meet Vachhani","2026-08-10 18:34:55",431.8,2,meetvachhani7
7428,16655891,"Yukihito Ikoma","2026-08-27 03:55:41",431.7,2,yikoma
7429,16862542,"Mitchell Luciana","2026-09-15 03:06:15",431.6,2,mitchellluciana
7430,16758987,"Irtaza Ahmed Khan","2026-09-08 06:38:25",431.5,2,yrrebeere
7431,16702980,GCSudarshanReddy,"2026-08-15 17:32:06",431.4,2,gcsudarshanreddy
7432,16633786,tuannm3812,"2026-08-28 08:00:42",431.3,2,tuannm3812
7433,16676256,"Kotaro Nakamura","2026-08-11 22:18:41",431.3,2,kotaroma
7434,16744018,"ZK Adam","2026-08-27 17:40:04",431.3,2,zkadam
7435,16713061,Yuk!,"2026-08-16 10:59:12",431.3,2,mitsuyukiokamura
7436,16726765,"Ali Al-Killidar","2026-08-16 09:47:37",431.3,1,alialkillidar
7437,16674278,"Niels de Gier","2026-08-07 15:57:04",431.3,2,nielsdegier
7438,16671773,"Sawyer Lundberg","2026-08-07 03:33:23",431.1,2,sawyerlundberg
7439,16732041,"Vallapu Nandini","2026-08-17 10:22:47",431.0,1,nandinivallapu
7440,16701064,KMishra011,"2026-08-20 20:30:34",430.9,2,kmishra011
7441,16665040,"Arnav Yashlaha","2026-08-05 05:44:26",430.6,2,arnavyashlaha
7442,16634911,onlytimeknows,"2026-08-22 12:31:11",430.6,2,onlytimeknows
7443,16713557,kaggri-kal-chal,"2026-09-16 18:53:51",430.6,2,"nainikaanish,shrivastavaaryan"
7444,16640810,まさやん,"2026-08-12 15:22:53",430.5,2,masayam1234
7445,16825489,"Monishwar S","2026-09-06 17:28:12",430.2,1,monishwar2718
7446,16656951,"[Deleted] 6015b650-8e16-4705-8036-db40bdd2d353","2026-08-04 09:08:05",430.1,1,del=084ea76838ad756b
7447,16729155,WangZihao5649,"2026-08-24 02:32:08",430.0,2,wangzihao5649
7448,16723614,"James Atteh","2026-09-12 06:28:17",429.9,2,jamesatteh
7449,16664512,oggyiu,"2026-09-01 07:46:10",429.8,1,oggyiu
7450,16702935,"Defne Demir","2026-08-11 18:27:36",429.8,2,defnedemir
7451,16721530,revv0o,"2026-08-15 13:58:34",429.7,2,revv0o
7452,16630662,Akshatjhawar777,"2026-08-05 12:18:30",429.6,2,akshatjhawar777
7453,16665228,Jason_Qian,"2026-08-05 16:00:43",429.6,2,jasonqia
7454,16875479,"Debasish Gorai","2026-09-16 18:41:56",429.5,2,debasishgorai
7455,16655316,Nader,"2026-08-10 14:49:21",429.5,2,naderamin
7456,16761319,Yuvraj,"2026-08-23 07:29:44",429.4,1,yuvrajkr01
7457,16774592,"Oliad Dandana","2026-08-27 09:28:20",429.3,2,olidan
7458,16888455,Erin,"2026-09-14 02:55:17",429.3,2,eringobyte
7459,16664129,"Mr M 8641","2026-08-06 18:57:45",428.9,2,mrm8641
7460,16669434,"Saugat Kannojia","2026-08-07 11:45:47",428.8,2,saugatkannojia
7461,16728394,"Aisultan Davletkan","2026-08-16 13:01:38",428.6,1,aisdav
7462,16663976,"wangyang denis","2026-08-12 06:26:08",428.5,2,wangyangdenis
7463,16658202,"SNAEHATH P","2026-08-06 13:51:15",428.3,2,snaehath
7464,16670464,halfpintcider,"2026-09-16 08:50:31",428.2,2,"amoghdeshpande2021,visspric7"
7465,16676397,Rohan_Joshi6404,"2026-08-13 13:58:56",428.2,2,rohanjoshi6404
7466,16655997,tanatet8,"2026-09-05 11:00:05",427.9,2,tanatet8
7467,16630020,"Piotr Gabrys","2026-08-09 16:53:59",427.6,2,piotrekga
7468,16715404,"karthik reddy","2026-09-04 01:34:50",427.5,2,karthikreddyp
7469,16699436,"Oluwaseun O Adeya","2026-08-23 01:22:24",427.5,2,oluwaseunoadeya
7470,16670475,Adib,"2026-08-06 02:02:27",427.2,2,adibemohamed
7471,16659659,"michael J king","2026-09-15 07:11:18",427.1,2,michaeljking
7472,16675385,Apex🦾,"2026-08-14 18:00:17",426.7,2,"raghadabdullara,renadahmadalamri,zzainh"
7473,16666447,"Shuaib ayad Jasim Jasim","2026-08-06 20:51:47",426.7,2,shuaibayadjasimjasim
7474,16669703,AnubhavBhadani142,"2026-08-15 06:32:19",426.5,2,anubhavbhadani142
7475,16669170,AsadUsmanFAST,"2026-08-05 22:37:33",426.4,2,asadusmanfast
7476,16660073,"Mahad Kakooza","2026-09-06 20:30:18",426.4,2,mahadkakooza
7477,16723779,Matheubern,"2026-09-07 02:24:32",426.2,2,matheubern
7478,16622943,"Erwin Huizenga","2026-09-06 15:04:57",426.0,2,erwinh
7479,16685615,Spectra,"2026-08-07 16:14:32",426.0,2,thomaskressig
7480,16659459,"Akandé Philippe ABIODOUN","2026-08-06 11:58:09",425.8,2,vrmelo
7481,16891902,Farmcore,"2026-09-18 16:34:46",425.7,1,betmyex
7482,16750435,"Oleksandr Zalievskyi","2026-08-23 18:34:59",425.6,2,sashaworker
7483,16877297,"Aaryan Gole","2026-09-15 09:37:08",425.5,2,aaryangole
7484,16763523,"Nam Khánh Lê","2026-09-02 06:28:44",425.3,2,"khanhss,khimbodoi"
7485,16661014,manu,"2026-08-16 04:45:12",425.1,2,manupandit
7486,16798347,"Mr Michael Chung","2026-09-14 19:39:17",424.9,2,mrmichaelchung
7487,16671665,"Kobata Sota","2026-08-06 07:17:03",424.9,1,kobatasota
7488,16691790,"Akshay Sawant","2026-08-08 19:33:14",424.8,2,akshaysawant8983
7489,16717420,"Muhammad Yasir Sarwar","2026-08-13 14:40:09",424.6,2,muhammadyasirsarwar
7490,16854266,もふもふ神,"2026-09-12 16:26:42",424.5,2,mohumohukami
7491,16783050,"Charles Chen","2026-09-07 06:24:21",424.3,2,charles2580
7492,16633984,"Mongkhon Hatit","2026-08-04 11:58:56",424.2,2,mongkolhatit
7493,16806568,"Mumtaz Ahmad Maitla","2026-09-15 08:15:34",424.2,2,mumtazahmadmaitla
7494,16624935,"Anjana mohan","2026-08-01 06:06:39",424.1,2,anjanamohan13
7495,16623528,"Faijur Rahaman","2026-08-20 09:40:07",424.1,2,faijurrahaman
7496,16811013,"Sara Vahidestakhri","2026-09-03 00:32:07",424.0,1,saravahidestakhri
7497,16684776,"D Rithika","2026-08-10 18:36:30",424.0,2,drithika
7498,16686954,"Davie Mdumuka","2026-08-09 19:40:56",423.9,1,daviemdumuka
7499,16686796,"Harinath Reddy A","2026-08-23 21:23:45",423.8,2,harynath
7500,16706054,"ErrorX Info","2026-08-20 11:30:03",423.6,2,"errorxinfo,shyampatel47"
7501,16802750,"[Deleted] fafa60dd-8026-43cc-b656-34ca4625ef7d","2026-09-01 12:22:13",423.6,1,del=e2a734cecd171934
7502,16632503,"Wei Hsiang Lin111","2026-08-01 07:42:33",423.4,2,weihsianglin111
7503,16753895,Andrew98,"2026-08-22 13:10:58",423.2,2,vitem98
7504,16906032,Volkan,"2026-09-18 10:12:05",423.2,1,volkan97
7505,16695095,"Jayanth Chowdary","2026-08-22 17:50:39",423.0,2,jayanthchowdary24
7506,16780915,"Aravind S","2026-09-18 12:07:54",422.9,2,aravind20061981
7507,16662089,"Alonso Gallego Pacho","2026-08-27 13:27:36",422.8,2,alonsogallegopacho
7508,16705640,"Dongre Laxman","2026-08-12 12:36:29",422.8,2,dongrelaxman
7509,16736432,"Sarthak #2","2026-08-18 12:33:53",422.6,2,srthkdixit
7510,16668331,"Maitreya Mohapatra","2026-09-10 20:52:30",422.5,2,maitreyamohapatra
7511,16654290,"Srinivasa Ranga","2026-09-17 17:40:48",422.5,2,srinivasaranga
7512,16711374,Jascha,"2026-08-13 11:22:30",422.3,2,lippja
7513,16656627,"Soykot Podder","2026-08-14 05:39:06",422.2,2,diptopodder
7514,16716299,Biwaaa67,"2026-08-13 19:57:06",422.2,1,biwaaa67
7515,16668522,"Moatez Litaiem","2026-08-06 16:57:54",422.1,2,moatezlitaiem04
7516,16708896,"Alberto Scinetti","2026-08-13 19:18:11",422.1,2,albertoscinetti
7517,16728945,"Suryansh Kulshreshtha","2026-09-01 14:39:14",422.0,2,"busyfellow,suryanshkulshreshtha"
7518,16695828,rihiRule,"2026-08-11 13:40:24",421.9,2,rihirule
7519,16751796,"Leo Pallorina","2026-08-23 14:06:17",421.9,2,lelelsp
7520,16689286,"Telman Yusifov","2026-08-09 07:08:46",421.8,2,yusifovtelman
7521,16656579,"Riad Rayhan","2026-08-15 06:40:35",421.7,2,riadrayhan
7522,16717912,"Anu Kumari","2026-08-13 18:03:07",421.6,1,anuk16020
7523,16738351,"Haidar Faruqi","2026-08-25 05:00:00",421.6,2,haidarfaruqi
7524,16661966,Rocket,"2026-08-29 18:05:35",421.0,2,"aarchie4,nick16541,siddharthdongardive"
7525,16748500,stimmie,"2026-08-30 16:11:56",420.8,2,stimmie
7526,16880350,喜欢逢坂大河,"2026-09-16 08:36:54",420.7,2,yhsno69
7527,16675462,bkcoban,"2026-08-07 18:22:48",420.6,2,bkcoban
7528,16657574,harikrishnacs,"2026-08-04 12:28:53",420.5,2,harikrishnacs
7529,16660515,"pooja sandali","2026-08-08 05:51:03",420.4,2,poojasandali
7530,16881479,GG,"2026-09-13 11:27:34",420.3,2,ggroth
7531,16885604,"Shashank Kalled","2026-09-17 17:05:40",420.3,2,"shashankkalled,tridiv14"
7532,16693255,"Carlos Hideo Yamaguchi","2026-08-10 00:59:12",420.2,2,carloshy
7533,16663104,Sohan,"2026-08-23 14:42:40",420.2,2,sohansinghrawat
7534,16666873,"linli duan","2026-08-12 15:06:42",420.2,2,linliduan
7535,16786328,"DanishGW School","2026-09-02 03:50:19",420.2,2,danishgwschool
7536,16839457,HugoLee_dreamer,"2026-09-14 01:18:31",420.2,2,hugoleedreamer
7537,16621518,jaccobian,"2026-08-29 08:11:50",419.7,2,harshraj22
7538,16658498,cheesama,"2026-08-04 23:36:18",419.7,2,cheesama
7539,16700685,"Preeti Dhotmal","2026-08-27 11:25:29",419.2,2,preetidhotmal
7540,16658535,khanna.rohit5,"2026-08-10 05:00:31",419.2,2,khannarohit5
7541,16659588,"Priya J","2026-08-14 05:57:46",419.1,2,priyaj21
7542,16681441,"Lamiaa Al-bdrani","2026-08-07 04:25:50",418.9,1,lamiaaalbdrani
7543,16675232,"Rafif Ariq Rabbani","2026-08-27 19:37:32",418.4,2,rafifariqrabbani
7544,16805176,"Hritvika Tawde","2026-09-13 11:22:46",418.3,2,hritvikatawde
7545,16709337,"Chris Turnbull","2026-08-11 22:15:57",418.2,2,christurnbull
7546,16701885,"Mehdi L.","2026-08-13 13:41:14",418.1,2,lmehdi
7547,16664818,"B M Dimpu Shree","2026-08-21 10:51:22",418.0,2,bmdimpushree
7548,16659018,"Ramziddin Toxirov","2026-08-11 04:58:03",417.8,2,ramziddintoxirov
7549,16793657,Xin_T,"2026-08-30 16:48:11",417.8,1,xint666
7550,16665470,KanakoS,"2026-08-18 13:13:58",417.5,2,kanakos
7551,16840668,"Aratrika Ruhal","2026-09-13 23:35:13",417.5,2,aratrikaruhal
7552,16656608,"Jeffrey Dilley","2026-08-04 15:40:08",417.5,1,jeffreydilley
7553,16630896,OpenBuilder,"2026-08-08 12:09:06",417.4,2,weijunguo
7554,16728839,Mharfe,"2026-09-06 23:26:08",417.4,2,mharfe
7555,16847947,"Phongwit Sri","2026-09-14 04:24:54",417.3,2,phongwitsri
7556,16696959,"Joe Filfli","2026-08-11 10:47:03",417.2,2,joefilfli
7557,16851939,"Naoya Mieno","2026-09-11 06:19:02",417.2,2,naoyamieno
7558,16778939,"Stepan Antonov","2026-08-27 07:59:30",417.1,1,stepanantonov
7559,16664064,lookapmaka,"2026-08-10 17:19:05",417.0,2,lookapmaka
7560,16855885,"Shinonome Seiga","2026-09-10 05:10:04",416.8,1,shinonomeseiga
7561,16726052,"Peter Mugoya","2026-09-17 08:35:32",416.6,2,petermugoya
7562,16796572,"Phan Van Hieu ","2026-08-31 14:23:03",416.6,2,phnvnh
7563,16907973,Mainafly,"2026-09-18 16:48:04",416.5,2,ishakuyusufmaina
7564,16716702,"majjati khalid ","2026-08-19 14:12:32",416.5,2,khalidma
7565,16662646,"Jay Parsana","2026-08-09 18:07:10",416.3,2,jay051
7566,16716657,"Jasti Phani","2026-08-19 08:38:00",416.2,1,jastiphani
7567,16667615,"Zayd Mulani","2026-08-08 23:05:57",416.2,2,zaydmulani
7568,16623054,"Max Bond ABE","2026-08-15 22:43:34",416.0,1,maxbondabe
7569,16663055,jainish_d24ce180,"2026-08-10 13:54:40",416.0,2,jainishshah35
7570,16663286,"Fan Wang","2026-08-10 21:12:40",415.8,2,wangfan420
7571,16623582,yunsuxiaozi,"2026-08-01 13:59:57",415.8,2,yunsuxiaozi
7572,16660413,Ritesh-2006,"2026-08-21 10:21:53",415.7,2,ritesh2006
7573,16726168,"Shrey Modi","2026-08-15 19:42:14",415.7,2,shreymodi2
7574,16659720,Project_Kurukshetra,"2026-08-16 05:01:34",415.7,2,"chaitanyaterli05,lavanyayandapalli"
7575,16693307,"Vlad Gavrilov","2026-08-09 04:00:29",415.5,2,vladgavrilov
7576,16656023,JD_Mello,"2026-09-06 01:41:52",415.5,2,jdmello
7577,16802028,Dong,"2026-09-11 03:53:23",415.3,2,protostar
7578,16768262,"Brayan Miranda G","2026-08-26 19:40:15",415.2,2,brayanmirandag
7579,16666479,"Prajwal Nivangune","2026-08-09 18:33:51",415.2,2,prajwalnivangune
7580,16689017,"Mounica Challa","2026-09-17 19:39:39",415.2,2,mounicachalla
7581,16631609,dlougen,"2026-08-04 16:40:03",415.1,2,dlougen
7582,16701713,"Максим Хованский","2026-08-10 14:35:38",414.6,1,yeezynaizi
7583,16629201,"GUILLERMO REY PANIAGUA","2026-08-01 16:41:58",414.6,2,guillermoreypaniagua
7584,16793391,"Muhammad Ussman","2026-09-15 20:17:40",414.6,2,muhammadussman
7585,16725349,"Saj Patel","2026-08-15 21:55:42",414.6,2,sajpatel15
7586,16796474,"Chaitanya Mundhe ","2026-09-13 12:27:10",414.5,2,chaitanyamundhe
7587,16732340,"BJ Kim","2026-08-19 15:17:16",414.3,2,doitdoit80
7588,16854332,kotaross,"2026-09-09 15:18:06",414.3,2,kotaross
7589,16671913,res67,"2026-08-07 16:22:30",414.3,2,junyeanyap
7590,16644023,"Yiğit Efe Albaş","2026-08-02 18:34:39",414.3,1,yiitefealba
7591,16834632,casua132,"2026-09-05 07:56:17",414.2,1,casua132
7592,16890562,Names231,"2026-09-14 16:08:48",414.0,2,names231
7593,16818498,"AARYAN VISHAL","2026-09-07 11:53:23",414.0,2,aaryanvishal
7594,16691891,"Gagan Thakur","2026-08-16 04:36:51",413.7,2,gaganthakur2006
7595,16784030,"Pooja Gera","2026-09-02 15:10:47",413.7,2,poojagera00
7596,16719679,ZhiruiLuo,"2026-08-25 15:52:57",413.5,1,zhirluo
7597,16857871,SHP123SHP,"2026-09-10 03:20:57",413.2,2,shp123shp
7598,16663804,"Fredy Meyer","2026-08-05 20:19:51",413.0,2,alexmeyerm
7599,16671911,"Dwi Eflatino","2026-08-16 10:44:17",412.8,2,eflatino
7600,16719296,Mr.TtT_Games,"2026-08-14 04:58:39",412.8,2,mrtttgames
7601,16790718,"Carlos Alves","2026-09-02 04:29:42",412.6,2,carlosone
7602,16666944,"Meghnath S","2026-08-11 01:56:22",412.4,2,meghnaths
7603,16659939,"Mouafak Dakhlaoui","2026-09-05 13:26:34",412.3,2,sharmoul
7604,16761148,Deku,"2026-08-23 13:36:57",412.2,1,piyushsharma5654
7605,16712906,"Sharad Garg","2026-08-13 14:54:43",412.2,2,sharadgarg
7606,16698570,MurphyIIVan,"2026-08-10 03:35:41",411.8,2,murphyiivan
7607,16840626,"Christopher Márquez","2026-09-12 22:23:02",411.6,2,christophermrqz1174
7608,16808233,"Yash Hingane","2026-09-04 12:53:43",411.2,2,yashhingane
7609,16690299,"EL GORRIM MOHAMED","2026-09-01 10:59:10",411.2,2,elgorrimmohamed
7610,16758681,"Sahil suman","2026-08-26 16:26:13",410.9,2,gruntingtorch
7611,16716589,"Shaik Adilazeez","2026-08-13 09:29:44",410.9,1,shaikadilazeez
7612,16772511,"Max Gläser","2026-08-26 23:39:34",410.9,1,maxglser
7613,16896794,Cidoai,"2026-09-18 08:45:45",410.8,2,cidoai
7614,16881853,Sleepyman,"2026-09-15 09:22:24",410.8,2,alishakeri1
7615,16664406,"MURDER GOOSE","2026-08-05 09:45:33",410.8,2,ujjwalar
7616,16673201,"Sanjay Varma Malladi","2026-09-18 07:00:17",410.1,2,sanjayvarmamalladi
7617,16685904,KavYaHD,"2026-08-10 13:02:45",409.9,2,kavyahd
7618,16624879,indira,"2026-07-31 06:52:02",409.7,2,inansia
7619,16732395,"Nikita Antonov","2026-08-23 08:33:03",409.5,2,nantonov
7620,16860003,"Aatif Sayyad","2026-09-10 21:31:13",409.5,2,aatifsayyad
7621,16693098,broken_gpu,"2026-08-30 10:07:27",409.5,2,brokengpu
7622,16804803,"01000110 01010101 01000011 01001011 00100000 01011001 01001111 01010101 00100001","2026-09-14 16:38:59",409.4,1,f01010101
7623,16784400,K_DHEERAJ_11,"2026-08-31 02:58:38",409.4,2,kdheeraj11
7624,16902856,"Laura Vanegas Torres","2026-09-18 02:10:40",409.2,2,lauravanegastorres
7625,16741746,"Ahmed Harfoush","2026-08-19 09:47:45",409.1,1,ahmed1harfoush
7626,16653998,www1727,"2026-09-15 16:45:05",409.1,2,www1727
7627,16893255,"Amal Raj Singh","2026-09-17 21:07:11",409.0,1,amalrajsingh
7628,16739939,crescent_star,"2026-09-09 04:42:10",408.9,2,cenzop
7629,16665988,"Ronel maamoc","2026-08-31 09:37:13",408.9,2,ronelmaamoc
7630,16639916,BloomBerry,"2026-08-12 12:38:31",408.5,2,kagglepalandata
7631,16709299,"Divyanshu Choudhary","2026-09-04 13:13:32",408.4,2,divyanshuchoudhary25
7632,16894573,VISHWAPRIYAI,"2026-09-18 04:54:27",408.3,2,vishwapriyai
7633,16717679,mureee,"2026-09-10 05:46:33",407.8,2,"hosyan3279,mureee54"
7634,16757351,SaiVenkatesh,"2026-09-05 10:30:00",407.5,2,nothingnew
7635,16663815,"Tetsuya Sasaki","2026-09-05 00:00:30",407.4,2,sasakitetsuya
7636,16660287,BhatNasir,"2026-08-04 16:29:18",407.4,2,nasir94
7637,16850232,"Kharchenko Bogdan","2026-09-09 18:57:16",407.4,2,kharchenkobogdan
7638,16658304,"KETHAVATH Aadarsh","2026-08-05 21:00:45",407.3,2,kethavathaadarsh
7639,16689877,Amr_Said1233,"2026-08-08 08:48:28",407.3,1,amrsaid1233
7640,16735580,"Dhiya Nachimuthu","2026-08-30 06:13:38",407.2,2,dhiyanachimuthu
7641,16808705,Danielaijdkx,"2026-09-03 11:29:34",407.2,1,danielaijdkx
7642,16774921,"conor lowth","2026-08-28 10:46:42",407.0,2,conorlowth
7643,16723301,mayukistarry,"2026-08-15 02:20:13",406.6,2,mayukistarry
7644,16678819,"Digant Kathiriya","2026-08-07 02:07:51",406.6,2,digantkathiriya
7645,16681209,AgenticBuilder,"2026-08-13 18:44:29",406.5,2,gau2112
7646,16661453,"Disleve Kanku","2026-08-14 15:32:51",406.5,2,dislevekanku
7647,16657545,"Deepak Singh","2026-08-11 13:50:31",406.4,2,vihaannegi
7648,16664450,"Fritz Adelbertus","2026-08-10 01:13:44",406.4,1,fritzadelbertus
7649,16802866,"Antonio Di Cecco","2026-09-01 18:37:02",406.2,1,antdic
7650,16669102,Ritik,"2026-08-07 18:11:13",406.0,2,xritikx
7651,16707987,"Big Balls Entertainment","2026-08-12 10:18:24",405.9,2,"pavivin,semenkolesnikov"
7652,16675900,"Pranav Advani","2026-08-23 14:43:09",405.9,2,pranavadvani
7653,16790615,"Suryansh Vashisth","2026-08-31 10:38:54",405.9,2,songoku2005
7654,16678298,"RITIK CHAUDHRY","2026-08-10 13:34:35",405.7,2,ritikchaudhry13
7655,16888334,"Ohene A","2026-09-14 17:36:00",405.2,2,pamo12
7656,16898258,"Eugene Blackman","2026-09-17 10:38:37",405.1,2,eugeneblackman
7657,16757336,Stevejustin,"2026-08-31 04:18:31",404.9,2,stevejustin
7658,16653006,"anthony mbadiwe ikeme","2026-08-18 09:08:02",404.8,2,anthonymbadiweikeme
7659,16855738,"Anuj Gupta","2026-09-09 07:38:48",404.7,2,anuj6540
7660,16667987,"Kunj Kansara","2026-08-05 13:41:26",404.6,1,kunjkansara
7661,16864670,"Takahiro Cho","2026-09-10 04:55:10",404.4,1,takahirocho
7662,16666216,missss,"2026-08-06 06:49:00",404.1,2,missssb
7663,16695177,"Ajith Bagali","2026-08-15 12:23:37",403.9,2,ajithbagali
7664,16690197,"Ankit Kushwaha_06","2026-08-18 08:10:12",403.8,2,ankitkushwaha06
7665,16796834,"Harsh Gupta #2","2026-09-09 19:20:48",403.7,2,harshgupta0415
7666,16661659,"Ivan Zagorulko","2026-08-05 10:53:13",403.7,2,normaldaki278
7667,16671532,"Yuri Nakayama","2026-08-13 11:34:55",403.6,2,yurinakayama
7668,16809998,chzCharbs,"2026-09-15 08:14:49",403.2,2,chzcharbel
7669,16621243,"Jesse Bullard","2026-09-14 16:01:59",402.8,2,jessebullard
7670,16690812,zhangkai_0121,"2026-08-09 01:40:21",402.7,2,zhangkai0121
7671,16689344,"Shalini Gangrade","2026-08-09 13:17:30",402.5,2,shalinig1
7672,16671670,"Karla Ziegler","2026-08-08 21:14:37",402.4,2,karlaziegler
7673,16918087,Kenyo8,"2026-09-18 07:19:16",402.3,2,kenyo8
7674,16664514,"Henry Adjanor tetteh","2026-08-12 00:43:41",402.2,2,henryadjanortetteh
7675,16673583,"Priyanshu Jha","2026-08-16 08:10:08",402.1,2,codewithjha
7676,16747782,"Muhammad Agam Febryan","2026-08-29 18:22:04",401.9,2,muhammadagamfebryan
7677,16662964,"Tim Ogilvie","2026-08-13 13:18:59",401.1,2,timogilvie
7678,16809931,"john crick","2026-09-16 02:07:20",401.0,2,johncrick
7679,16657054,"ömer umut güngör","2026-08-05 06:10:22",400.8,2,merumutgngr
7680,16686411,NeoCodes.Dev,"2026-08-23 23:53:10",400.8,2,neocodesdev
7681,16764608,messibeatgravity,"2026-08-24 05:34:05",400.7,1,messibeatgravity
7682,16661717,"Yaswanth Ippili","2026-08-06 11:32:13",400.6,2,yaswanthippili
7683,16908873,KelOliHar,"2026-09-17 00:26:05",400.2,2,kelolihar
7684,16875657,"Валерия Захарова","2026-09-12 23:53:56",400.1,2,melomanpanda
7685,16623135,mohduwaishchaudhary,"2026-07-30 22:05:45",399.9,2,muwaish5
7686,16679904,"Joshua Bensemann","2026-09-12 12:08:09",399.9,2,qazcat
7687,16684225,"Aum Savaliya","2026-08-10 20:10:02",399.4,2,aumsavaliya
7688,16672292,"KARTIKEY PANWAR","2026-08-06 05:46:16",399.3,2,kartikeypanwar
7689,16712259,geqiulin,"2026-08-13 04:46:11",399.1,2,geqiulin
7690,16660228,"Ochuwa Pearl Isa","2026-08-06 09:29:36",399.0,2,pearlisa
7691,16898808,katoue,"2026-09-16 21:47:46",398.9,2,katoue
7692,16911283,"Apratim Bajpai","2026-09-18 17:19:51",398.9,2,apratimbajpai
7693,16897491,"Santipab Tongchan","2026-09-15 14:39:58",398.6,1,santipabtongchan
7694,16719603,"sravan Tirumala","2026-08-14 03:05:43",398.6,1,sravantirumala
7695,16674012,ahankesumah,"2026-08-16 07:34:05",398.5,2,ahankesumah
7696,16715912,"Hiroshi Sakiyama","2026-08-14 13:22:19",398.4,2,hiroshisakiyama
7697,16809202,amano,"2026-09-03 13:44:49",398.4,2,amanoshotaro
7698,16666334,UnderBlade,"2026-08-05 09:56:11",398.0,2,"athillazaidan,kurtmikhael"
7699,16663981,"Steven Pun","2026-08-07 01:59:52",398.0,2,stevenpunn
7700,16666596,"Daumas Benjamin","2026-09-03 10:05:38",397.9,2,daumasbenjamin
7701,16749503,ally,"2026-08-23 11:48:49",397.9,2,phamngoclinh
7702,16695627,"Xu Lou","2026-08-09 13:01:23",397.6,2,xuxiaozhou666
7703,16913940,"Mustafa Rehman","2026-09-17 10:24:09",397.6,1,mustafar34
7704,16712633,"Andy Andy","2026-08-13 08:11:38",397.5,2,andy3373
7705,16794302,bettta11,"2026-09-04 23:25:27",397.5,1,bettta11
7706,16780101,jjjhoon,"2026-08-28 04:04:26",397.4,2,jjjhoon
7707,16693087,osprey2k,"2026-09-09 02:34:27",397.4,2,osprey2k
7708,16662319,ethan.ai,"2026-08-13 18:16:35",397.3,2,ethanai
7709,16670188,orivael,"2026-08-05 21:20:17",397.1,2,orivael
7710,16856809,"Mateusz Kuzniar","2026-09-08 22:14:50",396.8,2,mateuszkuzniar
7711,16697627,abinandhan03,"2026-09-01 10:38:15",396.5,2,abinandhan03
7712,16715097,"Yusuf Yavuz","2026-08-13 00:25:40",396.4,1,yusufyavuzz
7713,16661990,"Olaoluwa Abiodun","2026-08-05 14:57:07",396.3,2,laoluwaa
7714,16689349,"Adunola Abdulrahman","2026-08-10 17:38:47",396.3,2,adunolaabdulrahman
7715,16664454,"Naga Vinay Avvaru","2026-08-05 07:04:44",396.2,2,anagavinay
7716,16660294,"Mohamed Amadu Bangura","2026-08-04 16:14:07",396.2,1,mohamedamadubangura
7717,16656902,"Ram Chandra Gupta","2026-08-05 10:18:41",396.0,2,ramchandra142
7718,16691565,"Blu cky","2026-08-09 19:13:27",396.0,2,llmdablucky
7719,16638704,"Lee Yen Fei","2026-09-01 03:31:45",395.9,2,leeyenfei
7720,16729669,HYPEREUCLIDEAN,"2026-08-19 07:47:48",395.6,2,hypereuclidean
7721,16768884,z y f 007,"2026-08-31 05:39:35",395.6,2,zyf007
7722,16662081,Ayush_Bhaskar_25323010,"2026-08-08 19:49:56",395.5,2,ayushbhaskar25323010
7723,16714425,sileza,"2026-08-13 12:57:35",395.5,1,azelis
7724,16670387,"Oracle69 AI","2026-09-17 19:17:17",395.3,2,princeadewaleadewumi
7725,16679850,AryaGarg23,"2026-08-09 03:33:14",395.2,2,aryagarg23
7726,16662162,"THE predict","2026-08-13 21:18:25",395.0,2,vikaspal505
7727,16660852,"K VISHALINI","2026-08-13 06:59:27",394.5,2,kvishalini
7728,16702771,n_samii,"2026-08-14 01:20:08",394.4,2,nsamii
7729,16727022,Saharkh99,"2026-09-01 00:18:26",394.3,2,saharkh99
7730,16734431,"Maxwell Herron","2026-08-19 02:06:34",394.1,2,maxwellherron
7731,16639727,"Andres Mohali","2026-08-13 23:03:25",393.9,2,mohax3
7732,16758093,_student,"2026-08-23 22:21:25",393.9,2,drvtalan
7733,16727326,AhmedMousaHassan2510,"2026-08-17 12:56:01",393.8,2,ahmedmousahassan2510
7734,16669516,GorgeousCookie,"2026-08-06 09:17:13",393.7,2,axellindqvist
7735,16892255,"Jegors Čemisovs","2026-09-14 18:31:10",393.6,1,fortemate
7736,16727480,MSAM,"2026-09-07 13:43:02",393.1,2,arashdeepsinghmaan
7737,16657063,"those how","2026-08-04 07:50:57",393.0,2,thosehow
7738,16716488,"Will Henderson290","2026-08-14 13:27:25",392.9,1,willhenderson290
7739,16721615,"Dai Dai","2026-09-08 07:59:14",392.9,2,jumpingdaidai
7740,16759225,"Andrea Jordan Paro","2026-08-24 11:24:14",392.7,2,andreajordanparo
7741,16658882,"toukali samir","2026-08-07 13:43:05",392.5,2,toukalisamir
7742,16783870,郭一贤,"2026-08-29 07:22:41",392.4,2,guoyixian2
7743,16839419,"Gunratna borkar","2026-09-05 23:32:33",392.4,2,gunratnaborkar
7744,16906238,Naaz,"2026-09-17 06:33:26",392.4,2,naaz03
7745,16641330,"Takuya Yoshimi","2026-08-04 05:16:22",392.3,2,tkyysm
7746,16821967,"Nakul Maurya","2026-09-17 15:44:33",392.3,2,nakulmaurya
7747,16668268,"Kunal Rout","2026-08-06 05:48:25",392.3,2,charlotte26
7748,16849620,rgbweston,"2026-09-07 18:00:17",392.2,1,rgbweston
7749,16758192,"Dev Monk","2026-08-29 14:03:22",392.1,2,devmonk63
7750,16661633,"Joseph Garcia","2026-08-19 16:28:08",392.1,2,josephpgar
7751,16726569,"Andrey Balvaneda","2026-08-17 20:59:45",391.8,2,andreybalvaneda
7752,16892509,"Konko M","2026-09-14 18:52:34",391.2,2,konkomaji
7753,16735307,"Ayush Dhabsa_real","2026-09-10 09:13:50",391.1,1,ayushdhabsareal
7754,16664401,"Pranav Premchand","2026-08-05 03:07:24",391.0,1,pranavpremchand
7755,16689970,"Константин Паращук","2026-08-08 09:15:08",390.8,1,kangchenxi
7756,16750743,"Nagimov Timur","2026-08-20 21:10:30",390.7,2,nagimovtimur
7757,16747683,"Jianyu Lin","2026-08-27 13:05:05",390.3,1,jianyulin1999
7758,16669229,"Kayvan Sinha","2026-08-11 15:23:35",390.2,2,kayvansinha
7759,16706257,dlv,"2026-08-13 11:11:14",390.1,2,ducott1
7760,16658512,fatariq,"2026-08-10 21:18:35",390.0,2,fatariq
7761,16673310,dffzno1,"2026-08-14 01:44:55",389.9,2,joyzip
7762,16666958,TinkerBotics,"2026-08-05 20:29:19",389.6,2,salosojaedwin
7763,16773370,"Nishant #1","2026-08-26 06:11:42",389.2,1,nishanttomar110
7764,16625770,"Đức Trung Trần","2026-08-24 11:01:33",389.2,2,ctrungtrn
7765,16663674,"Mason Mahar","2026-08-30 04:00:17",389.0,2,masonmahar
7766,16664617,BarkeviousBingo,"2026-08-19 04:34:59",388.9,2,barkeviousbingo
7767,16655689,花朝,"2026-08-05 04:10:02",388.9,2,xhxyyds
7768,16638938,Light&Thunder,"2026-08-09 06:39:19",388.7,2,yerne39
7769,16867865,"ADITYA RAJ","2026-09-13 08:16:10",388.6,2,adityaraj2026yp
7770,16705401,"Nguyen Hong","2026-09-17 14:02:51",388.6,2,nguyenhongbubu
7771,16890029,"Siqing Jing","2026-09-15 02:53:04",388.6,2,siqingjing
7772,16790076,Jessewudao,"2026-09-04 16:54:58",388.4,1,"jessewudao,zongruixie"
7773,16660929,ttkk,"2026-08-12 16:39:58",388.2,1,optimavia
7774,16716670,"Aremanda Yasaswini","2026-08-13 09:27:46",388.2,1,aremandayasaswini
7775,16757017,"William Green","2026-09-05 01:33:23",388.2,1,dskswu
7776,16729708,msmsuman,"2026-09-06 11:11:45",388.1,2,msmsumanmuskan
7777,16705300,T3485D5T,"2026-09-03 08:20:18",388.1,2,"danijelbilalli,t3485d5t"
7778,16666257,"Shijian Wen","2026-08-06 09:40:44",388.1,2,shijianwen
7779,16894517,kuchinwei,"2026-09-17 14:52:52",388.0,2,kuchinwei
7780,16730060,"Enzo Pio","2026-08-21 16:44:03",387.8,2,enzopio
7781,16784379,超级陆战队,"2026-08-29 14:43:33",387.6,2,luyi61227
7782,16677804,"Pravin Takpire","2026-08-11 08:17:51",387.6,2,pravintakpire
7783,16882081,Aabualella,"2026-09-13 00:58:37",387.6,1,aabualella
7784,16723569,"Trishanth Mellimi","2026-08-15 07:09:55",387.6,2,trishanthmellimi
7785,16747544,OliverYip,"2026-08-25 06:01:07",387.5,2,oliveryip
7786,16709179,"SATENDRA SINGH","2026-09-17 03:39:22",387.2,2,satendrasingh9876
7787,16710244,Bytemindd,"2026-08-26 10:20:45",387.2,2,"daisy023,sruthikanv,thasneemj,uthayanandhini,vajraparameswari"
7788,16662267,"Fahim Montasir","2026-08-10 16:15:10",387.2,2,fahimmontasir
7789,16828390,Yuhuping,"2026-09-04 11:22:14",387.1,1,yuhuping
7790,16808646,"Yimeng Wang","2026-09-08 06:33:38",387.1,2,yimengwang0814
7791,16717797,"patan hashmi","2026-08-13 15:02:52",387.0,1,patanhashmi
7792,16658367,"Prachii Sonii","2026-08-31 17:28:45",386.8,2,prachiisonii
7793,16732355,"Nagesh gite","2026-09-06 07:44:05",386.7,2,"kuberb,nageshgite,vasugupta1121"
7794,16696384,Sisu16,"2026-08-13 20:13:27",386.7,2,sisu16
7795,16670565,"Grant Biellak","2026-08-05 22:52:01",386.7,2,grantbiellak
7796,16725177,misaka12435,"2026-09-17 23:17:35",386.7,2,misaka12435
7797,16654258,"Ashray Bagde","2026-08-13 08:13:00",386.5,2,ashrayaaaaa
7798,16710241,"Julien Serbanescu","2026-08-12 14:32:50",386.4,2,julienserbanescu
7799,16622097,"Garrick C.P.","2026-08-10 18:12:06",386.4,2,garrickchinnis
7800,16661095,"AAYUSHMAAN PATEL","2026-08-09 08:16:53",386.3,2,aayushmaanpatel
7801,16670257,RonitKhanna333,"2026-08-12 12:22:11",386.2,2,ronitkhanna333
7802,16706516,"Mohit Khade13","2026-08-26 16:03:22",386.2,2,mohitkhade13
7803,16794088,"Felipe Colombarolli","2026-08-31 00:46:32",386.1,2,felipecolombarolli
7804,16779769,"Pravin jeyavel","2026-09-14 05:39:48",386.0,2,pravinjeyavel
7805,16695479,Anandhasabesan,"2026-08-09 13:50:37",386.0,1,anandhasabesan
7806,16682869,"Sepideh Rahmati","2026-09-14 09:43:57",385.9,2,sepidehrahmati
7807,16733007,"Not Found","2026-08-17 16:32:16",385.9,4,"ammarkhan05,zainabirfanansari"
7808,16658286,"Jatin Gujarathi","2026-09-03 08:43:39",385.6,2,jatingujarathi
7809,16655737,Dharshini,"2026-08-08 15:00:05",385.6,2,dharshini1812
7810,16665959,"Lourenz Baliber","2026-08-18 00:34:06",385.3,1,lourenz
7811,16770085,AllenCheng329,"2026-08-25 10:05:43",385.2,1,allencheng329
7812,16791546,fatimakhlid,"2026-09-10 21:00:33",385.1,2,fatimakhlid
7813,16665449,AgroVisionAI,"2026-08-11 19:52:49",385.0,2,"aishwaryvarshney,bhuppisharma,kirtisharmaphd,pragyasingh59,priyasingh0590"
7814,16669218,"Shaik Sabiya","2026-08-12 09:15:22",384.9,2,shaiksabiya55
7815,16912864,zhzhang,"2026-09-18 07:55:45",384.7,2,lililizh11
7816,16728897,kaba777,"2026-09-14 14:43:55",384.6,2,kaba777
7817,16641665,huangjunjia,"2026-08-04 14:12:26",384.6,2,huangjunjia777
7818,16637762,"Greek olive oil","2026-08-09 19:56:48",384.2,2,alexanderchar
7819,16676726,"Manaswi Bansal","2026-08-16 06:28:05",384.1,2,manaswibansal
7820,16794871,IMosia,"2026-09-14 04:49:49",383.8,2,ivanmosiagin
7821,16658227,Gugu888,"2026-08-14 04:27:57",383.8,2,gugu888
7822,16692825,"Saad Arain","2026-08-09 12:27:08",383.7,2,saad451
7823,16755264,wsdsby,"2026-08-21 15:16:42",383.7,2,wsdsby
7824,16661331,"John Wessel","2026-09-18 18:37:14",383.6,2,johnwessel
7825,16785676,Bilal11122,"2026-08-29 08:15:46",383.5,1,bilal11122
7826,16729351,vlad.shorodok,"2026-08-16 18:05:09",383.4,2,vladshorodok
7827,16745497,"Handsome Heretic","2026-08-21 19:14:30",383.2,2,handsomeheretic
7828,16668141,"Soichiro Mochizuki","2026-08-07 22:13:36",383.1,2,soichiromochizuki
7829,16667177,"Raunak Phull","2026-08-10 11:14:44",383.0,2,raunakphull4
7830,16671714,"Donnell Layne","2026-08-07 15:40:35",383.0,2,jupiter1127
7831,16730589,山谷知輝,"2026-09-02 02:03:05",382.8,2,tomokiyamaya
7832,16722122,Abhas20,"2026-08-19 10:02:51",382.5,2,abhas20
7833,16658116,Emmy,"2026-09-17 11:55:21",382.3,2,emmyone
7834,16848262,Philedo,"2026-09-12 14:33:59",382.2,2,philedo
7835,16634720,Thiyo,"2026-08-18 11:51:04",382.1,2,thimirajayasekara
7836,16634352,"sovit karki","2026-08-12 17:21:13",382.0,2,sovitkarki
7837,16771187,FernandoRB,"2026-08-26 15:53:49",382.0,2,fernandorb
7838,16658219,"Deepesh Pankaj","2026-08-15 05:58:07",381.8,2,deepeshpankaj
7839,16891781,"mohamed saafan","2026-09-14 14:54:04",381.8,2,mohamedsaafan
7840,16888733,"Sébastien Callegari","2026-09-14 03:49:42",381.7,1,sbastiencallegari
7841,16916938,MC1127,"2026-09-18 18:00:21",381.7,1,mc1127
7842,16716585,"tejaswini kakollu","2026-08-13 09:12:37",381.6,1,tejaswinikakollu
7843,16655555,Bharath2411,"2026-09-03 07:14:26",381.5,2,bharath2411
7844,16661276,Middle,"2026-09-14 04:43:00",381.4,2,aydagul
7845,16690029,Nitesh_Prajapati2569,"2026-09-15 07:04:17",381.4,2,niteshprajapati2569
7846,16845314,ryvhii,"2026-09-17 01:27:37",381.4,2,ryvhii
7847,16661476,slowpoke,"2026-08-29 16:33:07",381.0,2,banboyechristains
7848,16891519,SongShijieCC305,"2026-09-14 16:03:59",380.9,2,songshijiecc305
7849,16867501,aueurm,"2026-09-11 05:07:13",380.8,2,aueurm
7850,16794153,"harshita harshita","2026-08-31 17:47:11",380.6,2,harshitaharshitaaaa
7851,16660318,"Aiman Al-Shalfi","2026-09-14 12:39:08",380.6,2,aimanalshalfi
7852,16675093,"Nikhil Srivastava","2026-08-15 08:47:12",380.5,2,nikhilsrivastavark
7853,16668523,Bumblerrr,"2026-08-06 19:46:02",380.4,2,bumblerrr
7854,16793944,"Grupo 808","2026-08-30 22:36:59",380.3,1,grupo808
7855,16779823,"Jean Dem","2026-08-31 12:38:41",380.3,2,jeandem
7856,16685164,cleanledger,"2026-08-07 13:38:23",380.3,2,cleanledger
7857,16906688,"Qiao Ruicheng","2026-09-17 11:47:47",380.3,2,qiaoruicheng
7858,16782192,"Marcelo Correa","2026-09-18 10:26:15",380.2,2,mvcorrea
7859,16733318,"Anuj Bolewar","2026-08-18 11:11:01",380.2,2,anujbolewar
7860,16660489,"Luca Lullo","2026-08-05 20:21:38",380.0,2,lucalullo
7861,16715416,"Md. Adnan","2026-09-17 11:15:00",379.9,2,mdadnan96
7862,16799743,"Luc Tellier","2026-09-05 08:31:17",379.8,1,luctellier
7863,16759115,chabinhwang,"2026-08-22 14:33:59",379.7,1,chabinhwang
7864,16628404,theken,"2026-08-09 12:19:19",379.7,2,theken
7865,16675324,"Attempt Seven","2026-08-10 10:13:50",379.5,2,attemptseven
7866,16752444,zama,"2026-08-25 04:31:12",379.4,2,zamami
7867,16668431,"Harshpreet Singh #2","2026-08-06 01:06:28",379.4,1,harshpreetsingh45
7868,16662197,"Zehra Basaral","2026-08-07 10:42:57",379.3,2,zehrabaaral
7869,16691753,"Jan Moilanen","2026-08-09 12:02:17",379.2,2,janmoilanen
7870,16671512,"Darren Grendi","2026-08-10 00:38:51",378.7,1,darrengrendi
7871,16677761,"Rithuraj Nambiar","2026-08-06 18:11:41",378.7,2,rithurajnambiar
7872,16630772,"Mitsuhiro Iizuka","2026-08-04 10:31:00",378.6,2,mitsuhiroiizuka
7873,16681188,"Tresor Mufalme.","2026-08-08 09:29:05",378.4,2,tresormufalme
7874,16794285,Penelope.pnlp,"2026-09-01 15:38:43",378.3,2,penelopepnlp
7875,16659247,cindrella_18,"2026-09-18 12:00:03",378.3,2,"ankithraj30,neharaj1518"
7876,16890222,"Borisov Emilian","2026-09-18 05:14:34",378.2,2,emili123
7877,16638383,"Yunus Emre Sarıduman","2026-08-12 12:57:08",378.2,2,emresariduman
7878,16658960,"Amit Kumar","2026-08-06 05:44:30",378.2,2,anmitkumar
7879,16848598,"Work 3","2026-09-12 09:26:57",378.1,2,nanisriram
7880,16668159,ABDELGHANY,"2026-08-12 11:04:36",378.1,2,abdelghanyrageh
7881,16625418,"Hariprasanth Paranjothy","2026-08-01 05:52:19",378.0,2,hariprasanth8
7882,16882682,"BALQEES GHWANMEH","2026-09-18 14:34:35",377.9,2,balqeesghwanmeh
7883,16663990,"OURNO PAPA SALIF","2026-08-07 23:18:43",377.7,2,belfiremine
7884,16758663,"Light In","2026-08-22 19:18:51",377.7,2,lightin45
7885,16704985,"Ethan Marchisano","2026-08-24 21:36:54",377.5,2,ethanmarchisano
7886,16656190,"Akshaj Shandilya","2026-08-06 03:14:36",377.4,2,akshajshandilya
7887,16779805,"Ákos Blaschek","2026-09-01 17:21:44",377.3,2,kosblaschek
7888,16685207,"Koushik Thummu","2026-08-07 18:15:47",377.3,2,koushikthummu
7889,16640901,"Kian Maghsoodi","2026-08-20 23:01:51",376.8,2,kizmodo
7890,16738335,"Xuzhou Dong","2026-08-20 14:39:16",376.7,2,xuzhoudong
7891,16769491,"Ivan Ternovskiy","2026-09-07 08:44:15",376.7,2,aristophanivan
7892,16876167,"kjl jkl","2026-09-17 15:51:01",376.4,2,kjljkl
7893,16662577,"Shreyash Suryawanshi","2026-09-02 19:42:31",376.3,2,shreyashsuryawanshi
7894,16719869,"Swamy Gadila","2026-09-15 04:28:29",376.3,1,testfridaycore2
7895,16628521,arai9953,"2026-08-24 22:46:57",376.2,2,arai9953
7896,16696419,detectivseb,"2026-08-12 10:34:45",376.1,2,detectivseb
7897,16634219,"Michael J Hammel","2026-08-01 11:37:10",376.0,2,michaeljhammel
7898,16662791,"Shiva Neshan yuva","2026-08-15 18:39:16",376.0,2,shivaneshanyuva
7899,16831875,"Hamza Mughrabi","2026-09-06 19:10:53",376.0,2,hamzamughrabi
7900,16660980,"João Marcelo Curi","2026-08-05 18:31:19",375.9,2,joomarcelocuri
7901,16654947,"Ömer Hüseynov","2026-08-08 22:06:03",375.7,2,omarhuseynov
7902,16831106,asd1984,"2026-09-05 17:40:01",375.6,2,asd1984
7903,16777871,嵇禄lugent,"2026-09-01 00:00:35",375.1,2,lugent
7904,16685625,"silvan ion","2026-08-08 13:05:39",375.0,2,john1one
7905,16705696,"TS Farmer","2026-08-13 11:22:09",374.8,2,"shivangkainth,tusharsekhri27"
7906,16668592,"Ashutosh jatav","2026-08-09 13:34:45",374.8,2,ghost1412
7907,16757338,Dewakaran,"2026-08-22 05:34:35",374.7,1,dewakaran
7908,16664671,Acteus,"2026-08-06 00:01:12",374.6,2,acteus
7909,16763938,"joel paul","2026-08-26 02:05:07",374.6,2,joelpaulf
7910,16670724,"Neel Patel","2026-08-14 19:33:43",374.4,2,n33lpat3l
7911,16629476,NOOBS,"2026-08-09 19:58:48",374.0,2,"patelkrishna8,sakshamranawade,shravanideshpande25"
7912,16761784,"Ghaith Kammoun","2026-08-24 21:19:54",374.0,2,ghaithkammoun
7913,16734894,"MP Gamimg","2026-08-26 14:47:08",373.9,2,okadahiroshi
7914,16641606,"Tanisha Sahu","2026-08-02 14:39:27",373.8,2,tanisha3
7915,16654808,Vishwajeet-maker,"2026-08-17 21:17:02",373.7,1,vishwajeetmaker
7916,16691027,"Jelle Maas","2026-08-08 14:58:19",373.5,2,jellemaas
7917,16673167,Karam96,"2026-08-08 11:40:36",373.5,2,karam96
7918,16668286,"Sabari V","2026-08-15 14:38:41",373.5,2,sabari112005
7919,16668479,"Muneera Mahjabeen","2026-09-15 03:45:05",373.5,2,muneeramahjabeen
7920,16722757,"Sebastian Adamatzky","2026-08-14 19:10:23",373.3,2,sebastianadamatzky
7921,16657438,"Udit Aggarwal1","2026-08-08 19:09:27",373.3,2,uditaggarwal1
7922,16654758,f--n,"2026-09-06 13:37:43",372.9,1,a17442473
7923,16677747,"Yuvraj Bhatt","2026-08-10 08:38:11",372.8,2,bhattyuvraj22
7924,16668271,"Shashank Raj","2026-08-06 14:27:00",372.8,2,ssr6156
7925,16755029,"Jashan Bajwa","2026-08-22 12:56:30",372.8,2,jashanbajwa
7926,16658519,"David kinyanjui","2026-08-31 07:10:00",372.6,2,davidkinyanjui
7927,16665400,FieldOps,"2026-08-10 16:16:03",372.4,2,sycpr1me
7928,16735593,"timur tytrin","2026-08-18 07:37:46",372.2,2,timurtiutrin
7929,16770270,"salthiel nishimwe","2026-08-25 10:45:23",372.2,2,salthielnishimwe
7930,16710417,"Aryant Jadhav","2026-08-15 18:57:18",372.1,2,aryantjadhav
7931,16803129,hdttnk,"2026-09-02 14:13:00",371.9,2,hdttnk
7932,16771216,"Hugo Ponce","2026-08-25 17:54:30",371.4,2,hugoskn
7933,16778127,Nimmokumar,"2026-09-11 13:37:45",371.4,1,nimmokumar
7934,16717447,zhiyue666,"2026-09-10 09:01:07",371.4,2,zhiyue666
7935,16690077,"GOMATHI PRIYA","2026-08-13 06:38:45",371.3,2,gomathipriyaraj22
7936,16721948,ziszim,"2026-08-26 14:38:30",371.2,2,ziszim
7937,16870467,wentingyun,"2026-09-11 10:21:01",371.1,1,wentingyun
7938,16844410,ナポレオン,"2026-09-07 15:46:40",371.1,2,naporeondesu
7939,16638343,"Phong Khoi","2026-08-04 12:20:52",371.0,2,phongkhoi
7940,16656932,"Thivvin Raj","2026-08-13 03:53:35",370.8,2,thivvinraj
7941,16654213,"Hojin Jang","2026-08-20 09:59:20",370.6,2,hojinjang
7942,16773858,"Kundan Kumar","2026-09-12 08:08:12",370.6,2,edkundan
7943,16666275,HeatS33ker,"2026-08-15 14:37:36",370.2,2,byronokou
7944,16652230,BorisSpider,"2026-08-13 11:34:46",370.0,2,borisspider
7945,16657687,"Siddardha Shayini","2026-09-15 12:52:57",369.9,2,siddardhashayini3
7946,16795163,"Nguyễn Đỉnh","2026-09-14 05:05:43",369.8,2,nguyendinh1507
7947,16880664,"Nodir Xamdamov","2026-09-15 10:37:08",369.8,2,nodirxamdamov
7948,16633475,betagammashtrit,"2026-08-29 16:24:03",369.7,2,betagammashtrit
7949,16685649,YUYUTA,"2026-08-09 05:39:50",369.7,2,yuyuta
7950,16661390,"Raúl García Gómez","2026-08-04 17:04:39",369.7,2,corso138
7951,16668673,"kyran sinha","2026-08-14 14:21:34",369.6,2,kyransinha
7952,16763255,"I P Tharun Gowda","2026-09-16 17:24:11",369.6,2,iptharungowda
7953,16668091,Solidscripts.io,"2026-08-23 23:41:23",369.5,2,juancamera1
7954,16731108,"Vipparla Nandini","2026-08-17 06:29:48",369.4,1,vipparlanandini
7955,16662854,"NISCHAY SANJAY JIWANKAR 23115098","2026-08-13 05:38:18",369.1,2,nischay2908
7956,16716594,"U Anand Williams","2026-08-13 09:19:09",369.0,1,uanandwilliams
7957,16770758,"Maor talker","2026-08-26 20:18:59",368.7,2,maortalker20
7958,16735966,kyone,"2026-08-18 08:09:32",368.6,1,xtraky
7959,16683087,qiuchenglong,"2026-08-07 09:25:48",368.6,2,qiuchenglong
7960,16716322,zhaimh,"2026-08-14 02:43:21",368.6,2,zhaimh
7961,16780268,"SAI ESHWAR S","2026-08-29 06:26:11",368.3,1,saieshwars
7962,16709519,"p pxl16","2026-08-19 09:49:35",368.1,2,ppxl16
7963,16879578,"kabir Merakeb","2026-09-15 01:01:53",368.0,2,kmerakeb
7964,16673825,h_jun,"2026-08-10 06:21:12",367.7,1,lhjoon77
7965,16688381,"Teresa Fitzgerald","2026-09-13 21:02:07",367.7,2,teresafitzgerald
7966,16696439,VaraPrabha,"2026-08-10 04:36:00",367.7,2,galiveetipoornima
7967,16630007,"Yuankun Liu","2026-07-31 15:48:13",367.4,2,lyk1652
7968,16714166,"Naman Malik","2026-09-12 00:06:39",367.0,2,"adenijielijah,anapau11,marydata,namanmalik81714"
7969,16702742,"Kavyanshu Singh","2026-08-11 10:47:02",367.0,2,kavyanshusingh
7970,16723273,"Bradley ZODOME","2026-08-19 07:06:18",366.8,2,bradleyzodome
7971,16919106,Jocelyn--JY03,"2026-09-18 09:35:12",366.5,2,jocelynjy03
7972,16862308,"Furkan CAT","2026-09-10 15:07:24",366.5,2,furkancat
7973,16693147,"Oliver Curtis1","2026-08-09 14:51:57",366.4,2,olivercurtis1
7974,16677950,"Rounak Laddha","2026-08-15 01:47:41",366.3,1,rounakladdha
7975,16735751,"Hasan Taşkın","2026-08-24 19:36:02",366.3,2,hasantaskin
7976,16656860,SamReiswig,"2026-09-02 04:04:09",366.2,1,sreiswig
7977,16684677,"Sean Southwick","2026-08-27 14:45:32",366.0,2,seansouthwick
7978,16905792,"Omar Tarek Fahmy","2026-09-16 10:59:04",365.8,1,omartarekfahmy
7979,16696800,"VEER GOMA","2026-08-14 15:42:47",365.8,2,novaxoxo
7980,16883375,"Sam Robin Singh E","2026-09-14 22:42:51",365.6,2,samrobinsinghe
7981,16690947,"Veiled Star","2026-08-10 13:36:49",365.6,2,veiledstar
7982,16739447,"Jacob Stambaugh","2026-08-19 17:53:29",365.6,2,jacobstambaugh
7983,16786280,Shambhavi21,"2026-09-06 17:20:56",365.5,2,shambhavi21
7984,16658011,"Arooba Hanif","2026-08-05 07:24:53",365.4,2,aroobahanif
7985,16639624,"Nishanth Rajan","2026-08-02 03:25:35",365.3,2,nishanthrajandev
7986,16688364,"Om Raval08","2026-08-21 02:57:23",365.2,2,omraval08
7987,16668340,"Sibi Vishnu","2026-08-08 10:35:33",365.2,2,sibivi
7988,16666590,"Hoàng Anh Tú","2026-08-12 23:59:58",364.6,2,anhtu9999
7989,16695592,"André Luiz Pedroso","2026-08-09 11:59:19",364.5,1,andreluizpedroso
7990,16629742,yun,"2026-08-15 09:10:21",364.3,2,yuyumarupython
7991,16656919,Sumaiya,"2026-09-09 18:09:44",364.2,2,ayeshasummaiyya
7992,16762021,Dhananjai1729,"2026-09-14 06:13:33",364.2,2,dhananjai1729
7993,16711383,"Monika Kocianova","2026-08-14 11:01:11",364.2,2,monikakocianova
7994,16643278,"Giovani Moresco","2026-08-06 05:30:45",364.1,2,giovanimoresco
7995,16681397,"Vishal Dubey","2026-08-11 08:51:13",363.7,2,visha1dubey
7996,16728881,Ch.Manvita,"2026-08-16 16:33:52",363.7,2,chmanvita
7997,16757236,"Erlanda Miko P","2026-08-23 07:02:01",363.6,2,snneva
7998,16667105,"Vikram Tiwari","2026-08-10 11:12:26",363.4,2,vikramtiwari
7999,16692710,"Baran Haydar","2026-08-12 06:56:50",363.3,2,baranhaydar
8000,16876354,A_Mose,"2026-09-12 08:57:15",363.2,2,mmameh
8001,16717522,kyunyoung,"2026-08-14 07:16:00",363.2,2,kyunyoung
8002,16657056,"Jacob Ross Piedad","2026-08-06 12:15:14",363.2,1,jacobrosspiedad
8003,16655257,"Afia Animah Fosu","2026-08-04 18:21:50",363.1,2,afiaanimahfosu
8004,16641140,NITISH_GOYAL1,"2026-08-27 06:42:29",362.9,2,nitishgoyal1
8005,16866482,"Sunday Ibidapo","2026-09-10 21:46:49",362.7,1,sundayibidapo
8006,16715988,"Hsyn Kskn","2026-09-03 12:08:15",362.6,2,hsynkskn
8007,16653105,James,"2026-08-17 16:52:18",362.6,2,jamesquirk
8008,16659312,qwertyDmitry,"2026-08-05 13:44:24",362.5,2,qwertydmitry
8009,16701060,"Paula Jimenez","2026-08-22 16:18:37",362.4,2,paulajimenez
8010,16669176,"Karakam Sridevi","2026-08-11 07:44:48",362.4,2,karakamsridevi
8011,16652422,Kite,"2026-08-17 16:26:55",362.3,1,kiteyinlong
8012,16841549,"Ayush Kumar #4","2026-09-06 03:30:02",362.3,2,akyushumar
8013,16796468,suin7328,"2026-09-05 02:05:08",362.2,2,suin7328
8014,16740197,Winssk,"2026-08-27 01:55:06",362.1,2,winssk
8015,16732873,"Yash Rana","2026-08-18 04:57:04",362.1,2,yashrana24
8016,16735393,Dai_Research,"2026-08-18 10:40:17",361.9,2,dairesearch
8017,16654330,"Perumalla Pujitha","2026-08-12 18:09:24",361.7,2,perumallapoojitha
8018,16668012,"Aleksander Iżemski","2026-08-05 20:52:54",361.4,2,aizemski
8019,16628409,"yann sadowski","2026-07-31 09:39:25",361.3,1,yannsadowski
8020,16689718,HumsAuraTech,"2026-08-21 17:11:42",361.3,2,humaima03
8021,16855459,"Shune Lae lae Khaing","2026-09-11 17:55:19",361.3,2,shunfloryn
8022,16730191,rRTZZZ,"2026-08-17 02:43:14",361.3,2,rrtzzz
8023,16777515,Abhimanyu21,"2026-08-27 13:33:38",360.9,2,abhimanyu21
8024,16716497,xpxg,"2026-08-16 17:04:22",360.7,2,deepxchat
8025,16657883,jps,"2026-08-06 08:36:04",360.7,2,jahaziel
8026,16745485,"Thamires dos Santos ","2026-09-16 01:24:54",360.5,2,thasantos
8027,16683400,"wo zhe yi sheng ru lu bo bing","2026-08-10 16:53:48",360.3,2,"ivanlo103,panckck,waijai"
8028,16653001,"Alexey Kuleshov","2026-08-04 12:07:51",360.1,2,alexkulll
8029,16671519,"Mandhati Sai ganesh","2026-08-06 06:36:45",360.0,2,mandhatisaiganesh
8030,16894000,"Vivek Silimkhan","2026-09-15 11:11:29",359.8,2,viveksilimkhan
8031,16718662,Safin,"2026-08-22 17:50:27",359.8,2,safinlynx
8032,16732936,"Kateryna Dudko","2026-08-25 12:15:40",359.7,2,dudkiina
8033,16625011,"Heng Yu","2026-08-18 06:30:56",359.7,1,megalobox1
8034,16661002,"Eliyas sk","2026-09-02 12:32:51",359.5,2,eliyassk
8035,16679392,Dickie,"2026-08-09 09:05:10",359.5,2,dickieho
8036,16682342,"Jebez Oswald","2026-08-10 05:38:15",359.1,2,jebezoswald
8037,16656732,"Shivam Kashyap","2026-08-04 05:28:03",359.0,1,shiyan0090
8038,16658817,"Andrew Glez","2026-08-04 12:10:17",359.0,1,andgos
8039,16721529,"Danny De Bree","2026-08-20 09:46:36",358.9,1,dannydebree
8040,16661157,Shenlai,"2026-09-17 14:02:50",358.9,2,shenlai
8041,16876529,"Νικόλαος Μπριάκος","2026-09-17 09:06:24",358.8,2,bnikos
8042,16687699,jegazhu,"2026-08-13 22:25:15",358.8,2,jegazhu
8043,16778526,starkhushi,"2026-08-27 07:01:28",358.5,2,starkhushi
8044,16659394,"יוסף בש","2026-08-09 15:11:23",358.5,2,josiii123212
8045,16726381,"Adriana Redondo","2026-08-15 19:39:41",358.4,1,adrianaredondo
8046,16646644,BeyondBirthday,"2026-08-09 06:39:01",358.3,2,near07
8047,16682108,"Shadow Monarch","2026-08-17 06:45:10",358.2,2,avinashk01
8048,16700360,"Thanush Soma","2026-08-10 09:49:02",358.0,2,thanushsoma
8049,16659260,hitesh,"2026-08-05 19:29:28",357.8,2,shahhs
8050,16680015,"Khôi Trương","2026-08-10 01:11:55",357.7,1,kiykhoi
8051,16677470,"Saish Walavalkar02","2026-08-09 12:44:51",357.3,2,"harichaudhari1,kaiserjayin,meetramjiyani,nirbhaygajabi30,saishwalavalkar02"
8052,16666218,"sugan Chandrasekar","2026-08-16 11:02:09",357.0,2,suganchandrasekar
8053,16632620,"[Deleted] d9d74cbb-c76e-4fbb-a4bf-35e25b48627d","2026-08-08 16:00:16",356.8,2,del=c21e6a8a03ad3b3c
8054,16831170,"None #2","2026-09-05 04:16:51",356.7,2,mdmorshalinemojumder
8055,16656135,"JAYASURYA R","2026-08-05 15:43:01",356.3,2,suryar261
8056,16710564,"Clarice Harijanto","2026-08-14 04:28:13",355.3,2,clariceting
8057,16622809,"German Vdovin","2026-08-03 00:38:01",355.2,2,ertrerhtytmnbdsefdw
8058,16716649,"Meghana Busse","2026-08-13 09:33:08",355.1,1,meghanabusse
8059,16747403,"Kanchan Chavan","2026-09-12 17:46:56",355.0,2,momovedant
8060,16912574,好运连连,"2026-09-18 15:08:14",354.9,2,"jiangxinyuan616,xiaoranx"
8061,16739702,"Vasantha Kumar552","2026-08-19 07:22:10",354.8,2,vasanthakumar552
8062,16660397,Divyansh82Raj,"2026-08-04 15:01:28",354.6,2,divyansh82raj
8063,16794431,"Yash Apps","2026-09-08 04:12:52",354.5,2,yashwanthgajji
8064,16690775,"Prasanna Raut","2026-08-08 20:41:38",354.3,2,prasannaraut
8065,16624235,appu2431,"2026-08-11 15:56:41",354.0,2,appu2431
8066,16792188,anisotropies,"2026-09-12 05:25:04",353.9,2,achan31
8067,16654788,bumbum,"2026-08-14 12:59:51",353.7,2,krzysztoff1
8068,16655919,"Tạ Minh Lễ","2026-08-04 06:46:45",353.6,2,tminhl
8069,16896549,"Nived P A","2026-09-15 16:39:35",353.1,2,nivedpa
8070,16711573,"Sushmitha Vasantha","2026-08-13 09:08:29",353.0,1,sushmithavasantha
8071,16657142,"Vishisht Gupta","2026-08-16 16:16:54",353.0,2,vishishtgupta
8072,16674725,"rajan jha","2026-08-13 12:05:42",352.9,2,rajan1673
8073,16668696,Fabian,"2026-09-03 15:52:06",352.8,1,fabiantoh98
8074,16665460,"Shubham kumar jha","2026-08-23 07:36:36",352.7,2,shubhamjhakr
8075,16676416,"Abhishek Mishra","2026-08-10 10:09:30",352.7,2,abhishekmishra23
8076,16652805,"Rodrigo Batista da Silva","2026-08-13 13:35:19",352.6,2,eurodrigobatista
8077,16666997,"Krishnamurthy Venkatasubramanian","2026-08-05 15:09:46",352.5,2,krishnamurthyvenkat
8078,16661891,BALLEN1337,"2026-08-04 19:22:30",352.5,2,ballen1337
8079,16896207,"Bùi Cao Trí","2026-09-15 16:17:43",352.5,1,bicaotr
8080,16624102,Khadersha.sk,"2026-08-03 02:45:03",352.1,2,khadershask
8081,16655250,"Juan Pablo Ponce","2026-08-08 03:34:18",352.1,2,juanpabloponce28
8082,16762424,AuroraXXiiaa,"2026-09-10 15:57:10",352.0,2,auroraxxiiaa
8083,16752067,neuroxaker,"2026-08-22 14:50:32",351.9,2,neuroxaker
8084,16624029,"Miguel Angel Rodriguez Fonseca","2026-08-07 03:55:38",351.8,2,miguelangelrodriguez
8085,16783322,kentaro,"2026-08-29 03:55:45",351.7,2,kentarokujo
8086,16670988,"Pavle Skoric","2026-08-21 21:34:32",351.4,1,pavleskoric
8087,16659688,Daniel,"2026-08-05 12:21:37",351.4,2,danielyazgi
8088,16672168,"Justin Rutkowski","2026-09-13 08:13:41",351.2,2,justinrutkowski
8089,16769110,tianlululing,"2026-08-26 13:09:45",351.0,2,tianlululing
8090,16655652,Emergence,"2026-08-10 03:21:04",351.0,2,daylighth
8091,16656480,"Dip Biswas","2026-08-07 04:35:56",350.8,2,dipjacobiswas
8092,16657658,"Esther Usman","2026-08-25 23:45:50",350.8,2,estherusman
8093,16801437,"Koh Saito","2026-09-05 06:01:20",350.7,1,kohsaito
8094,16659410,TTH,"2026-08-07 08:21:16",350.5,2,tthungdz
8095,16723047,"Matheus Finger","2026-09-11 19:15:11",350.4,2,matheusfinger
8096,16738563,"Amrutha H","2026-09-16 13:19:31",350.1,2,amr13utha
8097,16909521,"Rabs Cats","2026-09-17 02:10:02",349.9,1,rabscats
8098,16870360,"Tedi Septiana","2026-09-14 06:57:54",349.8,2,tediseptiana
8099,16844246,"CS Abhinay","2026-09-17 08:56:32",349.6,2,csabhinay
8100,16649794,"Wanzhu Zhao","2026-08-04 13:04:05",349.6,2,wanzhuzhaora
8101,16692906,CodeZee,"2026-08-09 19:50:49",349.5,2,codewithzaeem
8102,16697694,"Adithya Thiruvalluvan","2026-08-29 17:28:42",349.4,1,forestfire7
8103,16662874,"Dev Shah","2026-08-08 01:52:52",349.3,2,imdevshah11
8104,16692427,"Infy ","2026-08-09 20:48:09",348.8,2,infydes
8105,16785821,"Naresh Meena","2026-08-28 21:24:31",348.7,1,nareshmeena12
8106,16709754,"Simon Preuss","2026-08-12 16:39:55",348.7,2,simonpreuss01
8107,16691667,jeremyllll,"2026-08-12 03:30:26",348.6,2,jeremyllll
8108,16714418,AdriMonFer,"2026-09-01 12:15:21",348.6,2,adrimonfer
8109,16674394,"Ishant Mittal","2026-08-08 09:24:57",348.4,2,ishantmittal95
8110,16635130,Pongsaky,"2026-08-01 12:56:02",348.3,2,gantanch
8111,16758426,"Attique Ansari","2026-08-22 11:50:42",348.1,2,attiqueansari
8112,16810051,Reddi_twelve,"2026-09-03 23:26:30",347.7,1,redditwelve
8113,16668471,Broomva,"2026-08-05 14:57:35",347.7,1,broomva
8114,16851029,john01234,"2026-09-08 04:57:12",347.5,2,john01234
8115,16660246,taqnik,"2026-08-08 11:54:39",347.2,2,taqnik
8116,16661191,"Yudha Eka Saputra","2026-08-04 19:28:31",347.1,2,yudhaekasaputra
8117,16741512,Offenders,"2026-08-30 15:08:39",346.8,2,"karthicchockalingams,shakil2411,shehnaaz01"
8118,16665996,AVATAR3905,"2026-08-06 18:14:01",346.7,2,avatar3905
8119,16665907,"Jonathan Saina","2026-09-15 23:12:31",346.7,2,jonathansaina
8120,16668453,"Kawish Hassan","2026-08-05 16:51:03",346.4,2,kawishhassan
8121,16898498,"Prakash Bandi","2026-09-18 00:44:47",346.4,2,prakashbandi
8122,16728261,"Smit Deshaval","2026-08-24 17:44:12",346.4,2,smitdeshaval11
8123,16666577,"Jatin khandelwal112","2026-08-05 11:26:41",346.2,2,jatinkhandelwal112
8124,16732296,"duong nguyen","2026-08-20 14:51:38",346.2,1,duongnguyen161
8125,16731458,"Arthur Baygildin","2026-08-17 10:06:55",346.2,1,arthurbaygildin
8126,16656472,angusdddsa,"2026-08-04 06:04:22",346.1,2,angusdddsa
8127,16795677,"Carol bright","2026-08-31 09:30:28",346.0,2,carolbright
8128,16658319,"Huỳnh Nguyễn Trọng Tín","2026-08-06 06:23:40",345.9,2,tnhunhnguyntrng
8129,16762854,J8young,"2026-08-26 13:52:54",345.7,1,j8young
8130,16658733,luoqiuy,"2026-08-04 10:46:04",345.4,2,luo912
8131,16759407,"Giovanni Colpani","2026-08-22 17:02:37",345.4,2,giovannicolpani
8132,16659234,"MARY RAISA P","2026-08-27 07:06:43",345.1,2,"harinimala21,maryraisap,saha0102"
8133,16662856,"Pranjal Arya","2026-09-11 09:30:08",345.0,2,pranjalaryaa
8134,16921300,tamakawa,"2026-09-18 16:10:41",344.7,2,tantantama1192
8135,16743604,KeswaniRohit,"2026-08-22 17:19:18",344.6,2,keswanirohit
8136,16623739,SarsaShen,"2026-08-05 07:12:00",344.1,2,sarsashen
8137,16662428,"Sonu kumar","2026-08-24 05:18:49",344.1,2,sonukumar9142
8138,16735080,"SARTHAK PATIL","2026-09-02 19:23:03",343.9,2,sarthakpatil23
8139,16877927,"EFE ULKER","2026-09-12 00:13:05",343.6,2,efeulker
8140,16665980,cshara,"2026-08-06 08:41:16",343.6,2,cshara
8141,16663738,"Handre Bezuidenhout","2026-08-04 23:27:08",343.1,2,handrebezuidenhout
8142,16920641,"Tailee Kim_7","2026-09-18 13:27:56",343.0,2,emilykim01
8143,16710906,Krunal.ix,"2026-08-12 07:06:58",342.9,1,krunalix
8144,16690166,"Niteshwar Mishra","2026-08-08 10:02:22",342.8,2,niteshwarmishra
8145,16701902,"Matthew Souza Chong","2026-08-11 05:58:50",342.6,2,matthewsouzachong
8146,16765805,"sayyad karimun","2026-08-25 10:14:26",342.5,1,sayyadkarimun
8147,16768551,"AAYUSHMAAN SINHA","2026-08-25 02:43:00",342.3,2,aayushmaansinha
8148,16711497,"Korvi sai kumar","2026-08-13 08:02:21",342.0,1,korvisaikumar
8149,16672020,"Arum Puri ","2026-08-18 14:03:33",341.9,2,arumpuri
8150,16749568,"Nana Hung","2026-08-23 02:17:34",341.6,2,nanahung
8151,16662967,"Amalio Gomez","2026-08-04 22:07:16",341.6,1,amaliogomez
8152,16623405,nbarlow,"2026-08-12 20:01:08",341.5,2,nickbarlow
8153,16656946,"Sambit Padhan","2026-08-05 10:10:10",341.3,2,sambitpadhan
8154,16654688,"Terrell Millz","2026-08-10 16:08:33",341.3,2,terrellmillz
8155,16677732,"Alessandro Mermali","2026-08-06 20:52:35",341.1,2,alessandromermali
8156,16690098,"Akshay Kashyap","2026-08-10 17:10:28",341.1,2,akshaykashyapakku
8157,16639067,"ToMY F.","2026-08-11 11:34:31",340.7,1,tomyfdev
8158,16784712,SIDDpat,"2026-08-30 08:13:50",340.5,2,siddpat
8159,16797284,Alice7371,"2026-08-31 17:58:22",340.3,1,alice7371
8160,16716713,"T Vamsi Krishna","2026-08-13 09:37:43",340.2,1,vamsee3763
8161,16657145,"Shudipto Trafder","2026-08-04 19:25:24",340.1,1,iamsdt
8162,16676974,"Deveshwar U","2026-08-31 01:10:42",340.1,2,deveshwaru
8163,16682632,Sebastiaan,"2026-08-27 18:24:40",340.0,2,sebastiaanreinders
8164,16655729,"Arnab Mallick","2026-08-04 02:41:48",340.0,2,arnabmallick24
8165,16770232,MinhTran2346,"2026-09-07 14:12:04",339.9,2,minhtran2346
8166,16721675,stork8i,"2026-08-14 13:16:26",339.8,1,stork8i
8167,16715791,CustardApple47,"2026-09-06 11:34:26",339.7,2,custardapple47
8168,16713366,BANKAI,"2026-08-16 15:24:28",339.4,2,igors97
8169,16635243,MlMlDev34,"2026-08-01 11:26:52",338.8,2,mlmldev34
8170,16845081,"Sera Ria Gomes","2026-09-10 12:28:43",338.7,2,serariagomes
8171,16817520,shreyansh0103,"2026-09-15 09:18:38",338.6,2,shreyansh0103
8172,16754141,SicilyTing,"2026-09-08 14:53:25",338.5,2,sicilyting
8173,16624990,"Tanjim Ahmed Kingshu","2026-08-02 07:05:52",338.4,2,tanjimahmedkingshu
8174,16729572,"Aswin Ramanathan","2026-08-17 16:17:38",338.4,1,aswinramanathan
8175,16673152,"Arijit Raj","2026-08-06 08:23:14",338.4,2,arijitraj02
8176,16661351,"Adekojo Adeyemi","2026-08-04 15:25:52",338.3,1,adekojoadeyemi
8177,16665360,"Ayush Bhadauria","2026-08-19 11:11:51",337.9,2,ayushbhadauria50
8178,16660568,Fascetta,"2026-08-07 20:48:53",337.9,2,fascetta
8179,16683075,"Manuel lasarte León","2026-09-04 10:27:02",337.5,2,manuellasarte
8180,16660099,Desireog71,"2026-08-08 15:01:19",337.5,2,desireog71
8181,16686716,"menna hassanM","2026-08-28 21:49:51",337.3,2,mennahassanm
8182,16658897,"Teja Pattem","2026-08-07 10:42:44",337.3,2,tejapattem
8183,16868034,"Vivek Teja","2026-09-14 19:25:09",337.3,1,vivektejaraju
8184,16694264,"Vansh Visariya","2026-08-10 09:00:11",337.3,2,vanshvisariya
8185,16641294,YogeshG22,"2026-08-03 17:58:51",337.2,2,yogeshg22
8186,16659533,"Pavan Desai","2026-08-10 16:29:20",337.2,2,pavancdesai
8187,16777607,"je nap","2026-08-30 01:56:28",336.9,2,johnenapoles
8188,16741982,barry_Paddi,"2026-08-27 07:10:52",336.8,2,barrypaddi
8189,16871894,sx2154,"2026-09-15 03:31:27",336.2,2,sx2154
8190,16677312,"Kavuri Sravya","2026-08-19 02:33:01",336.1,2,kavurisravya
8191,16894314,curious007hi9387983,"2026-09-17 07:41:07",336.0,1,curious007hi9387983
8192,16691936,"Adhar Chaudhari 07","2026-08-09 08:13:35",335.9,2,adharchaudhari07
8193,16682229,"mayuri sarangi","2026-08-29 14:03:36",335.5,2,mayurisarangi
8194,16733886,LuisMV8,"2026-09-18 16:52:32",335.4,2,luismv8
8195,16672138,mostafa69ca,"2026-08-06 05:03:43",335.2,1,mostafa69ca
8196,16783863,"Vivek Vardhan Reddy","2026-08-31 06:14:34",335.2,2,vivekvardhanreddy77
8197,16655811,"Duy Trần","2026-08-04 08:23:27",335.2,1,duyqtrn
8198,16690183,ankit8924praj,"2026-08-14 15:43:56",335.1,2,ankit8924praj
8199,16867305,Prikat,"2026-09-18 17:18:58",334.8,2,prikat
8200,16712257,Banarto,"2026-08-13 07:49:16",334.5,1,banarto
8201,16659523,"Ahmad Khidir","2026-08-27 22:33:31",334.5,1,ahmadkhidir
8202,16666171,"JD Crew","2026-08-06 12:52:58",334.1,2,"abhijnanpodder,ahsafabid"
8203,16738581,"mr moradi1","2026-08-18 14:31:26",334.1,1,mrmoradi1
8204,16715576,bhavnachavda21,"2026-09-18 04:14:55",334.0,2,bhavnachavda21
8205,16666115,"Iam Intolerable","2026-08-06 07:48:28",333.9,2,iamintolerable
8206,16706276,MitulbhBhatia,"2026-08-18 04:02:38",333.9,2,mitulbhbhatia
8207,16654407,"Serendeep Rudraraju","2026-09-04 03:17:43",333.7,2,serendeeprudraraju
8208,16724976,Soham,"2026-08-18 11:28:07",333.7,2,soham308
8209,16636643,"Babul Kumar","2026-08-02 07:46:50",333.1,2,babulkumar07
8210,16866140,Mantis,"2026-09-11 04:49:40",333.1,2,orchidmantis
8211,16658450,"Krish Singh","2026-08-05 16:11:00",333.0,2,krishsingh2283
8212,16698739,"Sahrul Adicandra","2026-08-11 04:06:08",332.9,2,sahruladicandra
8213,16670812,"Brian Toman","2026-08-09 15:56:22",332.9,2,briantoman
8214,16661551,SimonAx,"2026-08-10 09:41:59",332.7,2,simonaxel
8215,16709165,"Yooraj Gole","2026-08-13 18:10:17",332.7,1,yoorajgole
8216,16719709,Rishiii360,"2026-08-18 03:46:23",332.6,2,rishiii360
8217,16865101,"Hanlinh ","2026-09-11 03:58:09",332.6,2,hanlinh227
8218,16686332,毛治钦,"2026-09-01 05:05:37",332.6,2,maozhiqinf
8219,16658452,Hillclimber,"2026-09-13 01:50:22",332.5,2,driessmit1
8220,16915613,MDM,"2026-09-17 16:03:54",332.4,2,themdm
8221,16859646,Andy2009,"2026-09-09 12:12:02",332.4,2,andy2009
8222,16683178,soulasin,"2026-08-07 14:32:26",332.3,2,soulasin
8223,16681177,"Ivan Kevin Garcia Hernandez","2026-08-17 19:25:34",332.0,2,jedilgh
8224,16661212,AnkitRaj4004,"2026-08-23 13:17:37",331.8,2,ankitraj4004
8225,16867163,"Harikesh Shukla","2026-09-14 05:04:51",331.6,2,harikeshshukla
8226,16802128,"vaman soni","2026-09-02 10:08:49",331.6,1,vamansoni
8227,16689841,Pavani2325,"2026-08-08 10:00:56",331.5,2,pavani2325
8228,16660996,"Thịnh Nguyễn Chí Tiến","2026-08-08 01:49:40",331.4,2,thnhnguynchtin
8229,16683136,"Stefano Ciaci","2026-08-16 14:47:29",331.3,2,stefanovcciaci
8230,16658320,"Justin Eight","2026-08-27 07:29:52",331.3,2,justineight
8231,16692084,"Kaggri Farmers","2026-08-29 19:47:29",331.1,2,"jayant99acharya,satvikkolluru"
8232,16713319,"David Tilman","2026-08-12 18:56:13",330.9,2,davidtilman
8233,16912620,"Mitul Khemani","2026-09-17 09:25:17",330.6,2,mitulkhemani
8234,16858795,"Радик Владимирович Хорошев","2026-09-10 07:59:02",330.1,2,rodionkh
8235,16670600,"Leon Lum","2026-08-20 14:58:27",329.9,2,leonlum
8236,16854519,nmw,"2026-09-09 15:23:56",329.5,2,rubikkaggle
8237,16767037,"Yubraj Sigdel","2026-08-24 15:45:56",328.2,1,yubraj11
8238,16665252,"Harsh Katara","2026-08-05 06:51:14",328.1,1,harshkatara
8239,16663351,MiguelS,"2026-08-07 15:25:29",328.1,2,lordm758
8240,16660341,"Nefise Aybar","2026-08-04 12:37:29",328.1,2,nefiseaybar
8241,16838645,"Deepak #2","2026-09-06 10:20:54",328.0,2,deepakup85
8242,16670881,"Amir Y. Sajjadi","2026-08-05 23:56:26",328.0,1,amirysajjadi
8243,16655446,"Ismael Omar Leonidas Hurtado Vargas","2026-08-04 00:07:01",327.7,1,ihurtadov
8244,16778327,WangYingChen,"2026-08-28 03:11:28",327.5,1,wangyingchen
8245,16669725,chosunghwan,"2026-08-06 03:52:24",327.5,1,chosunghwan
8246,16664469,"Thorlapati Nikhil","2026-08-11 19:11:09",327.3,2,thorlapatinikhil
8247,16725769,NikunjMakhija_,"2026-08-19 13:01:57",327.3,2,nikunjmak
8248,16895317,MrUserm,"2026-09-18 18:38:15",326.9,2,mruserm
8249,16660436,turkenm,"2026-08-06 13:03:36",326.8,2,turkenm
8250,16666056,"sarthak gupta1303","2026-08-05 11:01:04",326.6,2,"sarthakgupta1303,sathviktummalapenta"
8251,16774954,Ye_xz233,"2026-08-26 15:35:23",326.5,2,yexz233
8252,16763916,"Mohamed Nchourupouo","2026-08-24 09:28:47",326.4,2,mohamednchourupouo
8253,16667406,"Abdulrahman AlAsali","2026-08-05 13:20:41",326.3,1,abdulrahmanalasali
8254,16633737,nrg,"2026-08-04 20:19:50",326.2,1,nargizaskarbekkyzy
8255,16657729,"Kandregula V S S V P Krishna Murthy","2026-08-08 15:29:35",326.0,2,kkandregula
8256,16913989,Sanatan21,"2026-09-18 11:41:17",325.9,2,sanatan21
8257,16751311,JoangHZ,"2026-08-21 09:18:57",325.9,2,joanghz
8258,16791680,"Surja Sarker","2026-09-04 12:12:24",325.9,2,surjasarker
8259,16652970,"Abhay sarkar","2026-08-05 14:40:05",325.9,1,abhaysarkarai
8260,16661690,codefusiondu,"2026-08-06 04:53:25",325.7,2,codefusiondu
8261,16682454," Vandanaa R","2026-09-02 09:48:24",325.7,2,vandanaar
8262,16628296,NoxMetenis,"2026-08-15 17:54:03",325.4,1,avasgaire
8263,16716476,lnssan,"2026-08-20 13:05:18",325.2,2,lukanilssandmayr
8264,16675048,Wizard_King,"2026-08-06 19:35:41",325.0,2,anshumanrayy
8265,16698591,FestusKipkoech,"2026-08-28 18:58:28",324.9,2,festuskipkoech
8266,16765997,"Diya Sharma","2026-09-13 18:08:07",324.8,2,diyasharmanexa
8267,16660992,"Vishnu Vardhan Dumpala","2026-08-05 18:17:30",324.1,1,vishnuvardhandumpala
8268,16660658,Shlok_Sharma0001,"2026-08-19 09:31:48",324.0,2,shloksharma0001
8269,16728571,hasibirok0,"2026-09-06 01:16:24",324.0,2,hasibirok0
8270,16792780,"Sreekar Reddy","2026-09-01 15:33:38",323.9,2,eshured
8271,16696061,Mingyuan2002,"2026-08-28 17:15:00",323.9,2,mingyuan2002
8272,16665661,Ikhbar,"2026-08-05 09:50:57",323.9,2,ikhbar
8273,16666639,"Dheeraj Pranav","2026-08-24 19:38:42",323.7,1,dheerajpranav
8274,16823229,aper,"2026-09-05 08:42:58",323.3,2,todaya
8275,16666353,"Pal Savani","2026-09-14 19:01:01",323.2,2,palsavani
8276,16660369,"Dev MCP","2026-08-04 12:59:09",323.1,1,nishant2905
8277,16661068,ZeViX,"2026-09-08 06:29:42",323.1,2,"codinggeek101,vedantkhete"
8278,16769212,"jason vetter","2026-08-25 05:48:22",322.8,1,jasonvetter
8279,16662659,"Chiziterem Eze","2026-08-11 12:20:48",321.8,2,chiziteremeze
8280,16667033,"Geethika Sandireddy","2026-08-15 07:04:31",321.6,2,geethikasandireddy
8281,16693821,"DARSHAN A","2026-08-11 18:02:26",321.6,2,ad12345kag
8282,16730679,"Hoàng Trọng Hiếu","2026-09-13 08:32:32",321.4,2,hongtrnghiu
8283,16662403,"ulaş özen","2026-08-05 19:49:16",321.4,2,ulazen
8284,16850246,"Makarand Gokhale","2026-09-14 12:20:03",321.3,2,makarandgokhale
8285,16690055,"Prem Kumar","2026-09-02 05:56:28",321.2,2,premkumar099
8286,16700187,"adrian purnama","2026-08-10 10:50:45",321.1,1,adrianpurnama
8287,16740191,"Arjun Dhillon","2026-08-19 15:15:57",321.1,2,arjundhillon07
8288,16655621,xia0910,"2026-08-08 11:03:21",321.0,2,xia0910
8289,16794729,Copperford,"2026-09-08 00:41:27",320.9,2,copperford
8290,16688859,"Muhammad Fayaz Khan","2026-08-08 06:36:02",320.2,2,mfayazkhan
8291,16706181,"Juvenal Pedro Baptista","2026-08-16 14:58:40",320.1,2,juvenalpedrobaptista
8292,16661012,"Tesfahun Feleke","2026-09-12 12:42:39",319.7,2,tesfahunfeleke
8293,16662495,Earth,"2026-08-15 10:54:03",319.6,2,earthearth
8294,16681638,aadi_065_,"2026-09-14 05:38:37",319.6,2,aadi065
8295,16757557,BitxWolf,"2026-08-22 19:06:48",319.1,2,bitxwolf
8296,16666033,"Shota Takano","2026-09-12 23:15:51",318.9,2,shotatakano
8297,16662491,Rudra070311,"2026-08-11 17:06:39",318.4,2,rudra070311
8298,16691813,Hyezir4,"2026-08-10 08:36:47",318.1,2,hyezir4
8299,16659415,PincheCabrón,"2026-08-17 17:34:01",317.9,2,pinchecabrn
8300,16700876,"Oyegoke Emmanuel","2026-09-04 11:32:28",317.9,2,oyegokeemmanuel
8301,16653903,Manav2805,"2026-08-04 09:25:08",317.6,2,manav2805
8302,16668166,Pikachu,"2026-08-05 14:52:15",317.5,2,"arpankumarsinha,phantomboy69,subhojitpaul2006"
8303,16705294,"zhenf Liu","2026-08-11 07:51:06",317.3,2,zhenfliu
8304,16843393,"Rizki Syawaldi","2026-09-06 15:42:28",317.2,1,rizkisyawaldi
8305,16727044,"Kai Leisten","2026-08-16 10:19:42",316.8,2,kaileisten
8306,16675218,데미안과마루,"2026-08-18 14:16:13",316.5,2,siver3
8307,16807668,kilariHemalatha,"2026-09-05 04:33:19",316.3,1,kilarihemalatha
8308,16690163,"Abhay Upadhyay","2026-08-08 18:05:54",316.1,2,abhay18s
8309,16678653,Wzjj98,"2026-08-06 19:31:39",316.1,1,wzjj98
8310,16711348,ticoraph,"2026-08-21 18:55:56",315.9,2,ticoraph
8311,16687403,"Raja Sai Vardhan","2026-08-09 08:19:22",315.9,2,rajasaivardhan
8312,16791786,BladeOffline,"2026-08-30 03:42:42",315.8,1,bladeoffline
8313,16628190,Horizonx30,"2026-08-09 18:06:56",315.7,2,horizonx30
8314,16839939,Lemonabc,"2026-09-05 12:56:42",315.7,1,lemonabc
8315,16624553,"Abiram Bharathi S.A","2026-09-08 11:40:32",315.5,2,abirambharathisa
8316,16664199,SomyaSingh_07,"2026-09-17 15:37:54",315.4,2,somyasingh07
8317,16664072,"victor aguilera","2026-09-16 13:04:15",315.2,2,viaguilera
8318,16764868,y129besan,"2026-09-05 23:47:35",315.0,2,y129besan
8319,16659696,"Lakshyaraj Singh Rathore","2026-09-05 18:47:32",314.8,2,lakshyarajrtm
8320,16681801,majj,"2026-08-11 03:07:46",314.8,2,m313786372
8321,16729246,"Ayodeji Akinola","2026-08-29 19:45:30",314.5,2,ayodejiakinola
8322,16723487,RoboDavo,"2026-08-19 00:36:17",314.5,2,robertdavidson1911
8323,16682345,Gordy,"2026-08-31 07:39:13",314.2,2,gordyii
8324,16720606,Williamtime,"2026-08-17 03:11:34",314.2,2,williamtime
8325,16694673,"B T Chinmayi","2026-08-27 19:47:10",314.1,2,btchinmayi
8326,16728465,"Abdurrahman Assegaf","2026-08-16 12:13:15",313.9,2,amanshop
8327,16690514,"Aditya #3","2026-08-09 06:29:48",313.7,1,a0x1ab
8328,16838913,LunaT2,"2026-09-05 09:10:21",313.6,1,lunat2
8329,16682559,"Punit Pritam Mohanty","2026-08-11 06:21:03",313.4,2,punitpritammohanty
8330,16723046,"Pedro Joás","2026-09-11 14:59:09",313.4,2,pedrojos
8331,16659975,"Rahul Sain","2026-08-05 18:54:58",313.2,2,rahulsain2001
8332,16672689,"Yusuf Yemez","2026-08-06 06:51:07",313.2,1,yusufyemez
8333,16734670,Sparsh,"2026-08-22 01:48:51",312.9,2,sparshsinha24
8334,16858496,"Aziz Alqwm","2026-09-18 04:07:38",312.9,2,azizalqwm
8335,16664718,Vedika_,"2026-08-11 18:28:09",312.8,1,lighjt
8336,16721849,ayushai8714,"2026-08-28 09:36:41",312.7,2,ayushai8714
8337,16721533,"Lakshya Sharma","2026-08-16 06:01:34",312.5,2,lakshyasharma007
8338,16654348,rkeshwani,"2026-08-07 16:17:49",312.4,2,rkeshwani
8339,16758856,"Ali Zaib","2026-08-27 20:12:02",312.2,2,alizaib001
8340,16666719,helenkwok,"2026-09-12 06:53:13",312.1,2,helenkwok
8341,16633330,"danielle Ange","2026-08-12 16:26:03",312.0,2,danielleange
8342,16882973,"Omar Tarek Abdelkader Ahmed El Belbeisy","2026-09-12 22:59:07",312.0,2,patmux
8343,16868524,"Chutayu Adhittayawong","2026-09-11 03:30:13",311.9,2,arteezy009
8344,16686700,"Hakkı selim Ak","2026-08-07 17:06:03",311.7,1,hakkselimak
8345,16784538,"mou1234568 fdsfds","2026-08-28 18:05:29",311.5,2,mou1234568fdsfds
8346,16658391,"Jack #2","2026-09-15 16:46:57",311.4,2,jack1233
8347,16684308,Itsside_jay,"2026-08-07 11:46:48",311.1,1,itssidejay
8348,16747086,Karma_350234,"2026-08-20 09:56:52",311.0,1,karma350234
8349,16740263,"Scott Weeden","2026-09-18 08:06:39",310.8,2,scottweeden
8350,16682262,"Pardeep Singh","2026-09-01 11:01:27",310.7,2,pardeep06
8351,16689923,Dhinesh,"2026-08-09 08:39:37",310.2,2,dhineshwarrs
8352,16656351,"Triet Ho","2026-08-07 07:27:33",310.1,2,trietho247
8353,16725135,"clement cg","2026-08-19 07:54:00",310.1,2,clementcg
8354,16778585,Deepa,"2026-09-11 11:13:56",310.1,2,deepa42639
8355,16658725,"syed jawad","2026-08-17 08:49:32",310.0,1,syedjawad663
8356,16766823,suikkee,"2026-09-02 05:05:50",310.0,1,suikkee
8357,16755632,"Adarsh Yadav","2026-08-21 16:34:37",309.8,1,adarsh12yadav
8358,16757689,YanXiaohan666,"2026-09-14 03:29:51",309.8,2,yanxiaohan666
8359,16859269,BAILW,"2026-09-09 13:47:08",309.7,1,baimatubama
8360,16660308,zhangzhenman,"2026-08-25 06:14:26",308.9,1,zhangzhenman
8361,16728948,L3MG,"2026-08-16 21:17:06",308.7,2,lemgyy
8362,16757233,"Tet Toe Wai","2026-08-24 07:51:45",308.6,1,tettoewai
8363,16684223,"Aayush Shah","2026-08-13 17:57:28",308.4,2,aayushshah265
8364,16746121,Nononoi,"2026-08-21 07:18:02",308.3,1,nononoi
8365,16795802,Kk,"2026-09-09 08:50:14",308.0,1,cudamax
8366,16716592,"Poma Mikhail","2026-09-10 09:08:04",307.9,2,ambisinistra
8367,16668464,Mauro,"2026-08-05 15:57:27",307.4,2,ilmaurino
8368,16785111,"JEFFREY KIRUBA J ","2026-08-28 18:07:41",307.0,1,jeffreykirubaj
8369,16641866,"Prem Gandhi","2026-08-06 19:48:18",306.4,2,gprem352
8370,16732280,"Akarsh kumar shukla","2026-08-18 20:38:35",306.2,1,akarshkumarshukla
8371,16664147,JordanM10,"2026-08-05 19:54:08",306.1,1,jordanm10
8372,16665758,"Oladipo Bashir","2026-08-31 10:23:51",306.1,1,oladipobashir
8373,16800468,Vaishnavi,"2026-09-01 11:13:30",306.0,1,vaishnavisri09
8374,16661639,"Jayanth Kumar D","2026-08-06 13:36:46",305.7,2,jayanthkumard
8375,16839430,EliaSav,"2026-09-06 15:33:34",305.4,2,eliasav
8376,16702052,"Beny Pratama Putra","2026-08-12 16:18:20",305.4,2,benypratamaputra
8377,16678521,"Arina Nevolina","2026-08-06 20:31:22",305.0,1,nevolinaa
8378,16726021,"The Farm Game","2026-09-02 13:23:00",304.8,2,"tacostew,thomasbower6"
8379,16879958,Sash.a,"2026-09-12 18:09:09",304.8,1,smashaza
8380,16671959,"Sintu Verma","2026-08-09 05:44:56",304.5,2,sintuverma
8381,16659865,Rithikaaaaah,"2026-08-17 07:09:08",304.0,2,rithikaaaah
8382,16690882,"Meet P. Shah","2026-09-05 04:32:03",303.9,2,meet47
8383,16646076,"Ajeet Krishnasamy","2026-08-04 19:52:27",303.7,2,ajeetkrish
8384,16653054,Khongor2424,"2026-08-03 15:32:17",303.7,2,khongorkikaik21
8385,16656506,"Piyush Harde","2026-08-04 12:54:26",303.5,2,piyushharde
8386,16855181,Komal_Rani,"2026-09-08 16:39:15",303.4,2,komalvinayak
8387,16844194,小林周人,"2026-09-17 14:57:34",303.2,2,kobashu
8388,16652899,Isha,"2026-08-22 05:51:50",303.0,2,aarohi20
8389,16789486,TanjiahaoXX,"2026-08-29 07:47:37",302.9,1,tanjiahaoxx
8390,16669535,sakshitantak,"2026-08-08 05:16:32",302.5,2,sakshitantak
8391,16673753,hmmmSure,"2026-09-15 18:13:47",302.4,2,gerardnitt
8392,16732315,"Filip Chladek","2026-08-17 13:37:38",302.3,2,filipchladek
8393,16623730,"Ethan Higgins","2026-07-31 02:25:21",302.1,2,ethanhigginz
8394,16672670,RonTroy,"2026-08-13 04:46:15",302.1,2,rontroy
8395,16713082,"Siyam Molla","2026-09-06 08:06:43",301.6,2,siyammolla
8396,16847927,"Laiba Hameed","2026-09-12 09:00:51",301.4,2,laibahameed08
8397,16621557,"Vijay Krishna Lanka","2026-08-26 01:20:53",301.2,2,vijaykrishnalanka
8398,16691354,"Vedika Gupta","2026-08-08 14:20:25",300.9,1,vedikagupta0
8399,16659060,Pratham3gewg,"2026-08-06 18:26:51",300.6,2,pratham3gewg
8400,16845556,"li Insomenia","2026-09-07 04:07:10",300.6,2,liinsomenia
8401,16631989,"VIDIT SHRIMALI","2026-07-31 17:13:46",300.5,1,viditshrimali
8402,16633982,Nikunj1375,"2026-08-07 08:40:29",300.1,2,nikunj1375
8403,16830884,"Khalil hafni","2026-09-14 23:51:56",299.4,1,hafnix
8404,16761681,"Ming Myung","2026-08-24 05:12:56",299.4,2,vanhaminhquan
8405,16785050,"MITHIL J URK26CS7067","2026-08-28 18:29:14",299.3,1,mithiljurk26cs7067
8406,16661290,"Kelian Esteve","2026-08-04 14:33:13",299.3,1,kelianesteve
8407,16659453,"Ishwar Rathod","2026-08-06 03:29:27",299.1,2,ishwarrathodofficial
8408,16707118,"DEVEN BAGADE","2026-08-11 11:24:10",299.0,2,devenbagade
8409,16657159,"Amey Malpurkar","2026-08-11 07:35:27",298.8,2,"ameymalpurkar,siddheshsadarao"
8410,16774471,"Seymour Schmidt","2026-09-16 10:56:11",298.8,2,angrybread
8411,16920837,"Borys Koza","2026-09-18 13:00:28",298.7,1,boryskoza
8412,16623161,"Charles Kalaba","2026-08-08 13:06:02",298.5,2,charleskalaba
8413,16654430,"Rishoban Y","2026-08-07 13:46:37",297.9,1,rishoban
8414,16655315,SL,"2026-08-13 01:50:18",297.9,2,xndr007
8415,16650070,"jakub slavíček","2026-08-04 12:58:40",297.9,2,jakubslavicek
8416,16811407,"Souta Wakatsuki","2026-09-15 19:51:30",297.4,2,souwaka
8417,16659493,"Ori Glisko","2026-08-09 14:27:44",297.3,2,origlisko
8418,16818690,"Arionchen TitanTeam","2026-09-04 08:52:16",297.3,2,arionchentitanteam
8419,16655875,PLLZ,"2026-08-17 01:11:41",297.3,2,pllzzz
8420,16668559,Goups,"2026-08-22 09:11:46",297.2,2,hervrenard
8421,16796258,"Lanzhi Jiao","2026-09-03 08:31:13",297.2,1,lanzhijiao
8422,16784225,sulala,"2026-08-29 08:51:26",297.2,2,sulala
8423,16895472,codeWS,"2026-09-16 11:40:02",297.1,1,codews
8424,16893490,"Thales Galuchi","2026-09-18 01:25:28",297.0,2,thalesgaluchi
8425,16683421,"Ruchita Yadav","2026-08-13 18:09:54",296.8,2,ruchitayadav20
8426,16652276,Phare111,"2026-08-04 15:09:55",296.5,1,phare111
8427,16657891,"Joshua Kinnah","2026-08-07 23:00:45",295.7,2,joshuakinnah
8428,16661955,Bingos,"2026-08-05 11:43:07",295.1,2,bingos
8429,16858604,"Ye Naing","2026-09-10 02:42:59",295.0,2,yenaing
8430,16658357,heetmehta18,"2026-08-07 13:30:40",294.9,2,heetmehta0000
8431,16662054,"phantom of shubh","2026-08-11 07:54:46",294.8,1,shubhamkumar123490
8432,16664218,"Nguyen Vu Tue Khang","2026-08-24 03:32:10",294.7,2,nguyenvutuekhang
8433,16637025,kodalien,"2026-08-10 15:21:00",294.7,2,kodalien
8434,16660473,"Owen M Kelley","2026-08-10 00:53:11",294.2,2,owenmkelley
8435,16773545,faithk7u,"2026-08-31 21:57:43",293.3,2,faithk7u
8436,16643303,sigireddyBalasai,"2026-09-12 11:40:23",293.2,2,sigireddybalasai
8437,16777489,"Yousef Elbaz","2026-08-27 11:18:54",293.0,1,yousefelbaz
8438,16885883,"Stepan Kobaidze","2026-09-16 18:12:28",292.9,2,stepankobaidze
8439,16634769,Fivingone,"2026-08-03 03:47:43",292.7,2,fivingone
8440,16682623,"Aditya Paul","2026-08-14 12:44:45",292.7,2,adityapaul634
8441,16809426,"The Nafl","2026-09-10 11:20:55",292.6,2,nafalrust
8442,16663600,"Adrián Flores","2026-08-05 00:38:36",292.5,2,foward2892
8443,16882689,Soodari,"2026-09-12 21:56:31",292.4,2,soodari
8444,16671566,renmin517,"2026-08-17 07:31:19",292.4,2,renmin517
8445,16654329,"Aby K Prakash","2026-09-17 17:04:51",292.1,1,abykprakash
8446,16690187,"Amrita Singh","2026-08-08 10:34:51",291.8,2,amrita004
8447,16685996,"Universal Entropy","2026-08-07 16:22:28",291.4,1,fennerjw
8448,16660529,Imaanga,"2026-08-10 11:41:21",291.2,2,imaangababy
8449,16683970,"Zakhar Homyakov","2026-08-07 11:14:41",291.1,2,zakharhomyakov
8450,16676084,"Abir Majdi","2026-08-24 00:24:35",291.0,2,abirmajdi
8451,16707092,"Asharani Sahu","2026-08-11 11:19:08",290.7,1,asharanisahu
8452,16654253,"Gaius K Biju","2026-08-03 18:51:18",290.6,2,gaiuskbiju
8453,16665114,"Francesco Benincasa","2026-08-05 09:56:52",290.4,2,francescobenincasa
8454,16840506,"Jayanth Earla","2026-09-10 16:46:21",290.1,2,jayanthearla
8455,16882182,":T Eh?","2026-09-13 09:16:32",290.1,1,goulustis
8456,16849173,"Sarvajith Adyanthaya","2026-09-07 16:51:17",290.0,1,sarvajithadyanthaya
8457,16853894,"Ilya Usmanov","2026-09-18 10:40:08",289.8,2,ilyausmanov
8458,16660543,"BUTUH DUIT","2026-08-06 07:39:16",289.6,2,abulkahfi
8459,16661879,"Pham Truc","2026-08-07 07:21:46",289.1,1,genti1206
8460,16662913,"IYAMPAYE ribert","2026-08-04 19:01:38",288.9,1,iyampayeribert
8461,16658676,"Abdul Roheem Abdul Warith","2026-08-04 18:59:04",288.8,1,albasoliyy
8462,16805109,"иван астахов","2026-09-10 21:30:35",288.7,2,iastakhov
8463,16652397,"Aniket Kumar","2026-08-06 13:29:50",288.7,2,kalkiavatar3
8464,16698562,Kyoko004,"2026-08-11 04:38:18",288.4,1,kyoko004
8465,16632558,RUI,"2026-09-18 11:34:17",288.3,2,zaiwubian
8466,16676302,Arnav,"2026-08-08 06:10:01",288.1,2,arnav03101
8467,16675037,"Stanislav Pashkov","2026-08-08 20:50:16",287.6,2,stanislavpashkov
8468,16765570,"Akhand Soni","2026-08-24 12:47:42",287.6,1,akhandsoni
8469,16784605,"Iniyan M D R","2026-08-28 13:53:22",287.5,1,iniyanmdr
8470,16655734,dworld,"2026-08-05 04:13:18",287.2,2,jagdishhalde
8471,16682422,"SABBIR HOSSAIN 2029","2026-08-16 14:23:24",287.1,2,sabbirhossain2029
8472,16659581,"isah ridwan","2026-08-07 09:02:00",287.1,2,isahridwan
8473,16761731,"James Hu","2026-08-23 17:50:28",287.1,1,cnjameshu
8474,16748712,"Amit Kumar Gupta","2026-08-21 13:33:00",286.6,2,eramitg
8475,16794647,"Michael Cahill","2026-09-01 07:46:28",286.4,2,michael1232
8476,16656881,"Eugene Nyondo","2026-08-30 22:33:50",286.3,2,eugenenyondo
8477,16707228,"Milind Bansal","2026-08-11 11:45:00",286.3,1,milindbansal18
8478,16659387,dharssshiniii,"2026-08-04 09:48:15",286.2,1,dharssshiniii
8479,16683284,"Haha Farming","2026-08-07 14:38:04",286.2,1,"akshitharamesh,harinir1423"
8480,16668333,VishalVivek,"2026-08-07 09:46:17",286.2,1,vishal14332
8481,16736202,杨雨灿,"2026-09-08 00:51:59",285.8,2,yucanyang
8482,16713204,Mohamedg,"2026-08-24 23:15:06",285.7,2,mohamedgcroesus
8483,16651668,Haiku,"2026-08-05 06:28:54",285.5,2,yangjiefu
8484,16712086,"Zubair Shafi","2026-08-16 23:23:04",285.3,2,zubairshafi5050
8485,16658990,"Muhammad Burhan SE-45-02","2026-08-07 04:26:18",284.9,2,muhammadburhanse4502
8486,16865663,GauravPramodJain,"2026-09-10 09:44:04",284.8,1,gauravpramodjain
8487,16661213,"Daniel Siersleben","2026-08-05 12:53:41",284.8,1,danielsiersleben
8488,16885028,"wen yimeng","2026-09-13 09:26:04",284.8,1,wenyimeng
8489,16687151,harshi101,"2026-08-08 06:32:37",284.5,2,harshi101
8490,16629403,Galza98,"2026-07-31 10:09:02",284.4,1,galza98
8491,16698920,"Rishabh Bhartiya","2026-08-12 13:48:26",284.2,2,rishabhbhartiya
8492,16748410,Lemons,"2026-08-21 19:44:07",284.2,1,takahiromatoba
8493,16689926,"Yongxiang Zhao #2","2026-08-12 03:33:27",283.9,2,yongxiangzhao
8494,16667042,"Adarsh Mukundan","2026-08-07 17:12:28",283.9,1,aadarshmukundan
8495,16658941,Matts6591,"2026-08-17 07:59:36",283.7,1,mathwithmatt
8496,16808492,"beginner's luck","2026-09-06 02:32:36",283.2,1,"naohs01,tropicalbanana"
8497,16624246,"xu j1ayang","2026-08-11 05:12:47",283.1,2,xuj1ayang
8498,16665243,"Harshit Jha","2026-08-05 13:40:16",283.0,2,harshitjha28
8499,16772388,XiaozhenWu2002,"2026-08-29 16:21:55",282.7,2,xiaozhenwu2002
8500,16686789,Hay-gent,"2026-09-07 05:37:52",282.7,2,"alagusuriyas,gayathrisrimai"
8501,16862181,"M chetin","2026-09-12 18:51:14",282.3,2,cetin95
8502,16678362,"Mitiku Yohannes","2026-08-07 00:00:37",281.7,2,mitiku
8503,16740795,Yanshaoo2026,"2026-08-19 08:40:17",281.4,1,yanshaoo2026
8504,16730653,"Daham Dissanayake","2026-08-21 03:17:15",281.3,1,"dahamdissanayake,dinuginimnara"
8505,16762045,ADV,"2026-08-23 13:28:56",281.3,1,shuntianjiang
8506,16753817,Karmers,"2026-09-04 14:46:31",281.1,2,"prasenjittadake,swapnilpatil2737"
8507,16697373,"Sumit Bhattacharjee","2026-08-29 18:29:11",281.0,2,sumitbhattacharjee
8508,16662861,"Chirag Tutlani","2026-08-04 19:13:05",280.7,1,chiragtutlani
8509,16712089,"yui seya","2026-08-12 12:17:02",280.5,2,yuiseya
8510,16697283,Puranjay02,"2026-09-10 07:09:06",280.2,2,puranjay02
8511,16754845,"LG Music","2026-08-21 22:48:01",280.1,1,lgmusic
8512,16667700,"Omar Mohammad","2026-08-05 15:52:54",279.8,2,omarmohammadw
8513,16842088,"Hrithik Reddy","2026-09-07 09:46:01",279.8,1,hrithik22122
8514,16762084,"Krishna Lokhande","2026-08-23 14:08:48",279.7,1,krishnalokhande8080
8515,16666316,adityakr1001,"2026-08-05 09:33:41",279.6,1,adityakr1001
8516,16864283,"Nguyễn Cường","2026-09-10 05:03:59",279.6,2,nguyncngo
8517,16707179,"Achintya Rai","2026-08-12 11:15:16",279.5,2,achintyarai
8518,16741555,"Rushikesh Shirwalkar","2026-08-19 11:02:46",279.2,2,rushikeshshirwalkar
8519,16790545,Adnane,"2026-09-01 02:18:09",279.1,2,adnaneel
8520,16632319,Valentin,"2026-07-31 21:14:24",279.0,1,vaha94
8521,16756768,"Sayeed Ibrahim","2026-08-22 01:32:12",278.9,2,sayeedibrahim
8522,16660144,"Léandre ELISHA","2026-08-09 12:25:44",278.8,2,landreelisha
8523,16725104,ManasviVarma,"2026-08-23 10:20:35",278.8,1,manasvivarma
8524,16814858,"Sankalp Patidar","2026-09-15 08:57:20",278.6,2,sankalppatidar
8525,16765329,"Bart Woz","2026-08-31 14:18:24",278.2,2,bartwoz
8526,16756174,"Mateo Coelho","2026-09-02 19:10:01",278.2,2,mathsco
8527,16655003,"Paramjeet Kaur","2026-08-04 21:09:02",276.7,1,kauxp26
8528,16672325,Ispagiytiy,"2026-08-06 08:58:30",276.4,2,ispagiytiy
8529,16665461,"Krishna Golwala","2026-08-24 18:39:08",276.3,2,krishnagolwala
8530,16780106,"Mirangga Jakti","2026-09-09 20:05:22",275.9,2,miranggajakti
8531,16676007,"Lao KENAO","2026-08-15 01:15:48",275.6,2,laokenao
8532,16669576,"zarnab waheed","2026-08-17 19:20:34",275.4,2,zarnabwaheed
8533,16663253,"Albert Benjamin Asare","2026-08-06 19:29:05",275.2,2,albertbenjaminasare
8534,16746682,"julio cesar valencia","2026-09-09 20:37:35",275.0,1,juliocesarvalencia
8535,16707372,"zidu cheng","2026-08-11 13:30:40",275.0,1,ziducheng
8536,16767173,AgriNexus,"2026-09-12 12:58:54",274.8,2,rashmirajput0102
8537,16658795,"Case Seller","2026-08-30 06:46:45",274.2,2,caseseller
8538,16790483,"ivo nahuel jasinskas","2026-08-29 14:08:28",274.2,1,ivonahueljasinskas
8539,16672982,"Enes Aytaç","2026-08-14 12:12:24",274.1,2,enesayta
8540,16670004,Zinc-Eater,"2026-08-19 22:50:41",274.0,2,zans7331
8541,16740800,"Shiva Sai","2026-08-19 03:54:27",273.8,1,shivasai846
8542,16649650,"Ashish Barnawal","2026-08-11 04:08:04",273.3,1,klein4
8543,16663869,CYBER_TECH99,"2026-08-05 01:40:15",272.9,2,cybertech99
8544,16759726,Phoenix,"2026-08-22 19:43:10",272.4,1,seanht1
8545,16740506,Growingduck,"2026-09-02 03:18:21",272.3,2,jaeminkang2021
8546,16658489,小出和見,"2026-08-13 23:23:04",271.6,2,kzmk8d
8547,16785789,"Mateus Sousa do Carmo","2026-08-28 21:23:10",271.4,2,mateaadsaf
8548,16658620,"Dina Chettouh","2026-08-04 09:13:27",271.2,2,dinachettouh
8549,16673369,Frame,"2026-08-06 07:59:47",271.1,1,rainorwang
8550,16686950,"Kittikhun Pachana","2026-08-08 00:16:11",271.1,2,kittikhunpachana
8551,16743603,tanmoypal11,"2026-08-19 15:19:36",271.1,1,tanmoypal11
8552,16675981,"Luca R","2026-09-13 08:39:57",270.9,2,luck058
8553,16713601,"Omar spok","2026-08-19 13:27:13",270.9,2,omarspok
8554,16676305,JTHEFROG,"2026-08-08 12:09:45",270.5,2,joshyuasa
8555,16658065,"Parul Mittal","2026-08-06 13:55:51",270.2,1,pisces83
8556,16755664,"Shivam Rajdev","2026-09-04 19:28:36",270.0,2,shivamrajdev
8557,16662105,PunnatatJAY,"2026-08-04 16:22:50",269.9,1,punnatatjay
8558,16711610,cc_z_kaggle,"2026-08-12 09:33:23",269.8,1,cczkaggle
8559,16795353,BlurreA,"2026-08-31 06:42:30",269.4,1,blurrea
8560,16690161,"Sudipto Event","2026-08-11 09:25:00",269.3,2,sudiptoevent
8561,16689933,"Anjali Shah","2026-08-17 09:30:28",268.4,2,anjalishah0306
8562,16677629,"XIE Jintao","2026-08-06 18:47:28",268.4,2,xiejintao
8563,16670185,"Odilon Yehouenou","2026-08-13 20:23:58",268.1,2,odilonyehouenou
8564,16748206,ArtlexYang,"2026-08-25 08:43:28",267.5,1,artlexyang
8565,16669523,Jackson55171,"2026-08-05 18:21:00",267.4,2,jackson55171
8566,16757098,"Tharun kumar Jaya kumar","2026-08-30 02:29:39",267.4,1,tharunkumarjayakumar
8567,16660579,mayank,"2026-08-06 14:41:12",267.1,2,mayank921
8568,16666553,DevChheda26,"2026-08-05 09:53:22",266.9,1,devchheda26
8569,16684191,"Patel Aryan D","2026-08-10 07:36:13",266.7,2,patelaryand
8570,16889340,aryansaini1612,"2026-09-15 04:04:12",266.5,1,aryansaini1612
8571,16723065,"Kaio Castro","2026-08-28 17:24:26",266.1,1,kaiocastro
8572,16761994,"Talha Sayyad faim","2026-08-23 11:32:37",265.3,1,talhasayyadfaim
8573,16718890,"Andy Symonds","2026-08-19 23:04:11",265.3,2,andyivanhoe
8574,16684875,"Amitrakshar Mukherjee","2026-08-07 13:21:32",264.9,2,amitraksharmukherjee
8575,16819370,"István Csik","2026-09-03 13:39:36",264.6,2,istvncsik
8576,16739918,POLAROID_86,"2026-08-18 21:56:04",264.6,2,polaroid86
8577,16659698,"Duy Anh Nguyễn","2026-08-07 10:23:27",264.5,1,duyanhnguyn
8578,16684168,"Roaya Saed","2026-08-10 14:36:20",264.4,1,roayasaed
8579,16670674,"Foodle Jang","2026-08-19 22:14:34",264.3,2,foodlejang
8580,16623823,"Julieta Rubis","2026-07-31 04:45:53",264.2,2,julietarubis
8581,16790137,sinchir0,"2026-08-30 12:52:05",264.0,1,sinchir0
8582,16667063,"Amiksha S","2026-08-09 15:16:49",263.9,1,amikshas
8583,16656595,"Sithija Amarathunga","2026-08-04 10:09:50",263.6,2,sithijaamarathunga
8584,16785434,"Caik Franco","2026-08-28 18:05:21",263.5,1,caikfranco
8585,16880785,"CHIDANANDA G L","2026-09-12 11:18:48",263.1,2,chidanandagl
8586,16676501,"[Deleted] cf820879-5b51-45ff-9f0a-1d88833299b5","2026-08-08 08:32:10",262.7,2,kamraanmulani
8587,16643821,"arnav chaturvedi123","2026-08-02 22:16:08",262.7,2,arnavchaturvedi123
8588,16659804,"Gashahun Demise","2026-08-04 13:23:20",262.3,2,gashahundemiset
8589,16655813,minerppdy,"2026-08-04 06:06:58",262.3,1,minerppdy
8590,16671302,"Pratish Chaudhary","2026-08-10 00:35:01",262.2,1,pratishchaudhary
8591,16625775,liubingxin205,"2026-08-15 06:29:40",262.2,2,"hongjuw,liubingxin205"
8592,16701041,"Meet Babariya","2026-08-10 14:21:06",262.1,1,meetbabariya
8593,16669314,"Editor Jugnu AI","2026-09-06 08:31:32",262.0,2,editorjugnuai
8594,16783872,"Soupau Lev","2026-09-01 09:50:33",262.0,1,olivierauffret
8595,16665719,"[Armenia] Narek Petrosyan1","2026-08-05 07:49:34",261.8,1,narekpetrosyan1
8596,16661469,"Qiqi Xie","2026-08-06 20:53:32",261.8,2,qiqixie123
8597,16663459,"Cristian Yeanpaul Palomino Calderon","2026-08-06 04:14:17",261.8,2,dawo0t
8598,16656679,"Sadiqa Bibi","2026-08-27 09:52:29",261.7,2,sadiqabibidata
8599,16697712,"Daniel Hebenstreit","2026-09-06 11:53:20",261.2,2,danielhebenstreit
8600,16684535,Moonlight,"2026-09-07 14:16:17",261.1,2,rajesh1joc
8601,16707941,ニイエチカイン,"2026-08-14 15:28:42",261.0,2,j4ck99
8602,16748092,Luckshith,"2026-08-20 12:59:43",260.7,2,luckshith
8603,16733204,"Sompalli Akhil Kumar","2026-08-18 10:14:08",260.7,2,sompalliakhilkumar
8604,16706312,"shabbar taj","2026-08-11 16:35:57",260.5,2,shabbartaj
8605,16657378,doteeee,"2026-08-14 11:43:40",260.5,2,narendra
8606,16737009,"Alexandre Pedrosa","2026-09-03 07:42:20",260.5,1,alexandrepedrosai
8607,16691322,"Anita rai98765","2026-08-16 19:05:43",260.4,2,anitarai98765
8608,16907754,Shenghan,"2026-09-17 10:15:54",260.1,1,shenghanxie
8609,16654293,"Jatin N. Soni","2026-08-18 09:59:05",260.1,2,jatinsoni111
8610,16758007,stoicsatvik,"2026-08-22 12:37:48",259.9,1,stoicsatvik
8611,16661587,"Debashis Mohapatra","2026-08-05 09:05:50",259.9,2,debashismohapatra
8612,16644398,Nurkan123,"2026-08-16 21:20:24",259.7,2,nurkan123
8613,16666512,RexHuang936,"2026-08-07 08:51:41",259.6,2,rexhuang936
8614,16653997,"Alekya Valapushetty","2026-08-05 13:52:08",259.5,2,alekyavalapushetty
8615,16683998,"Mahoraga save me","2026-08-07 22:09:22",259.4,2,yqngyv
8616,16655159,"Marcel Relaford","2026-08-13 01:26:26",259.3,1,marcelrelaford
8617,16649074,nanato,"2026-08-28 04:27:29",259.2,1,nanato
8618,16809620,"Mohamed Alaa Elboraay","2026-09-02 19:11:42",259.1,2,mohamedalaa10
8619,16661231,"R Ajay Kumar12","2026-08-04 14:12:11",258.9,1,rajaykumar12
8620,16677517,justnyoike,"2026-08-10 01:12:56",258.8,2,justnyoike
8621,16654318,"Aryan Raj Ayush","2026-08-23 08:34:14",258.8,1,aryanrajayush
8622,16785175,SonOfNike,"2026-08-28 17:20:58",258.6,1,sonofnike
8623,16841154,Kinjal,"2026-09-05 22:13:51",258.5,2,kinjalparmar5009
8624,16894802,"phus sea","2026-09-15 16:23:01",258.4,2,phussea
8625,16740950,Shaw,"2026-08-23 10:07:14",258.3,2,shaw06
8626,16660957,CREVATEC,"2026-08-11 09:30:33",258.2,2,"olakunleolalekan,samueloladeji"
8627,16822994,"Peter Danilov","2026-09-03 18:16:23",258.2,1,pndanilov
8628,16658783,"Devesh Choudhury","2026-08-07 17:08:33",258.2,2,deveshchoudhury
8629,16729884,"Chaimaa Matrag","2026-09-05 19:51:34",258.0,2,chaimaamatrag
8630,16664157,"Runjie Zhu","2026-08-10 11:49:13",257.8,1,damiendesolei
8631,16659900,"Abu Bakr","2026-08-04 18:30:29",257.7,2,mohamed32010
8632,16763400,"Parth Sarnobat","2026-09-18 19:02:38",257.5,2,parthsarnobat
8633,16719618,Javierrcs,"2026-08-14 13:16:05",257.5,1,javierrcs
8634,16666574,"hrishit prakash","2026-08-05 13:26:37",257.3,2,hrishitprakash
8635,16627717,da_pond,"2026-07-31 08:33:57",257.3,1,dapond
8636,16862268,"Vishal Harry","2026-09-12 21:26:48",257.2,2,vshr777
8637,16724204,chestnut,"2026-08-21 02:15:17",257.0,2,yskkrbysh
8638,16657426,"M.Mukunda Reddy","2026-08-17 06:18:11",257.0,2,mmukundareddy
8639,16662039,"Ajat Rosadi","2026-08-04 16:58:10",256.9,2,ajatrosadi
8640,16762459,GNR_network,"2026-08-23 13:59:19",256.9,1,gnrnetwork
8641,16772089,"Ana Riquele","2026-08-26 18:11:38",256.8,2,anariquele
8642,16659203,"Praful Nayak","2026-08-05 08:17:06",256.7,2,prafulnayak2003
8643,16677788,DorianCo,"2026-08-06 18:10:06",256.4,2,dorianco
8644,16660471,"Obsessed Beings","2026-08-24 16:44:48",256.1,2,"meur99,muhammedsaeed315,obsessedbeing,studentwork01"
8645,16760903,"Derrick Lace","2026-08-23 04:23:40",256.1,2,derricklace
8646,16751488,Klixel,"2026-08-21 03:35:28",255.6,1,klixel
8647,16806577,ShinYAM1002,"2026-09-06 17:33:20",255.6,1,shinyam1002
8648,16708091,"Dipak Kumar Samanta","2026-08-11 15:17:04",255.5,1,dipak889
8649,16774202,Wrs,"2026-08-26 09:21:40",255.3,1,wrsarch
8650,16738539,"Sharath S","2026-08-21 05:19:45",254.9,2,akicodes
8651,16688231,"Antoine Matemane Mahirwe","2026-08-10 19:40:15",254.9,2,antoinemah
8652,16660450,"prashant prakash","2026-08-08 09:45:36",254.5,2,prashantprakash28
8653,16656198,N9uy3nPham,"2026-08-06 10:56:04",254.5,2,n9uy3npham
8654,16669411,"Atta Ullah","2026-08-10 13:28:30",254.4,2,attaullahqau
8655,16822259,"Craig Goldswain","2026-09-07 14:52:01",254.3,2,craiggoldswain
8656,16708480,"Omar M.Moustafa","2026-08-11 18:55:58",254.3,2,omarmmoustafa
8657,16802535,"To be happy","2026-09-18 15:53:48",254.1,2,yaokaixinya123
8658,16659374,"[Deleted] 8f7327b9-2576-439b-bd6e-3f5fde366ebe","2026-08-04 10:12:44",254.0,1,del=8b215115eb53cbc1
8659,16668032,pat999,"2026-08-08 08:30:58",253.7,2,pat999
8660,16841277,"Luis Garza Gonzalez","2026-09-08 05:07:26",253.5,2,luisgarzagonzalez
8661,16654306,Shubham,"2026-08-03 19:09:40",253.4,2,sanjayshubham24
8662,16676003,franck,"2026-08-06 14:59:55",253.2,2,bakura
8663,16698987,"Shree Ashok L","2026-09-01 05:16:16",252.9,2,"praneelbaskar,rishivarathan,santhoshkumarp24,shreeashok72"
8664,16771048,"Aditya Pawar","2026-08-25 16:55:04",252.8,1,aditya22102001
8665,16723075,"Cauã Freitas","2026-08-28 17:35:54",252.6,1,cauafreitas
8666,16633833,"mohammad javad Kamali","2026-08-19 05:13:42",252.4,1,mohammadjavadkamali
8667,16683428,"Darsh Jilka","2026-08-19 09:03:08",252.3,2,darshjilka
8668,16852383,"Ahmed Mostafa #2","2026-09-08 06:46:03",252.3,2,republic966
8669,16666383,"Sindhi Vishal","2026-08-14 10:46:32",252.2,2,sindhivishal
8670,16637845,"Hadjmohamd Seif","2026-08-08 21:47:53",252.2,2,hadjmohamdseif
8671,16724512,"Diw Gupta","2026-08-21 13:45:51",252.1,1,diwgupta
8672,16681959,"shun takinami","2026-08-07 05:43:47",252.1,1,shuntakinami
8673,16736084,"Kaishang Zhang","2026-09-02 13:41:28",252.1,2,kaishangzhang
8674,16793148,"Hoàng Trung Nguyễn","2026-09-01 08:08:00",252.0,2,hongtrungnguyn
8675,16658888,NovaBytes,"2026-08-06 07:06:34",251.8,2,"drashtisingh14,kjjkjjk3107"
8676,16670506,"Juan Andres Bravo Mejia","2026-08-05 21:40:17",251.4,1,juanandresbravomejia
8677,16633483,"benkerrouche abdelbasset","2026-08-07 16:11:50",251.3,1,bassetkerouche
8678,16689903,wangbohuan,"2026-08-08 09:35:12",251.2,2,wangbohuan
8679,16641331,ushi,"2026-08-05 13:33:18",251.2,1,yuki508
8680,16667691,alexanderctrl,"2026-08-18 10:10:51",251.1,2,alexanderctrl
8681,16658152,MingSUN007,"2026-08-04 13:46:29",251.1,2,mingsun007
8682,16659001,"Tim Wanjohi","2026-08-12 11:43:16",250.9,2,timwanjohi
8683,16707519,"Pradnya Khanse","2026-08-11 12:52:07",250.9,1,pradnyakhanse
8684,16750033,davidw001,"2026-08-20 17:13:07",250.8,1,davidw001
8685,16811524,PeiyuQian,"2026-09-11 16:00:55",250.8,2,peiyuqian
8686,16755126,"David ter Kuile","2026-08-21 14:01:59",250.1,2,davidterkuile
8687,16669756,AlgSaid,"2026-08-05 18:54:07",250.0,1,imabdallah
8688,16725615,carside,"2026-08-29 04:49:31",250.0,1,carside118
8689,16703295,Yuting,"2026-08-13 20:42:16",250.0,2,yutinghanuxd
8690,16711673,losingself,"2026-08-12 09:07:45",249.8,1,level14taken
8691,16632145,kazuki_kazukazu,"2026-07-31 14:53:13",249.8,1,kazukikazukazu
8692,16790992,"Matthew Knyazev","2026-08-29 17:53:40",249.6,1,matthewknyazev
8693,16695937,Ryckiii,"2026-08-09 13:03:24",249.3,1,ryckiii
8694,16821068,"Danila Goncharenko","2026-09-03 15:22:12",249.2,2,danilegovich
8695,16779857,0x74,"2026-09-03 14:03:17",249.0,1,i0x74i
8696,16690494,StevenBeyen,"2026-08-13 07:55:32",249.0,2,beyensteven
8697,16744954,charley8,"2026-08-22 06:23:36",248.8,2,charley8
8698,16759675,TianKitty,"2026-08-27 04:43:06",248.8,1,tiankitty
8699,16657777,"sandeep kumar","2026-08-04 11:41:21",248.8,2,sandeep088
8700,16632795,"vishwottam kudekar","2026-08-05 18:19:02",248.6,1,vishwottamkudekar
8701,16823858,"James Mills","2026-09-18 17:50:07",248.5,2,jamesmills1975
8702,16727383,"Minchul Shin","2026-08-20 07:50:37",248.1,1,nashory
8703,16639684,Rubel,"2026-08-05 18:49:11",248.0,2,rubel01
8704,16657440,Lz7_129,"2026-08-04 15:26:01",247.9,1,lz7129
8705,16679467,"Ahmed Zedan","2026-08-18 00:28:27",247.9,2,ahmedzedan11
8706,16665614,MesonLabs,"2026-08-11 06:17:27",247.8,1,mesonlabs
8707,16784952,"Adria Barreto","2026-08-28 16:06:57",247.8,1,adriabarreto
8708,16773557,"Rudra kalyan","2026-08-26 09:08:54",247.7,2,rk1144
8709,16644210,"حسنين ساجد","2026-08-07 22:08:44",246.9,2,kutghngf98687er
8710,16635098,"Charvi Upreti","2026-08-15 05:43:59",246.9,1,charviupreti
8711,16782747,goodgreen,"2026-08-28 04:30:23",246.8,1,goodgreen
8712,16699790,Aryanpal07,"2026-08-16 12:28:53",246.7,1,aryanpal07
8713,16758090,"JOYMIE TALICUAD","2026-08-22 10:07:40",246.5,1,joymietalicuad
8714,16712990,shreyaaaaa9,"2026-08-12 16:17:06",246.4,1,shreyaaaaa9
8715,16687891,qklent,"2026-08-09 19:44:12",246.3,1,qklent
8716,16811014,"Overfit and Chill","2026-09-18 12:41:38",246.1,2,toyeshchakravorty
8717,16849556,"Peter Bull","2026-09-08 12:41:45",245.9,2,peterbull
8718,16750526,"Marcel Biezunski","2026-09-05 16:44:52",245.8,1,marcelbiezunski
8719,16831820,"Raihan Saladin","2026-09-12 17:21:34",245.8,2,raihansaladin
8720,16672767,"FasterYouChase FasterIRun","2026-08-09 13:15:12",245.7,2,icoguser
8721,16655762,"Idrisse Moundhir","2026-09-05 08:21:45",245.4,1,idrissemoundhir
8722,16686316,"Ali mohon","2026-08-07 16:16:43",245.4,2,alimohon
8723,16796678,ka,"2026-08-31 16:16:03",245.3,1,kandruszek
8724,16714263,Lmfm24,"2026-08-12 20:38:01",245.3,2,lmfm24
8725,16701143,macneil,"2026-08-14 14:53:54",245.3,2,macneil
8726,16645300,szyulian,"2026-08-04 04:42:36",245.1,1,szyulian
8727,16728350,fajarnadeem808,"2026-08-16 13:07:59",245.1,2,fajarnadeem808
8728,16632881,"Brisa Marina","2026-08-07 16:13:15",245.1,1,brisamarina
8729,16745293,Harvey,"2026-08-22 04:20:10",245.0,2,celestia0113
8730,16818924,"super penguin king","2026-09-03 12:35:44",244.9,1,superpenguinking
8731,16659703,"Ananya #2","2026-08-04 12:00:26",244.8,1,ananyax8
8732,16749514,"M Harini","2026-08-20 16:43:59",244.6,1,rvmharini
8733,16696266,"Pandarasamy Arjunan (Samy)","2026-08-09 14:16:03",244.5,1,samy101
8734,16656692,"kinza aftab 714","2026-08-04 05:43:51",244.5,2,kinzaaftab714
8735,16856961,"Victor Egbo","2026-09-10 08:38:48",244.4,2,victoregbo
8736,16695733,"Imad Zaanine","2026-08-11 02:11:15",244.3,2,imadzaanine
8737,16654853,"Saketh Rao","2026-08-03 21:43:14",244.0,1,sakethrao
8738,16913778,"Ugwushi Chijioke","2026-09-17 12:30:36",243.8,2,ugwushichijioke
8739,16724743,"Dr. James Gambrah","2026-08-17 08:48:47",243.4,2,jamesgambrah
8740,16712979,"Yusuke Tsukuda","2026-08-12 14:58:39",243.4,1,yusuketsukuda
8741,16655508,bigsea,"2026-08-04 01:31:58",243.2,2,sakamakihiromi
8742,16664863,zzzhhcc,"2026-08-13 06:15:42",243.0,2,zzzhhcc
8743,16792392,pansya,"2026-08-30 08:13:58",243.0,1,pansya
8744,16662066,"Yug Savalia","2026-08-06 19:06:26",242.9,1,"priyankagarg19,yugsavalia"
8745,16675104,"khwaja Moula'Ali","2026-08-06 11:30:49",242.8,1,khwajamoulaali
8746,16668654,"Zharkyn Makhanbet","2026-08-10 18:28:08",242.7,1,imadparadoxi
8747,16660321,syafanidwina,"2026-08-05 00:41:33",242.3,1,syafanidwina
8748,16678647,"Zorawar Singh","2026-08-06 19:55:53",242.3,2,zorawarsingh677
8749,16728249,"Ahmet Kiraz","2026-08-17 07:23:30",242.1,1,ahmetqiraz
8750,16663066,"Mithun Kore","2026-08-29 19:18:28",241.6,1,mithunkore
8751,16716407,"Ibrahim Adamu Anka","2026-08-13 09:01:38",241.4,2,ibrahimadamuanka
8752,16680521,"Luis Enrique Dalmau","2026-09-04 09:45:18",241.4,2,luisenriquedalmau
8753,16881250,"Enes Altunbaş","2026-09-18 18:22:47",241.4,1,enesaltunba
8754,16807657,Dechant,"2026-09-14 08:39:17",241.2,1,dechant
8755,16685128,"Rohan Hake","2026-08-10 12:48:36",241.2,2,rohanhake
8756,16667365,"leul dereje","2026-08-08 06:54:54",241.1,2,leuldereje
8757,16665704,"Sreesanth M S","2026-08-05 07:12:05",240.9,1,sreesanthms
8758,16748882,gsv,"2026-08-20 16:13:45",240.8,1,ram1o1
8759,16733752,Abhi,"2026-08-17 19:34:16",240.5,1,zeroday19
8760,16762167,"Arkoday Roychowdhury","2026-08-24 01:29:19",240.4,2,arkodayroychowdhury
8761,16667550,"Oseni Sakariyau Oluwadamilare ","2026-08-23 10:05:56",240.0,2,sakabambam
8762,16662048,"Deekshitha Prabhakar","2026-08-06 18:15:45",240.0,2,deekshithaprabhakar
8763,16882350,akacome,"2026-09-12 18:32:37",240.0,1,akacome
8764,16663191,"Arnav Anand","2026-08-04 19:53:08",240.0,1,arnavair27
8765,16658383,"SIVA S","2026-09-18 05:53:11",239.8,2,codingmaster24
8766,16768507,"Dhanush Ballanki","2026-08-25 00:33:27",239.6,1,dhanushballanki
8767,16830761,Skarmory,"2026-09-04 13:05:56",239.4,1,syarnorke
8768,16725288,mustafasadiqi,"2026-08-15 12:26:35",238.7,1,mustafasadiqi
8769,16667684,"Tim Neale","2026-08-06 13:01:12",238.7,1,timothyjneale
8770,16654568,Samiksha_Chan1022,"2026-09-18 12:06:19",238.5,1,samikshachan1022
8771,16723467,"Vladas Verkelis","2026-08-15 14:23:42",238.2,1,vlaveris
8772,16654067,DataForge,"2026-08-05 10:19:25",237.9,2,"chanduchandini,goriparthiramatulasi,srilakshmipanitini,suryachakradhar"
8773,16919599,yygg2026,"2026-09-18 09:38:47",237.8,1,yygg2026
8774,16678355,"Tanuj Saxena","2026-08-07 10:10:24",237.7,2,tanujsaxena
8775,16663003,devzohaib,"2026-08-04 21:27:30",237.6,1,devzohaib
8776,16809584,"Kinnal Rutu","2026-09-02 15:01:01",237.5,2,kinnalrutu
8777,16635610,JeffFosterUK,"2026-08-01 17:16:52",237.2,2,jefffosteruk
8778,16698399,liuzhangzhen,"2026-08-10 09:49:23",237.2,1,liuzhangzhen
8779,16920587,"Agnieszka Jabłońska","2026-09-18 14:17:48",237.1,1,agnieszkajaboska
8780,16813582,Soham_7391,"2026-09-16 09:59:13",237.0,2,soham7391
8781,16712844,"ray hengbo","2026-09-01 03:35:31",236.9,1,rayhengbo
8782,16659280,"yahaya zayyan","2026-08-04 10:51:16",236.8,1,yahayazayyan
8783,16756743,"Ismail Alli Adekunle","2026-08-21 22:59:18",236.6,1,ismailalliadekunle
8784,16723726,"Erika Worrall","2026-08-15 23:09:17",236.3,1,erikaworrall
8785,16885658,mio114,"2026-09-13 14:05:56",236.2,2,mio114
8786,16659572,"ABHILASH PRAHARAJ","2026-08-04 11:24:21",236.1,1,abhilashpraharaj
8787,16662603,"Shem Gikunda","2026-08-06 17:24:48",236.0,1,shemgikunda
8788,16658567,"Sharif Mohamed (1)","2026-08-04 13:16:47",235.9,1,sharifmohamed1
8789,16623846,"masatoshi hiraki","2026-07-31 07:52:39",235.7,2,masatoshihiraki
8790,16744545,"Aditya Kumar Singh 013","2026-08-19 18:45:42",235.6,1,adityakumarsingh013
8791,16887893,"Sridhar C","2026-09-13 20:12:56",235.6,2,sridharchinnasamy
8792,16658644,"Hitarth Pandey","2026-08-09 03:04:42",235.4,1,hitarthpandey
8793,16802203,"Sadaf Mughees","2026-09-11 15:16:39",234.8,2,sadafmughees
8794,16690286,imunderthetree,"2026-08-08 12:25:51",234.4,2,imunderthetree
8795,16680789,Marouane,"2026-08-15 02:41:18",234.3,2,marouanealahyane
8796,16710929,"Pooja Divekar","2026-08-16 08:22:48",233.6,1,poojadivekar123
8797,16784360,"Suraj Kumar","2026-09-08 10:20:42",233.4,2,suraj99km
8798,16684908,"Nidal Saleh","2026-08-08 14:08:20",233.4,2,nidalsaleh
8799,16682051,"Noorjahan Siddiqui","2026-08-10 09:33:35",233.3,2,noorjahansiddiqui
8800,16782525,"Ashish Mittal","2026-08-28 05:27:46",232.9,2,ashish1502g
8801,16661810,AGNES33,"2026-08-16 19:09:18",232.8,2,agnes33
8802,16798369,"Olabode James","2026-09-01 20:40:53",232.7,1,olabodejames
8803,16655292,"Ingrid Fellah","2026-08-04 06:31:35",232.6,2,ingvor
8804,16660291,"Abhijit Rajkumar","2026-08-04 13:27:44",232.4,2,abhijitrajkumar
8805,16809006,Ilya,"2026-09-02 13:23:05",232.3,1,zhukov
8806,16743329,"Daniel Obioma emenike","2026-09-11 12:32:22",232.1,2,danielobiomaemenike
8807,16817626,"Jaya Singh","2026-09-15 13:30:37",232.1,2,jayasingh12
8808,16861601,aliksey,"2026-09-11 17:22:46",232.0,2,aliksey
8809,16799132,"Marlon Vasquez","2026-09-01 08:07:31",231.9,2,vexmeavf
8810,16663525,"Eric Hilary Smith","2026-09-16 19:15:20",231.5,2,erichilarysmith
8811,16676991,"Jack Hopkins","2026-08-19 19:11:37",231.4,2,jackhopkins
8812,16687574,"Yash Raghuvanshi","2026-08-07 22:09:38",230.2,2,yashraghuvanshi25
8813,16623099,"Bovard Doerschuk-Tiberi","2026-07-30 21:04:23",230.0,1,bovard
8814,16654256,"KONGARA PRASANTH","2026-08-04 03:40:27",229.8,2,prasanth2008
8815,16658761,!Aman212,"2026-08-04 12:10:28",229.7,2,aman9142424
8816,16655786,leavts,"2026-08-04 02:35:50",229.7,1,leavts
8817,16691583,Caleb,"2026-08-09 14:32:52",229.3,2,collev
8818,16665701,ManuelWick-Eckl,"2026-08-27 16:01:18",228.6,2,manuelw
8819,16850036,Sumzali083,"2026-09-07 19:23:11",228.2,1,sumzali083
8820,16762081,VKAUL3,"2026-08-23 12:09:08",227.6,1,vkaul3
8821,16769754,daguniang,"2026-08-26 00:44:59",227.5,2,daguniang
8822,16653941,"Sachin Kumar Kushwaha","2026-08-11 08:45:11",227.2,2,sachinkumarkushwaha
8823,16760920,"Román Eliezer Pérez Ríos","2026-08-31 18:07:43",226.4,2,perezrios
8824,16708246,StudyForUse01,"2026-08-11 16:58:19",226.1,1,studyforuse01
8825,16728152,"Kenji Tai","2026-08-16 18:27:33",225.9,2,kenjitai
8826,16656633,N25H03A1028,"2026-08-05 05:18:45",225.8,1,pardhusadhu
8827,16669298,"Dinesh Naveen Kumar Samudrala","2026-09-18 14:13:52",225.7,2,dnkumars
8828,16666027,CropBOTS,"2026-08-13 16:12:42",225.7,2,"anshultickoo,itsmepooja,manuakumar,sapnajain115"
8829,16669060,Twansss,"2026-08-15 04:37:59",225.6,2,twansss
8830,16761134,mash3gt,"2026-08-23 06:10:12",224.4,1,shiroguitar
8831,16895191,"Oluwatobi Ojekanmi","2026-09-16 12:53:27",224.2,2,oluwatobiojekanmi
8832,16656515,"Rushal Manandhar","2026-08-06 04:15:01",224.1,1,rushalmanandhar
8833,16744221,Dizzy1829,"2026-08-29 04:15:48",223.8,1,dizzy1829
8834,16725537,"Ayan Bashir Sheikh","2026-08-15 18:02:07",223.1,2,ayanbashirsheikh
8835,16780411,K.Satwik,"2026-08-27 16:23:04",223.0,2,ksatwik3220
8836,16918569,"Ashee Softworks","2026-09-18 05:59:35",222.9,1,asheesoftworks
8837,16858512,lkjmo123,"2026-09-09 06:45:18",222.8,1,lkjmo123
8838,16654244,"Saad Nanawala","2026-08-03 18:17:33",222.7,1,saadnanawala
8839,16760392,Владимир,"2026-08-23 00:19:23",221.8,1,vgkuvshinov
8840,16706134,NK11FC,"2026-08-25 11:30:00",221.6,2,nk11fc
8841,16675956,"Hassan Alghamoudi","2026-08-10 02:36:36",221.5,2,hassanabdulhafid
8842,16700992,Abhishek_1355,"2026-08-25 09:17:08",220.4,1,abhishek1355
8843,16696952,tronxz8,"2026-09-09 13:51:31",220.3,1,tronxz8
8844,16633342,farm75,"2026-08-03 14:03:14",220.3,2,sakthi75
8845,16689364,"Udbhav Purwar","2026-08-11 10:12:00",220.1,1,udbhavpurwar
8846,16889852,"Abdikaliq osman","2026-09-16 00:48:05",219.7,2,abdikaliqosman
8847,16639692,"Nirmal Patel","2026-08-06 03:05:27",219.7,2,nirmalpatel02
8848,16739908,"Asfam Parvez Kawser","2026-09-10 09:42:54",219.6,2,asfamparvezkawser
8849,16845903,"Tsubasa Hizono","2026-09-07 05:47:46",219.5,2,tsubasahizono
8850,16762162,"Shota Hirao","2026-08-23 12:34:05",219.2,1,shotahirao
8851,16621290,"Muhammad Ahsan","2026-07-30 17:35:00",219.1,2,ahsanneural
8852,16663658,oriolgalceran,"2026-09-16 05:10:58",219.1,2,oriolgalceran
8853,16654314,Mahamudul_Hassan_8012,"2026-08-03 18:33:07",218.9,2,mahamudulhassan8012
8854,16701138,superpig,"2026-08-19 09:43:31",218.9,1,geniussuperpig
8855,16663910,"Shivram Nekkanti","2026-08-07 14:38:04",218.8,1,shivramnekkanti
8856,16663333,"Iago Moura e Moreira","2026-08-04 20:05:06",218.6,1,iagomouraemoreira
8857,16636540,"Burkova Nastia","2026-08-01 13:34:02",218.1,2,"burkovanastia,ellvalerie"
8858,16653319,"Md. Rasel Meya","2026-08-06 14:42:18",217.8,2,raselmeya
8859,16777986,小雨姑娘,"2026-08-27 21:51:19",217.5,2,skewcy
8860,16687337,"sravani kamjula","2026-08-07 19:38:39",216.9,2,sravanikamjula
8861,16711840,OverfitMilkCake,"2026-08-13 06:36:21",216.9,1,overfitmilkcake
8862,16668024,"Igor Burkov","2026-08-07 04:35:37",216.8,2,igorburkov
8863,16750285,LeEmperor,"2026-08-22 04:36:18",216.5,2,leemperor
8864,16663438,"Varun Prajapati","2026-08-08 21:54:54",216.5,2,"krunalasari,varun2206"
8865,16659910,"Shraddha Kumbhar","2026-08-07 09:55:58",216.4,2,raj113
8866,16778545,Mizunooo,"2026-09-10 10:16:12",215.6,2,mizunooo
8867,16731838,"zhexun Liu","2026-09-18 00:52:34",215.1,2,zhexunliu
8868,16624000,Leneen,"2026-08-31 16:02:47",214.9,1,leneen
8869,16656900,Hxrsh09,"2026-08-10 14:39:46",214.8,2,hxrsh09
8870,16744461,"Adiratna Kamble","2026-08-21 22:05:13",214.1,1,adiratnakamble
8871,16662353,"LAYAL ALNASHMI","2026-09-12 11:37:55",213.3,2,waitups
8872,16723404,"Mahdi Al Hajji","2026-08-20 02:13:12",213.2,2,mhh1430hacker
8873,16660309,"Hazem Mahmoud Elsayd","2026-08-04 16:34:31",212.6,2,hazemmahmoudelsaid
8874,16716386,"Dev Marya","2026-08-13 09:26:18",212.1,1,devmarya
8875,16751141,DeadJed,"2026-08-26 11:10:40",212.1,2,deadjed
8876,16867344,"shayan yadegaridehkordi","2026-09-12 17:05:44",211.4,1,shayanyadegari32
8877,16732342,"Viktor Antonov","2026-08-18 10:22:32",211.2,1,viktorantonov
8878,16687514,Dark_1926,"2026-08-07 20:30:33",211.1,1,dark1926
8879,16700832,Blitz,"2026-08-10 11:37:18",211.1,1,premshinde
8880,16706591,"Poorvi Shetty","2026-09-17 23:16:04",211.0,2,poorvishetty1
8881,16717555,"Mariem GLIOUEZ","2026-09-10 15:21:07",210.8,1,mariemgliouez
8882,16654482,SarahShams,"2026-08-14 16:36:06",210.8,2,sarahshams
8883,16692652,"Harsith R","2026-08-08 20:26:56",210.8,1,chiefofpredicitions
8884,16877079,"Saptak Banerjee","2026-09-11 19:09:58",210.7,1,saptakbanerjee123
8885,16623274,Mhmda81,"2026-08-03 00:10:04",210.6,2,mhmda81
8886,16666414,salyamq,"2026-08-05 16:41:38",210.5,1,salyamq
8887,16730086,HanaGhanem,"2026-08-16 23:44:56",210.1,1,hanaghanem
8888,16657525,"Alae Lakhdar","2026-08-05 08:10:49",210.1,1,alaelakhdar
8889,16859770,"Praful Tiwari1","2026-09-14 10:37:58",210.0,1,prafultiwari1
8890,16663913,"Aanaa Kaliil","2026-08-05 15:15:31",209.9,2,aanaakaliil
8891,16688190,"Win M","2026-08-08 00:28:18",209.7,1,winmet
8892,16831130,"Khushar Pal","2026-09-06 15:21:15",209.7,2,khusharpal
8893,16632724,"Sayan Dutta","2026-08-04 07:47:42",209.7,1,sayan1507
8894,16885565,"Shiva Rupan S","2026-09-13 11:19:14",209.5,1,shivarupan20me
8895,16672284,"Dhruv | AI/ML Engineer in Progress","2026-08-07 06:55:13",209.1,1,dhruvdipakchudasama
8896,16670747,"Aryan Kumar Chaudhary","2026-08-11 22:46:05",209.0,2,"aryankumarchaudhary,rakshitmundra"
8897,16639465,"Gabriel Aguiar Leao","2026-08-02 00:23:49",208.9,1,"gabrielaguiarleao,marcositta"
8898,16671342,"Danh Nguyen 1303","2026-08-09 14:47:52",208.9,1,danhnguyen1303
8899,16661689,"David Rao","2026-08-04 18:27:01",208.8,1,davidrao63
8900,16698886,pied_piper,"2026-08-10 14:11:15",208.8,2,ahanhalder
8901,16773358,yogeshgoudapatil,"2026-08-27 14:59:13",208.8,2,yogeshgoudapatil
8902,16841294,"Annu Rana1","2026-09-09 18:12:34",208.7,1,annurana1
8903,16639615,rickzai,"2026-09-01 05:37:21",208.1,2,rickzai
8904,16684891,SARTHAK,"2026-08-14 19:07:26",208.1,1,s4rth4k01
8905,16658311,zkskhurram,"2026-08-05 07:59:40",208.1,2,zkskhurram
8906,16794720,"paola hernandez55","2026-08-31 04:19:31",208.1,1,paolahernandez55
8907,16668379,dccgps,"2026-08-08 05:44:36",207.6,1,dccgps
8908,16860921,jayjayfff,"2026-09-10 01:25:36",207.2,2,jayjayfff
8909,16697020,"Hossam elden Mohamed","2026-08-15 01:13:51",206.1,2,hossameldenmohamed
8910,16685568,Secertive,"2026-08-08 17:59:52",205.9,1,secretiveplotter1863
8911,16769114,angayoung,"2026-08-25 07:22:00",205.9,1,joaga0603
8912,16866478,aktk,"2026-09-10 16:43:56",205.2,2,aniltk
8913,16660930,"Chung Ching Yeh","2026-08-04 14:44:34",205.1,2,chungchingyeh
8914,16702060,Mcusac,"2026-08-13 19:42:54",205.1,1,mcusac
8915,16735735,Rishabh@1304,"2026-09-12 10:08:51",204.4,2,rishabh1304
8916,16890196,hello518123,"2026-09-14 08:51:52",204.3,1,hello518123
8917,16889817,"Om Patelxyz","2026-09-14 07:04:40",204.2,2,ompatelxyz
8918,16660146,4Solver,"2026-08-08 02:06:19",204.0,2,msfbiolinhares
8919,16681610,"team maccy","2026-08-07 20:27:06",203.7,1,robertgama
8920,16851731,"Amar 5454","2026-09-14 10:28:42",203.3,2,amar5454
8921,16660749,"PavanK Saketh","2026-08-04 13:38:48",203.3,2,pavanksaketh
8922,16657628,Hamo,"2026-08-07 12:00:21",202.8,2,mohamed2223
8923,16881244,"Atharva Govind Salunke","2026-09-18 17:50:01",202.8,2,atharvagovindsalunke
8924,16677786,"[Deleted] aec7dc1f-59cb-486f-998a-d2407e297536","2026-08-26 13:39:08",202.7,2,del=0fde9ba2630fee3c
8925,16712395,"Zuohong Pan","2026-08-12 12:15:40",202.7,1,pshuaibi
8926,16724325,Melancholian,"2026-08-15 06:43:12",202.6,1,kasaneru
8927,16826118,shishuyang11,"2026-09-04 06:50:04",202.5,1,shishuyang11
8928,16706557,"Nurullah Gundogdu","2026-08-11 17:52:07",202.3,2,nurullahgundogdu
8929,16668506,"Louie Tang","2026-08-08 06:56:52",202.0,2,louietang
8930,16659283,"DILEEP POTHULA","2026-08-08 06:43:15",202.0,2,dileeppothula
8931,16749225,"Hisyam Prasetyo","2026-08-27 11:26:07",201.6,2,hisyamprasetyo
8932,16682689,HenryRichardson1,"2026-08-07 10:00:12",201.3,1,henryrichardson1
8933,16915627,"Yash Pratap Singh","2026-09-17 14:59:02",200.6,1,yashpratapsingh10
8934,16665463,Seendon,"2026-08-06 19:19:25",200.6,2,informationminer
8935,16791131,"Maria Carolina BRAY","2026-09-18 12:21:35",200.2,2,mariacarolinabray
8936,16656771,"thushara bandara","2026-08-07 04:13:43",200.1,2,dushyanthibandara
8937,16656287,sandip_shaw123,"2026-08-05 10:02:07",199.8,1,sandipshaw123
8938,16684237,Zen_0910,"2026-08-07 17:07:02",199.7,1,zendeptrai
8939,16838890,"Yisher Xia","2026-09-05 16:09:13",199.6,1,yisherxia
8940,16653906,swaroop41,"2026-08-04 05:53:29",199.3,2,swaroop41
8941,16651507,jappanini,"2026-08-03 09:14:04",198.3,1,jappanini
8942,16633133,Holeneckles,"2026-09-16 17:15:47",198.3,2,holeneckles
8943,16661494,"Arulmaniyan Rajavel","2026-08-22 13:46:58",198.1,2,arulmaniyanrajavel
8944,16723262,"Tiago OliveiraLL","2026-08-28 18:22:12",198.0,1,tiagooliveirall
8945,16675428,"Farhan Khairullah","2026-08-09 16:22:00",197.1,2,farhankhairullah06
8946,16640914,inconnu,"2026-09-17 12:01:07",197.0,2,kajarnaklokossou
8947,16895750,"charles Ndemo","2026-09-16 13:27:43",196.8,2,charlesndemo
8948,16920891,"Renfei Wang","2026-09-18 13:14:40",196.5,1,renfei123456
8949,16717586,wangjialu2333,"2026-08-15 09:29:36",196.0,1,wangjialu2333
8950,16668438,"Sahil Suman","2026-08-16 17:09:20",195.3,1,sahilmanavraunak
8951,16662108,nhkien,"2026-08-05 06:52:18",194.8,2,nhkien
8952,16665371,"Kevoh Mutwiri","2026-08-24 19:31:27",194.6,2,kevohmutwiri
8953,16891082,"surya prakash Nayak2","2026-09-14 10:56:23",194.1,1,suryaprakashnayak2
8954,16679470,"GamaL Mahmoud","2026-08-08 13:33:52",193.9,2,gamalmahmoudtaha
8955,16655482,Apoorv007,"2026-08-04 01:55:41",193.8,1,apoorv007
8956,16625043,"Ivan Litvak","2026-09-16 16:36:06",193.6,2,trydotatwo
8957,16664315,happy_boy_2007,"2026-08-12 09:04:40",192.8,1,happyboy2007
8958,16741239,"fjf 1asd","2026-08-19 08:46:31",192.8,1,fjf1asd
8959,16669473,"William Bickelmann","2026-08-05 17:47:13",192.7,1,williambickelmann
8960,16674093,"Hoàng Trần Đặng Minh","2026-08-06 08:54:38",192.6,1,hongtrnngminh
8961,16769470,HaHHYbYY,"2026-08-26 07:52:33",192.1,1,hahhybyy
8962,16656196,"Vishwash Golakiya","2026-08-27 01:07:00",191.9,1,vishwashgolakiya
8963,16768568,Nour102006,"2026-08-27 04:46:00",191.8,2,nour102006
8964,16898240,jimmy5566,"2026-09-15 17:41:24",191.4,1,jimmy5566
8965,16709957,"Lei Gao","2026-08-12 04:03:42",191.4,1,leigao31
8966,16892144,"Ruichen Yin","2026-09-17 16:10:38",191.3,2,superaier
8967,16823341,"Agnieszka Sobala","2026-09-03 20:15:55",191.2,1,agnieszkasobala
8968,16727681,JanV123,"2026-09-06 05:37:07",190.6,2,janv123
8969,16661252,"Andrzej Walczak","2026-08-05 09:46:19",190.4,2,andrzej1983
8970,16693318,meow3301,"2026-08-09 02:33:34",190.2,2,meow3301
8971,16662933,"Marcelo Pereira","2026-08-19 01:14:40",190.0,2,marcekkusrp
8972,16623131,"Liam Carrig Newsam","2026-08-04 00:00:03",189.6,1,liamcarrignewsam
8973,16734896,pattikamo,"2026-08-27 10:52:28",189.3,2,pattikamo
8974,16807557,coolz,"2026-09-09 06:35:51",188.6,2,cooolz
8975,16736759,"Lavesh Kadam","2026-08-18 10:55:05",188.3,1,laveshk314
8976,16724242,"Romash Koirala","2026-08-20 11:34:14",188.2,1,romashkoirala
8977,16668048,"Gazi Sayem Uddin Samir","2026-08-05 14:29:51",188.0,2,gazisayemuddinsamir
8978,16679713,"John william Vicente 🇧🇷","2026-08-07 00:38:57",187.9,1,chrollo079
8979,16644360,Mathous,"2026-08-02 20:28:00",187.7,1,mathisdac
8980,16760025,DEBI,"2026-09-17 21:07:44",187.6,2,"mayarabdelfattah,omarelmaghraby03"
8981,16676992,NIDHIHEER01,"2026-08-16 17:09:00",187.4,1,nidhiheer01
8982,16863892,brunoarpa,"2026-09-10 02:43:09",186.9,1,brunoarpa
8983,16860288,"VIKASH YADAV","2026-09-18 09:07:57",186.9,2,vikashyadav05
8984,16652159,Boson328,"2026-08-04 10:06:13",185.3,1,boson328
8985,16697628,"Yash Sharma","2026-08-17 15:33:32",185.0,2,yashsharma42
8986,16915882,BandaruLakshmi1234,"2026-09-17 16:50:15",184.7,1,bandarulakshmi1234
8987,16869551,"Adrien ple","2026-09-11 12:48:34",184.6,2,adrienple
8988,16666037,"Matheus Marques","2026-08-06 06:03:28",183.9,2,mathmarquesbr
8989,16912044,"[Deleted] 0b2c3d58-9494-483e-ad4c-1465b66166ca","2026-09-17 08:46:46",182.5,2,del=2e39a6893da554dc
8990,16886819,"Rebecca Shirievo","2026-09-16 17:29:07",182.1,2,rebeccashirievo
8991,16685093,"Huzaifa Inam","2026-08-07 13:47:15",181.6,2,huzaifainam
8992,16802035,"sanchit atre","2026-09-01 09:31:07",180.6,2,sanchitatre
8993,16718139,"shah jatin","2026-09-14 15:40:49",180.6,2,shahjatin
8994,16889278,"Ari Kurniawan92","2026-09-14 08:32:53",180.6,1,arikurniawan92
8995,16665223,"Sawon Mitra","2026-09-06 17:13:28",180.4,2,sawonmitra
8996,16740815,Remielle,"2026-09-18 17:05:49",180.0,2,remielle
8997,16657306,"Krunal Chavda","2026-08-07 21:38:11",179.6,2,krunalchavda21
8998,16663945,anyasri,"2026-08-18 03:52:31",178.8,2,anyasri
8999,16717600,"Collistus Kibe","2026-08-21 22:13:38",178.6,2,collistuskibe
9000,16907555,"Pandidurai E","2026-09-17 16:08:13",178.3,2,pandiduraie
9001,16656278,"Bhuvaneshwari Rebba","2026-08-04 09:20:36",177.9,1,bhuvaneshwarirebba
9002,16663448,"Adel I.","2026-08-07 12:55:44",177.9,2,adelid
9003,16664458,"Prantik Chandra","2026-08-05 05:47:10",177.8,1,prantikchandra
9004,16777923,Sho,"2026-09-18 17:37:30",177.4,2,shoito08190904
9005,16663334,"sameer mughal","2026-08-29 20:12:57",177.4,2,sameermughal109
9006,16662630,"M.mohamed Muhasir","2026-08-05 18:25:39",177.3,2,mmohamedmuhasir
9007,16691502,"DILANE FOGUE KAMGA","2026-08-08 15:20:05",177.2,1,dilanekamga
9008,16698307,AnasAl7,"2026-08-10 13:08:08",177.1,2,anasal7
9009,16658693,leehuilong,"2026-08-06 12:49:22",177.0,2,leehuilong
9010,16658033,"sanjay Ghalagi","2026-08-27 15:29:34",176.5,2,sanjayghalagi
9011,16667238,"Srija ganguluri","2026-08-07 10:14:48",176.5,1,srijaganguluri
9012,16659929,"MAMADOU LY (LY BOUSSO 45)","2026-08-13 11:43:25",176.2,2,mamadoulylybousso45
9013,16768453,phicis8911,"2026-09-16 00:41:21",175.9,2,phicis8911
9014,16719771,"Oleg Papulov","2026-09-12 11:31:22",175.6,2,olegpapulov
9015,16655573,"Probablyaphilosopher ","2026-08-16 00:01:40",175.2,2,probablyaphilosopher
9016,16630725,"vaibhav vyas","2026-08-06 10:56:52",174.9,2,vaibhavvyas0
9017,16635248,eosphor,"2026-08-01 09:46:59",174.6,2,eosphor
9018,16871895,"Sahil Raval","2026-09-15 10:57:48",174.6,1,sahilraval1311
9019,16773333,"Abdullah javed Javed","2026-09-05 03:13:57",174.4,2,abdullahjavedjaved
9020,16840189,"Sneha yadav","2026-09-18 04:04:52",174.4,2,sneha463
9021,16674390,yangluo1,"2026-08-08 01:31:08",174.2,2,yangluo1
9022,16752120,"Görkem Tuğ","2026-08-24 10:45:35",174.1,2,grkemtu
9023,16854169,"[Deleted] fe7af88d-d80f-4441-a8c5-3cca6b980e41","2026-09-09 12:41:02",174.1,2,del=0749851e202390c3
9024,16730745,"Aymerou Yaya Koné","2026-09-16 04:57:31",173.9,2,aymerouyayakon
9025,16677328,"Eng. Husnain","2026-08-08 13:13:23",173.8,2,enghusnain
9026,16681895,Akshar,"2026-08-07 06:16:19",173.5,2,aks0625
9027,16713002,"Adithya M","2026-08-13 15:42:17",173.5,2,adithya3907
9028,16743630,TRP,"2026-09-01 17:06:48",173.2,2,tejratanpaulrocky
9029,16656954,"Marwan Elmetwally","2026-08-04 05:56:29",172.8,2,marwanelmetwally
9030,16668406,"VAP RF5","2026-09-18 12:53:56",172.5,2,vaprf5
9031,16683903,Saju,"2026-08-17 11:31:45",172.5,1,sajutr
9032,16632111,"Arda Çiftçi","2026-08-04 20:03:37",172.0,2,ardaciftci
9033,16701106,moshito,"2026-08-10 14:13:58",171.7,2,"danamaulana123,moshito,naufaldhiaulhaq01"
9034,16672322,"khalil ur Rehman","2026-08-13 05:10:03",171.6,2,khalilurehman
9035,16715354,"Alyssa Clark","2026-08-14 02:52:26",171.6,2,a1yssaclark
9036,16671985,"vishal waghchaure","2026-08-07 09:25:36",171.5,2,vishalwaghchaure
9037,16785085,"THEEPAN S.S","2026-08-28 16:35:39",171.0,2,theepanss
9038,16658577,farmercode261,"2026-09-12 03:26:38",170.9,2,hifnikhakim
9039,16668018,"DAVID CHEW HL","2026-08-06 06:36:34",170.8,2,davidchewhl
9040,16713329,qrcodeTH,"2026-08-13 08:22:40",170.6,2,thanaphumsaywonin
9041,16832928,"Ilgar Gurbanov","2026-09-10 12:41:23",170.6,2,ilgargurbanov57
9042,16897043,"Suyog Dahal","2026-09-15 12:57:27",170.5,1,uzumakidahal
9043,16692568,"Muhammed Gulfam Toor","2026-08-13 19:04:32",170.5,2,gultoor
9044,16660978,"Maksym Khavil","2026-08-04 13:43:48",170.4,1,maksymkhavil
9045,16658440,"Gloria Lourelynn S","2026-08-04 15:16:09",170.1,1,glorialourelynn
9046,16664875,SaiSujitPunukollu,"2026-08-05 05:46:11",170.1,1,saisujitpunukollu
9047,16654098,"Mohd Zaki","2026-08-26 01:46:45",170.0,2,mdzaki08
9048,16776990,"Yash Kumar #2","2026-09-18 17:00:33",169.8,2,yashkumargunnersshot
9049,16670662,"Gina Lee","2026-08-11 22:45:21",169.7,2,ginaleegdm
9050,16670777,"Aman Yitbark","2026-08-13 05:43:27",169.5,1,amanyitbark
9051,16657227,"Anusha Marla","2026-08-04 07:05:53",169.5,2,anushamarla
9052,16752481,"Thanh Toan","2026-08-21 08:33:13",169.4,2,tonnglthnh
9053,16712562,"Sagar Singh","2026-08-17 09:28:26",169.4,2,acrejzz
9054,16784932,"Shefali Pradhan","2026-08-29 10:03:30",169.4,2,shefalipradhan
9055,16737641,"PATIL ATHARV VIJAYKUMAR","2026-09-07 05:35:17",169.3,2,"atharv095022,patilsarthakvilas,sonuretusharsuresh"
9056,16633003,"K Mukhiya ","2026-08-01 12:09:51",168.9,2,kmukhiya
9057,16669142,"Jaclyn Agee","2026-08-07 15:21:06",168.8,2,jaclynagee
9058,16784431,"Régis Meyssonnier","2026-08-28 14:47:27",168.8,1,rgismeyssonnier
9059,16632418,"Bretokce 3amich","2026-08-07 12:18:26",168.5,2,bretokce3amich
9060,16654124,"Aditya Kumar Singh","2026-08-05 09:57:29",168.5,2,adityq121608
9061,16757671,xxxxc47,"2026-08-22 08:25:52",168.4,1,xxxxc47
9062,16653462,"Ruchi Scott","2026-08-12 12:19:19",168.3,2,ruchiscott
9063,16656210,"Sanjay Suthraye","2026-08-04 14:55:13",168.1,2,sanjaysuthraye96
9064,16690112,"Ayush Tripathi","2026-08-17 09:03:03",168.0,2,ayushtripathi112
9065,16683577,"Ankush Kumar M","2026-08-07 13:19:05",167.9,2,ankushkumarm
9066,16623563,"Jocelyn Dumlao","2026-09-01 02:35:54",167.8,2,jocelyndumlao
9067,16712568,"Tanvi Dobariya","2026-08-14 17:39:52",167.8,1,tanvidobariya
9068,16657892,"Boonanan namna","2026-08-17 04:36:04",167.6,1,boonanannamna
9069,16654827,"ADITYA KUMAR MISHRA","2026-08-03 20:07:22",167.6,1,aditya1kumarmishra
9070,16793648,Sarda___,"2026-08-30 16:51:21",167.5,2,brainnotfound3
9071,16688165,"David @ Koantek","2026-08-25 23:53:17",167.4,2,artificialbrilliance
9072,16677403,bababoy,"2026-08-15 14:55:17",167.4,2,adrienrenard
9073,16660285,"Sawan Kohli","2026-08-06 13:11:44",167.4,2,sawankohli
9074,16697466,"hunain shahid","2026-08-11 06:12:38",167.4,2,hunainshahid230
9075,16799001,"Trịnh Quang Minh","2026-09-01 05:16:32",167.3,1,trnhquangminh140
9076,16697339,"Muhammad Safwan Ahmad Saffi","2026-08-15 00:28:21",167.3,2,safwanahmadsaffi
9077,16748453,LINJINYAN,"2026-09-06 14:25:23",167.3,2,linjinyan
9078,16658401,"Aryan Lonare","2026-08-04 09:55:47",167.0,2,aryandyalullonare
9079,16793392,"reda elkrouchni","2026-09-02 16:16:05",167.0,2,redaelkrouchni2
9080,16680858,"Harshul Gupta","2026-08-21 04:40:05",166.8,2,harshulgupta77
9081,16849230,"Md. Mahim Babu","2026-09-18 11:27:55",166.6,2,mdmahimbabu
9082,16676026,"Bedashree Swarupa Das","2026-08-06 14:14:21",166.4,1,ashokkumardasbedashr
9083,16795043,"SONU RAUT","2026-09-05 11:51:59",166.2,2,sonuraut
9084,16690188,Anurag,"2026-08-08 10:20:42",166.2,2,kumaranu2007
9085,16656164,"Justin Schomer","2026-08-09 09:05:59",166.1,2,fathersecurity
9086,16756875,"Meryem Kevser Keskin","2026-09-01 21:30:35",165.8,2,meryemkevserkeskin
9087,16750391,"Batuhan Yerebasmaz","2026-08-20 18:34:21",165.4,2,batuhanyerebasmaz
9088,16659271,Hamish,"2026-08-12 12:48:51",165.3,2,hamishdickson
9089,16662803,"Ashish Gawade","2026-08-04 19:11:19",165.1,2,ashishgawade
9090,16664586,"Owen Lim","2026-08-05 05:42:25",165.0,2,owenlim45
9091,16624973,"Mrunmayee Kulkarni","2026-07-31 06:16:46",164.7,1,kulmrun
9092,16756868,"Anisha Maurya","2026-09-05 19:29:41",164.6,2,anishamaurya
9093,16668495,Herisitraka,"2026-08-05 17:16:28",164.6,2,herisitraka
9094,16725990,"Parth Tomar","2026-08-24 12:35:45",164.5,2,parthtomar193
9095,16688288,"Ojo Oluwadamilare","2026-08-08 01:43:30",164.2,2,ojooluwadamilare
9096,16730380,"FOKRUL ISLAM LECTURER","2026-08-19 01:56:28",164.0,2,fokrulislamlecturer
9097,16724995,dice1494,"2026-08-16 08:51:34",163.8,1,dice1494
9098,16690195,"Manshi Shukla","2026-08-08 10:12:24",163.5,2,manshishukla
9099,16670462,"Talha Kayar","2026-08-15 15:24:03",163.3,2,talhakayar
9100,16686834,Kaabbil,"2026-08-09 16:14:49",163.0,2,"dr3aking,kaabbil"
9101,16654363,"NIKHIL YADAV","2026-08-17 21:20:32",162.8,2,nikhilyadav232223
9102,16893966,"Nguyễn Thái Duy","2026-09-15 08:12:14",162.1,1,nguyenthaiduytgu
9103,16662269,"KAMLESH KUMAR POKHARNA","2026-08-06 17:25:51",162.1,2,kamleshkumarpokharna
9104,16814946,"Bekama Regasa Negewo","2026-09-03 07:30:36",162.0,1,bekamaregasanegewo
9105,16794292,"Taylor Clark","2026-09-18 18:28:33",161.7,2,taylorclark637
9106,16904721,"Creeper Thánh","2026-09-16 06:35:52",161.7,1,creeperthnh
9107,16632458,"RAMAN BANSAL","2026-08-24 04:35:56",161.6,1,ramanbansal
9108,16777407,"Fahrur Rozzi","2026-08-26 23:01:52",161.5,1,frozzi18
9109,16654384,"Alladi Sai Kalyan Raman 24BCE1509","2026-08-30 09:33:11",161.3,2,alladisaikalyanraman
9110,16740144,Salmon,"2026-08-21 12:55:13",161.3,2,shin3110
9111,16780986,Azizbek,"2026-09-01 14:26:45",161.2,2,miracle88
9112,16707062,"G DOLANARASIMHA","2026-08-11 12:18:02",161.0,2,gdolanarasimha
9113,16625029,Hilarus,"2026-08-01 15:59:02",161.0,2,hilagbag
9114,16721941,"Rita Ohabuenyi","2026-08-14 12:57:37",161.0,2,ritaohabuenyi
9115,16671232,"sms tcil","2026-08-07 13:03:30",160.7,1,smstcil
9116,16714589,xinsu9898,"2026-08-16 22:26:49",160.6,1,xinsu9898
9117,16657344,"Ombayo fredrick","2026-08-04 14:04:04",160.4,2,ombayofredrick
9118,16667886,"Ubaid ur rehman 0345","2026-08-05 15:23:12",160.2,2,ubaidurrehman0345
9119,16772354,"Gleidistony Mendes","2026-09-18 12:01:25",160.0,2,gleidistonymendes
9120,16690433,"Amar Amar Gupta","2026-08-15 10:08:37",159.9,2,amaramargupta
9121,16657462,"CROP CODERS","2026-08-10 18:00:28",159.9,2,"dhanvanthraj,raghavan9944,shanmugam666,sitha2345,sumaiyahibrahim"
9122,16658635,"Deepak Kumar ","2026-08-05 02:38:29",159.5,2,deepak2026ml
9123,16657578,raushancoursework,"2026-08-05 06:54:51",159.0,1,raushancoursework
9124,16715896,新木,"2026-08-18 05:25:46",158.8,1,sunchief
9125,16633551,"Subarno Sen","2026-08-25 04:42:35",158.8,2,lordfiftyfive
9126,16662099,"The Algorithmist","2026-08-04 23:41:59",158.0,2,riyagheewala
9127,16718605,"صفاء عبد الرقيب","2026-09-06 19:27:10",157.8,2,bssgirl
9128,16641277,Zenieverse,"2026-08-30 05:09:04",157.8,2,zenieverse
9129,16629441,Sofia_Gilka,"2026-09-18 14:41:35",157.6,2,sofiagilka
9130,16722089,"Saidjon Ramazonov","2026-08-16 05:51:50",157.5,2,saidjonramazonov
9131,16629426,"Abdullah Qureshi","2026-07-31 10:00:44",157.5,2,abdullahqureshi120
9132,16666706,baijiachang,"2026-08-05 11:04:21",157.4,1,baijiachang
9133,16658189,"Zale John","2026-08-26 00:48:24",157.1,2,zalejohn
9134,16658969,"Yuri Maslov","2026-08-04 10:11:45",157.0,1,yurimaslov
9135,16663265,"Darlington Ayakazi","2026-08-04 20:26:08",157.0,1,darlingtonayakazi
9136,16921938,"Hikaru Kambe","2026-09-18 17:18:44",156.6,1,hikarukambe
9137,16640468,"Sohangkumar Patel","2026-08-26 15:00:44",156.6,2,samsamurai
9138,16662662,"Joaquim Jose1","2026-08-04 17:57:03",156.3,1,joaquimjose1
9139,16840168,"gratefully dumb","2026-09-09 16:11:57",155.9,1,gratefullydumb
9140,16723289,"Caio Saboia","2026-08-28 18:24:29",155.7,1,caiosaboia
9141,16723068,"Clara Lima Silva","2026-08-21 21:39:57",155.6,1,claralimasilva
9142,16875898,"Sai Krishna Pakkir","2026-09-11 17:30:49",155.5,2,saikrishnapakkir
9143,16661500,"yagnit sutariya","2026-08-04 15:34:39",155.4,1,yagnitsutariya
9144,16667968,ChronosData,"2026-08-18 14:25:43",155.4,2,codex5843
9145,16861721,"SJ Gamsyy","2026-09-11 09:40:23",155.4,2,sjgamsyy
9146,16667231,bettsy,"2026-08-05 12:12:35",155.2,2,bettsy
9147,16662557,"Naman Sudershan","2026-08-05 13:21:08",154.9,2,namansudershan
9148,16802348,Shergill_17,"2026-09-01 11:17:15",154.9,2,shergill17
9149,16679979,Pranav6657,"2026-08-07 02:40:48",154.2,1,pranav6657
9150,16661447,"Sibel Özbek","2026-08-04 20:50:27",154.1,1,sibelzbek
9151,16705360,Elahi,"2026-08-18 05:49:00",153.9,2,mmelahi
9152,16658898,"SRI shiva","2026-09-16 04:42:25",153.7,2,srishiva
9153,16778908,"PATIL ADITYA PANDURANG","2026-09-01 17:34:33",153.7,1,"jagdalepranavsagar,patiladityapandurang,pavankadam7005"
9154,16739102,"Mithulya Kumarapeli","2026-08-30 03:53:39",153.7,1,sandalim
9155,16729010,"karan sankhe","2026-08-16 15:15:45",153.7,2,karansankhe1356
9156,16701997,zran1t,"2026-08-15 14:10:18",153.0,2,zran1t
9157,16677081,"Brandon Gaston","2026-08-12 23:49:58",153.0,1,mushmon
9158,16658522,"Amna khanii23","2026-08-07 05:15:47",152.8,2,amnakhanii23
9159,16630041,"Devi prashad tripathi","2026-08-03 17:56:58",152.7,1,deviprashadtripathi
9160,16864193,"[Deleted] b3063c6b-024a-4ece-902e-6edde232fe9f","2026-09-10 06:27:50",152.5,2,del=d26e59586a26ce18
9161,16690199,"Lavkush Yadav","2026-08-08 10:20:55",152.0,1,lavkushyadavcse
9162,16637099,tobhull,"2026-09-09 01:58:40",151.6,2,tobhull
9163,16713896,"Quantum Fusion","2026-08-14 12:12:34",151.6,1,gugurobotics
9164,16807010,cjsrudals,"2026-09-13 08:33:47",151.0,2,cjsrudals
9165,16658362,MHaurel,"2026-08-09 15:32:45",150.8,1,hetax17
9166,16659036,"Mohammed Kaif","2026-08-04 10:41:22",150.3,2,mkaif001
9167,16634761,"CHARHBILI Moad","2026-08-07 13:44:23",150.2,1,charhbilimoad
9168,16697143,"Jeisa Mathew","2026-09-06 13:04:00",150.0,2,jeisamathew
9169,16775493,"JOE DEVA JERRY D ","2026-08-26 15:41:55",149.8,1,joedevajerryd
9170,16730922,"Shengyuan Yin","2026-09-13 08:07:37",149.6,2,flaming0
9171,16843225,"Tobenna Okeke","2026-09-06 12:09:22",148.7,2,tobezzi
9172,16691729,"ADOLF FAUSTINE","2026-08-18 02:42:39",148.4,2,adolffaustine
9173,16697716,ZEO,"2026-08-09 19:43:41",147.8,1,anuppatil29
9174,16662083,ihabkaggle,"2026-08-07 00:42:33",147.7,2,ihabkaggle
9175,16680419,"Tech Changer","2026-08-17 12:31:58",147.3,1,johnbibin
9176,16756344,"Pasindu Perera","2026-08-21 19:21:11",146.6,1,amavinperera
9177,16659062,"MOHAMMAD SUBHAN PASHA","2026-08-17 07:14:09",146.4,1,mohammadsubhanpasha
9178,16789570,wyananwyanan,"2026-09-16 03:05:19",146.4,2,wyananwyanan
9179,16785398,"Vitória Freitas","2026-08-28 20:07:12",145.8,1,vitoriafreitas13
9180,16662859,"Mohamed Zahran","2026-08-05 04:41:56",145.6,1,zrnking2012
9181,16687620,Goktug1,"2026-09-18 18:47:26",144.7,2,goktug1
9182,16729148,"Marco M","2026-08-16 22:51:36",144.4,1,marcoms1000
9183,16884753,God111,"2026-09-13 05:22:00",144.3,1,god111
9184,16756887,"Rushika S","2026-09-13 12:26:14",144.0,1,rushikas
9185,16662334,"Andres Beltran","2026-08-04 22:58:11",143.7,2,andresbeltran05
9186,16886344,Weiiyangkang,"2026-09-18 13:17:17",143.4,1,weiiyangkang
9187,16674774,"Dine ALASSANE","2026-08-07 05:53:28",142.5,2,dinealassane
9188,16858886,twispur,"2026-09-09 07:38:09",142.2,1,twispur
9189,16737040,"Joseph Djian","2026-09-09 10:30:17",142.0,2,djian55
9190,16686902,"Aaditya Jain","2026-09-14 06:22:21",141.7,2,aadityajain2312
9191,16748612,"Priyadharshini B","2026-08-24 12:06:18",141.4,1,priyadh29
9192,16662142,"Adnan Khan","2026-08-30 06:22:52",141.0,2,iamadnankhan313
9193,16661969,"Raja T","2026-09-18 14:59:47",140.8,2,rajathiagaraj
9194,16777666,Lithops1112,"2026-09-05 08:20:21",140.6,2,lithops1112
9195,16766274,"Satwato Dey","2026-09-18 16:43:06",140.2,2,satwato
9196,16841612,"Jordan #2","2026-09-10 16:51:25",140.1,2,jordantay
9197,16756264,query_stop,"2026-08-27 00:24:14",140.0,2,jaared
9198,16707146,kaganou,"2026-08-11 13:19:53",139.7,1,kaganou
9199,16847667,"Tushar Barman","2026-09-12 20:30:34",139.5,2,tusharbarman
9200,16754111,"Kalpana Patki","2026-08-22 16:05:10",139.3,1,kalpanapatki
9201,16827437,kaedehs33-max,"2026-09-08 03:06:50",138.8,1,kaedehs33max
9202,16705490,"KASTHURI DEVI M","2026-08-13 10:42:42",138.3,2,kasthuridevim
9203,16914127,"Aditya Jha","2026-09-18 06:49:35",138.0,2,theadijha
9204,16662714,"Amilcar Rodriguez","2026-09-01 04:22:39",137.8,2,amilcarskt
9205,16662230,"Angus Mc Gregor","2026-08-13 21:25:46",137.1,2,angusmcgregor
9206,16669311,Schoki,"2026-08-17 22:26:49",136.8,2,jensdnisch
9207,16738778,"DILIP BAVISKAR","2026-09-13 09:12:49",136.7,2,dilipbdilipb
9208,16883962,"Ilakk manoharan","2026-09-18 17:00:57",135.8,2,ilakkmanoharan
9209,16770924,rohit,"2026-09-12 05:08:35",134.5,2,rohitsrinivasan31
9210,16771841,"Panagiotis Alimisis","2026-09-14 19:04:58",134.1,2,palimisis6
9211,16868591,"Lucas A. Rizzieri","2026-09-11 00:22:41",133.8,2,lucasarizzieri
9212,16727876,"Harrison Wachira","2026-08-16 08:50:03",133.7,1,harrisonwachira254
9213,16621565,"salih chindo","2026-08-12 19:45:58",133.6,1,salihchindo
9214,16731986,Vugar3,"2026-08-17 10:51:29",133.1,2,vuqarxudvrdyev001342
9215,16671827,"Shourya Gupta","2026-09-18 05:50:22",131.6,2,siriuspotter
9216,16662123,hannhu40022,"2026-08-04 18:45:07",131.6,2,hannhu40022
9217,16775483,"Parv Malav","2026-08-26 16:20:27",130.6,2,parvmalav
9218,16670547,"Maduako Prince","2026-08-05 22:53:03",130.1,2,maduakoprince
9219,16755329,SBedrosian123@,"2026-08-21 15:07:41",129.6,1,sbedrosian123
9220,16712406,"L Sangeetha","2026-08-18 01:56:24",128.7,2,lsangeetha
9221,16713435,"Visruti Patidar","2026-08-16 11:18:23",128.5,2,visrutipatidar
9222,16654556,anjipoo,"2026-08-05 15:33:04",127.8,2,anjana0812
9223,16716402,"Shashvat Singham","2026-08-13 10:56:39",127.2,1,shashvatsingham
9224,16621770,"Rudraksh Zodage","2026-07-30 20:07:49",127.1,2,rudrakshzodage
9225,16640323,"KOUSHIK KUMAR DINDA","2026-08-29 01:55:31",126.8,2,koushikkumardinda
9226,16717094,"[Deleted] 3efc3b54-b875-4c05-8e11-1214498e2853","2026-08-13 12:30:26",126.5,1,del=386289f87b91311f
9227,16659871,"Abel Kpoton","2026-08-04 20:41:20",126.4,2,abelkpoton
9228,16681056,"Aryan Jhingan","2026-08-11 18:53:48",126.2,2,aryanjhingan
9229,16653934,"Ayomide Abdulrahmon","2026-08-03 19:22:32",125.9,2,ayomideabdulrahmon
9230,16656643,"Willetta Dettore","2026-08-05 15:33:52",125.7,2,willettadettore
9231,16690499,SuperAI@2615,"2026-08-11 16:42:48",125.5,2,superai2615
9232,16659840,"Dasari Giri Gabrelu","2026-08-05 13:41:11",125.4,2,giridasari
9233,16680165,"Radwa ALkalifa","2026-08-23 08:39:37",124.6,2,radwahamada
9234,16656235,"Zain Ul Abideen Samo","2026-08-06 15:22:02",123.8,2,zainulabideensamo
9235,16636855,"Wynn Koo","2026-08-01 14:03:04",123.7,1,yongfenggg
9236,16793536,yukko08,"2026-09-14 16:37:04",123.4,1,yukko08
9237,16872073,"Positive Quark","2026-09-18 13:51:27",122.9,2,quarkliu
9238,16656815,"Atharva S. Naladkar","2026-08-06 06:46:40",122.3,2,atharvasnaladkar
9239,16658297,"Charishma Pillapalem","2026-08-11 12:46:56",122.3,2,charishmapillapalem
9240,16659041,"uma mahesh23","2026-08-04 11:50:03",122.0,2,umamahesh23
9241,16683220,Kongali,"2026-08-10 01:24:37",121.8,2,kongali
9242,16674328,daniel,"2026-08-06 09:34:23",121.2,1,dkamgamegasoft
9243,16668691,BeltusTebid,"2026-08-05 16:01:45",121.0,1,beltustebid
9244,16913975,"Tom Dooley","2026-09-17 11:48:20",120.7,2,tomdooley123
9245,16661098,"Muhammad aufa azmi","2026-08-04 15:18:35",120.1,2,muhammadaufaazmi
9246,16794281,"adilio freitas","2026-08-30 22:25:36",119.6,1,adiliofreitas
9247,16674977,BarbateP,"2026-09-18 14:12:32",119.5,2,barbatep
9248,16623660,"Taylor S. Amarel","2026-07-31 23:36:48",119.4,1,taylorsamarel
9249,16898267,Tannybro,"2026-09-18 14:45:15",118.9,2,tannybro
9250,16662547,"hiteshsinh solanki","2026-08-05 07:59:16",118.5,2,hiteshsinhsolanki2
9251,16765566,DIYANSH_JAIN7,"2026-09-03 10:56:38",117.6,1,diyanshjain7
9252,16725070,"Mehak Iftikhar","2026-08-15 13:21:30",117.1,2,mehakiftikhar
9253,16659097,noril09,"2026-08-04 11:56:35",117.1,2,noril09
9254,16657486,"Turhan TAS","2026-08-10 09:21:40",116.9,1,turhantas
9255,16662455,"Nenavath Shashi","2026-08-04 18:04:52",116.7,2,nenavathshashi
9256,16679847,"Julio Contreras","2026-08-21 20:29:09",116.3,2,juliocontreras
9257,16841368,lware5829,"2026-09-05 20:57:52",116.0,1,lware5829
9258,16626218,"Srishti Gauraha","2026-08-08 05:40:23",115.7,1,srishtigauraha
9259,16662809,"Chukwu Excellent","2026-08-08 22:06:34",115.1,2,chukwuexcellent
9260,16723091,"Naiely Silva","2026-08-28 00:53:34",115.0,1,naielysilva
9261,16743822,Surya,"2026-08-19 16:21:21",114.4,1,suryapandian
9262,16659308,Attaerabi,"2026-08-05 07:52:52",113.5,2,attaerabi
9263,16662295,"benja cooper","2026-08-04 17:41:28",113.4,2,benjacooper
9264,16676977,"Akash Babu","2026-09-04 06:45:03",113.1,2,akashbabu17
9265,16707468,"SBJ 2205","2026-08-12 09:59:33",112.7,1,sbj2205
9266,16719809,"Milanto FR","2026-08-14 05:37:48",112.3,2,milantofr
9267,16735064,"Harshada Thorat 129","2026-08-18 03:58:34",111.9,1,harshadathorat129
9268,16626159,"Cảnh Đinh Tiến","2026-08-02 09:17:36",110.2,2,tourist110406
9269,16762458,"Promise Matorofa","2026-08-24 10:00:04",109.9,2,promisematorofa
9270,16661160,"Roobhasridevi P","2026-08-04 14:31:22",109.6,1,roobhasridevi
9271,16654509,"Shruti Kondabathula","2026-08-07 18:17:56",109.6,2,shrutikondabathula
9272,16633511,"joshan gladston","2026-08-01 01:19:57",109.6,2,joshangladston
9273,16658695,"Muskan Zahid","2026-08-04 14:14:02",109.2,2,artificial52
9274,16660342,"Adapa Gopireddy","2026-08-04 12:49:43",109.0,1,adapagopireddy
9275,16731873,"Abhishek Singh Solanki","2026-08-19 07:24:47",108.5,1,realabhi5hek
9276,16657303,"Tejas Tiwari","2026-08-04 07:32:17",108.2,1,tejaat
9277,16670552,"Harsh Chaudhary ml","2026-08-05 22:16:25",107.0,1,harshchaudharyml
9278,16886704,"mohammed alshokry","2026-09-15 14:06:43",107.0,2,mohammedalshokry
9279,16659582,"Srikanth Adivanna","2026-08-04 11:25:45",106.6,1,srikanthadivanna
9280,16656685,"Shravani Hibare","2026-08-05 10:15:36",105.5,2,shrahib4725
9281,16670368,"Gary Gitton","2026-08-19 17:03:04",104.7,2,garygitton
9282,16726311,"Prince Diwakar","2026-08-16 12:55:18",104.4,2,princediwaker
9283,16657561,Roshdibenrojo83,"2026-08-04 07:19:05",104.4,2,roshdibenrojo83
9284,16746655,"Charan Reddy321","2026-08-25 06:27:38",103.7,1,charanreddy321
9285,16677441,"ERREGUI YOUSSEF","2026-08-06 18:02:39",101.8,2,erreguiyoussef
9286,16912163,"Umar Tabbsum","2026-09-17 14:36:46",101.4,2,umartabbsum
9287,16798631,dzlabs,"2026-09-01 09:57:10",101.4,2,dzlabs
9288,16848578,"Tuấn Anh","2026-09-09 04:28:16",101.2,2,tuananhdata
9289,16641109,zzgtylors,"2026-08-06 06:21:50",100.2,2,zzgtylors
9290,16730854,src,"2026-09-14 06:56:17",99.1,2,skthtu
9291,16665079,"Maguluri Keerthi","2026-08-05 06:16:03",98.1,2,magulurikeerthi
9292,16654559,"Kerem Ali AVCIOĞLU","2026-08-03 19:28:49",97.5,2,keremaliavciolu
9293,16691542,Tushar_SVC,"2026-08-11 04:12:09",97.2,2,tusharsvc
9294,16660340,"pawan sondhiya","2026-08-07 06:22:38",96.8,2,pawansondhiya
9295,16743241,"Adhvaith KS","2026-09-02 14:30:35",96.4,1,adhvaithks
9296,16658666,"VMax Agents","2026-08-04 10:57:49",95.5,1,"akhiildheep,mithun5353"
9297,16744618,"Roberth Douglas UFC","2026-08-27 16:33:10",95.3,2,roberthdouglasufc
9298,16658299,"Bakar Prabowo!","2026-09-05 08:14:32",95.3,2,"galihrattn,kingki19,ranggacarkawan"
9299,16621519,Ᏸ𐍂Ꭷ,"2026-07-30 17:30:30",94.9,2,dheerajkannaujiya
9300,16663161,"Pial Mahmud","2026-08-17 10:38:21",93.1,2,pialgroup
9301,16731142,yshinok,"2026-09-16 23:32:47",92.5,2,yukishinohara0114
9302,16848280,"Oladipupo Olapoju","2026-09-08 00:24:32",91.3,2,pupoolapoju
9303,16656485,stunningvn,"2026-09-08 07:40:44",88.7,2,dedquoc
9304,16803074,"fumihito mori","2026-09-01 14:00:16",88.1,1,fumihitomori
9305,16659451,anero98,"2026-08-22 20:47:29",88.0,2,anero98
9306,16656240,"SACHIN KUMAR","2026-08-10 03:13:24",87.3,2,sackm123
9307,16735323,"Souvik Routh","2026-08-18 04:30:21",87.0,1,souvikrouth
9308,16662243,"Cepeda Braxton","2026-08-04 19:31:54",86.3,2,cepedabraxton
9309,16666273,"Wondu Zerihun","2026-09-08 07:55:57",85.9,2,zerihun369
9310,16714335,"Jake Mordan","2026-09-06 22:35:04",85.7,1,jakemordan
9311,16623953,"Denuwan Wijesinghe","2026-08-01 07:57:04",85.2,2,denuwanwijesinghe
9312,16667489,"Cornol Lieto","2026-08-05 12:31:14",84.8,1,lietocornol
9313,16857111,tfcygv,"2026-09-09 00:09:00",84.0,2,tfcygv
9314,16780057,"Njabulo Hope Makana","2026-09-18 15:46:55",82.9,2,njabulohopemakana
9315,16700316,"Pranav Waghmare","2026-08-11 16:29:05",82.6,1,waghmarepranav6
9316,16666836,"Emir Ayvaz","2026-08-07 05:57:00",82.0,2,emirayvaz
9317,16867026,"Aashish Bagmar","2026-09-11 05:14:45",81.6,2,aashishbagmar
9318,16769234,"Akshar #2","2026-09-03 09:38:13",80.3,2,aksharzala
9319,16678283,"Ajinkya Digurkar","2026-08-21 10:56:03",80.1,2,"ajinkyadigurkar,sakshiagrawal8818"
9320,16661419,"Shivansh Soni","2026-08-04 15:08:01",80.1,2,shivanshsonii
9321,16623094,"Claudia Arias Gonzalez","2026-09-17 20:44:44",79.7,2,claudiaariasgonzalez
9322,16808545,"Qinyong Wang","2026-09-02 11:53:03",79.1,2,magicwqy
9323,16654711,"Rupam Bhattacharjee1","2026-08-14 16:43:07",78.3,1,rupambhattacharjee1
9324,16663277,"Mariana Mejía","2026-08-24 23:58:54",78.2,2,marianameja
9325,16693819,"Hossein Shad Manaman","2026-08-12 03:14:58",77.6,2,hosseinshadmanaman
9326,16736939,"Flandre 29","2026-08-26 08:23:01",77.0,2,flandre29
9327,16663897,jayaBhavagan,"2026-08-05 19:34:36",76.7,1,jayabhavagan
9328,16789546,"lsm jii","2026-08-29 08:48:51",76.2,2,lsmjii
9329,16858278,"Sukma Ramadhan A","2026-09-12 13:22:49",76.1,2,sukmaramadhana
9330,16665345,saurabh10june,"2026-08-05 11:53:47",75.3,2,saurabh10june
9331,16659675,"M.Athallah Rafif Aldera","2026-08-06 12:40:14",74.2,2,mathallahrafifaldera
9332,16669346,"Jalpesh Vasa","2026-09-17 19:32:59",74.2,2,"deep1812,jalpeshvasa"
9333,16656777,"Salam Alqerem","2026-08-31 10:59:33",74.0,2,salamalqerem
9334,16667773,ShashankJha,"2026-08-11 15:41:47",73.6,2,shankinfy
9335,16728931,Sathwik2006,"2026-08-16 14:25:36",72.6,2,sathwik2006
9336,16794173,"Kamran Arshad","2026-08-31 07:19:49",72.5,2,kamranarshad
9337,16798974,huangbin,"2026-09-17 23:59:27",71.8,2,huangbin1
9338,16657055,RedKiwi,"2026-08-05 05:57:34",71.3,2,tnmthai
9339,16663406,"Elshan Kazim","2026-08-16 08:38:43",71.2,1,elsnkazm
9340,16655748,revathip,"2026-08-06 06:00:14",71.1,2,revathiprakash
9341,16633018,purelilyth,"2026-08-20 19:43:09",70.9,2,purelilyth
9342,16881964,"Vipeen Kumar","2026-09-16 13:58:16",69.8,2,vipeen
9343,16867360,kagg24293,"2026-09-11 08:19:36",68.6,2,kagg24293
9344,16668599,"Hafsa Anwaar","2026-08-05 17:43:21",67.7,2,hafsaanwaar
9345,16730708,ysakuragi,"2026-08-19 01:30:12",66.5,1,ysakuragi
9346,16666072,Abinash,"2026-08-05 15:07:52",66.4,2,abinashsinha1726
9347,16735237,"YASH CHIMAN","2026-08-18 04:20:24",64.2,1,yashchiman
9348,16785477,"ASHMIL P URK25CS7129","2026-08-28 18:26:11",63.9,1,ashmilpurk25cs7129
9349,16710773,Openaiskrip,"2026-08-12 07:54:38",63.7,2,openaiskrip
9350,16846758,"Harish More","2026-09-07 07:44:25",62.9,2,harishmore812
9351,16680428,"Surabhi veda","2026-08-07 01:49:35",62.9,1,surabhiveda
9352,16785053,"Rinosh Bethala","2026-08-28 17:52:26",61.8,1,rinoshbethala
9353,16660886,"Dr.Eldirdiri Fadol ","2026-08-05 05:30:48",61.6,2,dreldirdirifadol
9354,16904320,"Flying Duck","2026-09-17 04:24:31",60.6,2,dreame1
9355,16707646,ppssbb09,"2026-09-17 13:40:43",59.8,1,ppssbb09
9356,16658100,"Nanda Riansyah","2026-08-04 08:55:54",59.7,2,nandariansyah
9357,16661711,"Wild Star217","2026-08-30 18:00:18",57.8,2,wildstar217
9358,16761521,"Artificial Silicon","2026-08-29 10:17:46",57.2,1,artificialsilicon
9359,16698958,"Shanjaya SK","2026-08-28 15:25:11",55.7,1,"payuu03,shanjayask"
9360,16667339,"Victor Chege","2026-09-01 13:56:51",54.1,2,victorchege0
9361,16654087,Gabriela_Fernandes4,"2026-08-04 19:12:33",54.0,1,gabrielafernandes4
9362,16698953,Locked_in_hell,"2026-08-13 18:31:55",52.0,2,stealthknight
9363,16761007,"Pankaj Nakhat","2026-08-23 11:48:21",50.5,2,pankajnakhat
9364,16716562,"Ananya Maurya","2026-08-13 10:01:25",50.1,2,ananyamaurya
9365,16835282,nico23t,"2026-09-07 14:18:22",48.8,2,nico23t
9366,16714192,"Nishanth Palugula","2026-08-14 06:51:09",47.9,2,nishanthpalugula
9367,16640594,Win2207,"2026-08-07 12:05:07",47.5,2,win2207
9368,16780027,rotto,"2026-09-01 13:18:33",45.7,2,pirotototo4023
9369,16675209,lavica,"2026-08-11 13:23:03",45.4,2,lavica
9370,16660161,"Antimo Carlino","2026-09-08 19:09:46",44.6,2,antimocarlino
9371,16644474,"Vihaan Ahluwalia","2026-08-05 13:16:21",44.1,2,vihaanahluwalia
9372,16770096,Program,"2026-09-14 11:35:12",42.9,2,panagiotapanora
9373,16679410,"Leke Glean","2026-08-07 17:29:04",41.1,2,lekeglean
9374,16705637,"Vedant Ghodekar","2026-08-11 05:28:57",40.2,1,vedantghodekar
9375,16673372,"Hadyan Adira","2026-08-14 03:16:30",39.2,2,hadyanadira
9376,16731524,"Tsyrenov Mergen","2026-08-17 09:42:39",38.0,1,tsyrenovmergen
9377,16684847,"M.Harshavardhan Raju","2026-08-09 16:15:49",37.6,2,mharshavardhanraju
9378,16784650,LukasM1,"2026-08-28 14:15:24",36.8,1,lukasm1
9379,16723050,"Ítalo Albuquerque","2026-09-11 18:32:23",35.0,2,taloalbuquerque
9380,16839644,Mikhail,"2026-09-06 06:52:57",34.9,1,mih2501py
9381,16716079,shaurya_pandey@19,"2026-08-13 09:27:49",34.5,2,shauryapandey19
9382,16624064,"Hemant Ahlawat","2026-07-31 15:52:56",31.6,2,happyahlawat
9383,16644519,"Shambhu Shekhar Sinha","2026-08-12 18:55:43",30.5,2,shambhushekharsinha
9384,16675819,RohitS001,"2026-08-11 18:05:54",30.5,2,rohits001
9385,16719441,Gatranova,"2026-08-14 04:11:54",30.3,2,rafiabiyyuairlangga
9386,16665139,"Siddharaj Kulkarni","2026-08-16 05:23:21",29.6,2,siddharajkulkarni
9387,16720136,"Roaring Cotton","2026-09-15 20:07:58",29.0,2,daviddavidelijah
9388,16633932,omikbop,"2026-08-02 12:36:52",28.8,2,omikbop
9389,16667959,"Fourth Quadrant","2026-09-17 05:51:24",25.3,2,flynnfei
9390,16633250,Myst19,"2026-08-03 13:25:15",24.6,2,jakeschweikhart
9391,16792786,"Fusion Flux","2026-09-07 06:29:03",23.6,1,mithilleshkumar
9392,16662721,"Manish Sharma","2026-08-12 17:44:16",23.0,2,themihirsharma
9393,16654026,"joju shaji","2026-08-09 16:36:43",20.9,2,jojushaji
9394,16771156,"Ronald Ayamba","2026-08-25 19:16:26",20.7,1,ronaldayamba
9395,16656753,"TAMAL SINGHA ROY","2026-08-05 07:57:48",20.1,2,tamalsingharoy
9396,16721501,αίνιγμα,"2026-09-17 15:57:56",19.4,2,"muditnagori09,shahidnadaf001"
9397,16687628,ruchit,"2026-08-28 11:22:16",18.5,1,ruchitkhade
9398,16696104,"Harshit Meesari","2026-08-09 14:31:00",16.7,1,harshitmeesari
9399,16868098,"Arya Patil","2026-09-11 08:00:49",15.3,1,shutterstack
9400,16708290,"Hrishikesh Thakare","2026-08-12 14:45:08",14.5,1,hrishikeshthakare
9401,16676428,wayzhengong27,"2026-08-08 06:34:59",13.4,2,"kkkuek,wayzhengong27"
9402,16632413,"Varun Patil","2026-07-31 18:41:34",12.5,1,varunpatil262005
9403,16852322,"Harshit Varma45","2026-09-08 03:54:30",12.2,1,harshitvarma45
9404,16662922,BrandonDucar,"2026-09-12 23:12:40",7.7,2,brandonducar
9405,16658745,"Shabby farms 2.0","2026-08-16 03:10:28",5.4,2,rahulk5418
9406,16669011,"Siddiqui Rehan Ahmed Furqan","2026-08-07 05:24:38",4.0,2,siddiquirehanahmed
9407,16673732,"Async Null","2026-08-06 16:55:26",3.6,1,asyncnull
9408,16661152,"Dr.Abdulbaset Musleh","2026-08-19 20:09:26",2.4,2,drabdulbasetaledresi
9409,16809774,farmci,"2026-09-02 16:59:50",1.3,1,ermismel
9410,16721495,"404 Crop Not Found","2026-09-01 08:45:29",0.1,2,"aiprojector,boazx15"
9411,16778494,"Agda Niya","2026-08-28 06:43:07",-0.5,2,agdaniya
9412,16755807,PokeTrader,"2026-09-16 16:52:46",-2.4,2,poketrader
9413,16721567,"Neeraj Sharma","2026-09-04 07:21:50",-4.4,1,neerajsharma897
9414,16659501,Duckey,"2026-08-04 13:02:16",-6.4,2,bokangletsapo
9415,16689555,"kelvin waruingi","2026-08-09 22:45:23",-6.8,2,kelvinwaruingi
9416,16732320,"Malik Muhammad Arbaz","2026-08-18 13:05:51",-11.2,1,malikmuhammadarbaz
9417,16657568,"Manpreet Singh","2026-08-08 13:45:41",-12.4,2,manpreet1994
9418,16674526,"Imdadul hasan hamim","2026-08-13 07:32:37",-18.9,1,imdadulhasanhamim
9419,16780318,"Piyush Darinda","2026-08-27 17:28:07",-21.3,2,piyushdarinda
9420,16664822,"Prateek Singh","2026-08-05 05:30:22",-21.7,2,pra73ek
9421,16654404,"Madhan Sidmal","2026-08-11 21:28:45",-22.3,2,madhansidmal
9422,16679250,srskat,"2026-08-16 08:26:30",-30.1,2,srskat
9423,16811344,"Vineeth Nannuri","2026-09-10 05:19:07",-32.1,2,vineethnannuri
9424,16891699,Sriram102,"2026-09-15 04:49:02",-32.4,1,sriram102
9425,16790678,Pujolaras,"2026-09-03 14:45:14",-33.8,1,pujolaras
9426,16644439," علي ساجد","2026-08-02 21:40:07",-34.1,2,jdvdjdv97171ushd
9427,16624666,"Avik Das","2026-08-21 08:57:10",-34.3,2,avikdas567
9428,16731488,"James Kimani","2026-08-27 13:18:20",-38.9,1,jaykim122
9429,16659057,"Jolvin James","2026-08-07 08:04:22",-39.7,2,jolvinjames
9430,16676890,luciferingstar256,"2026-08-20 15:40:55",-42.3,1,luciferingstar256
9431,16689681,"Prakash Rajan","2026-08-09 16:37:56",-43.5,2,prakashai
9432,16792531,"subash jayakumar","2026-08-30 20:14:56",-44.3,2,subashjayakumar
9433,16735078,"SUDHANSHU PATIL","2026-08-18 04:37:33",-48.3,2,sudhanshupatil10
9434,16622991,"Fedor Grigorev","2026-08-27 15:30:57",-57.0,1,fedorgrigorev
9435,16629006,ymym_tymblack,"2026-08-22 09:44:39",-57.9,2,ymymtymblack
9436,16758417,AthulJenson,"2026-08-22 14:21:26",-58.0,1,athuljenson
9437,16805234,Ryuzaki2325,"2026-09-01 19:44:54",-61.5,1,ryuzaki2325
9438,16755427,"Daksh Jain","2026-08-21 15:18:57",-63.6,1,dakshu081
9439,16663728,"Al'Humairah Ali","2026-08-10 17:28:01",-66.9,1,alhumairahali
9440,16709661,sapphirey,"2026-09-07 11:21:05",-75.0,2,sapphirey
9441,16683041,Abhishektyagi649,"2026-08-07 08:37:09",-79.3,2,abhishektyagi649
9442,16713011,"Tasmayu Swain","2026-08-14 15:49:35",-80.0,1,tasmayuswain
9443,16657035,"Christvin Mathew","2026-08-04 08:55:56",-97.8,2,christvinmathew
9444,16681125,"M & M & P & Q","2026-09-17 00:24:47",-100.0,2,"morimo,msd0110,piiiiiiiii,qistripute"
9445,16731829,"Alexandra Tricia","2026-08-19 07:03:33",-100.1,2,alexandratricia
9446,16685888,LeulYT,"2026-08-10 05:35:44",-106.1,2,leulyt
9447,16808566,"contemporary dance","2026-09-02 22:44:14",-113.3,2,shigeria
9448,16675801,"Neeraj Jha","2026-08-06 13:43:18",-115.7,1,neerajjha1996
9449,16885774,"Adama Savadogo","2026-09-14 17:34:16",-115.8,2,adamasavadogo
9450,16885473,Razazazazaza,"2026-09-15 13:23:00",-116.5,2,razazazazaza
9451,16719181,SaltyCode,"2026-08-16 04:56:22",-149.8,1,saltycode
9452,16889642,"calvin Grimm","2026-09-14 06:15:04",-172.2,1,calvingrimm
9453,16695221,"Muhammad Daud Abbas","2026-08-12 20:04:32",-175.2,2,muhammaddaudabbas
9454,16794008,HyperPlanz,"2026-08-31 13:08:38",-179.4,2,domiandr000
9455,16724138,"Tuna Xiao","2026-09-07 15:05:12",-179.6,1,tunaxiao
9456,16660261,"YO_ONE CHAUHAN","2026-08-08 23:49:54",-182.7,2,yoonechauhan
9457,16668701,"Nihal Jamadar","2026-08-09 04:28:26",-185.7,2,nihaljamadar313
9458,16717416,"Timofey Kalyak","2026-08-20 07:04:06",-189.1,1,timofeytweaky
9459,16692837,"Sai Uttam Gite","2026-08-09 11:36:32",-191.1,1,saiuttamgite
9460,16659864,"Twin Titans","2026-08-08 07:50:33",-191.9,2,"sivahokage,solaisararaju"
9461,16659881,SantosR,"2026-09-08 14:27:04",-192.7,2,santosr
9462,16665495,"sai chand Boppudi","2026-08-07 04:19:58",-198.3,2,saichandboppudi
9463,16728276,"ROHAAN ASIF","2026-08-16 11:20:59",-203.8,2,ordinarydev007
